game_id,game_title,release_year,queer_content_start_year,archive_url,archive_status,source_list_position,notes,last_reviewed
1,Questprobe Featuring Spider-Man,1984,1984,https://lgbtqgamearchive.com/2018/06/21/lgbtq-characters-in-marvel-universe-video-games/,researched,1,,2026-08-22
2,Mad Party Fucker,1985,1985,https://lgbtqgamearchive.com/games/games-by-decade/1980s/mad-party-fucker/,researched,2,,2026-08-22
3,Super Mario Bros,1985,1985,https://lgbtqgamearchive.com/games/game-series/super-mario-bros/,researched,3,,2026-08-22
4,The Rocky Horror Picture Show,1985,1985,https://lgbtqgamearchive.com/games/games-by-decade/1980s/richard-obriens-the-rocky-horror-show/,researched,4,,2026-08-22
5,Leather Goddesses of Phobos,1986,1986,https://lgbtqgamearchive.com/games/games-by-decade/1980s/leather-goddesses-of-phobos/,researched,5,,2026-08-22
6,Metroid,1986,1986,https://lgbtqgamearchive.com/games/games-by-decade/1980s/metroid-prime/,researched,6,,2026-08-22
7,Moonmist,1986,1986,https://lgbtqgamearchive.com/games/games-by-decade/1980s/moonmist/,researched,7,,2026-08-22
8,The Legend of Zelda,1986,1986,https://lgbtqgamearchive.com/games/game-series/the-legend-of-zelda-series/,researched,8,,2026-08-22
9,Leisure Suit Larry in the Land of the Lounge Lizards,1987,1987,https://lgbtqgamearchive.com/games/game-series/leisure-suit-larry/,researched,9,,2026-08-22
10,Mike Tyson’s Punch-Out!,1987,1987,https://lgbtqgamearchive.com/games/games-by-decade/1980s/mike-tyson-punch-out/,researched,10,,2026-08-22
11,Street Fighter,1987,1987,https://lgbtqgamearchive.com/games/game-series/street-fighter/,researched,11,,2026-08-22
12,The Warden Game,1987,1987,https://lgbtqgamearchive.com/games/games-by-decade/1980s/the-warden-game/,researched,12,,2026-08-22
13,Dragon Warrior III,1988,1988,https://lgbtqgamearchive.com/games/games-by-decade/1980s/dragon-warrior-iii/,researched,13,,2026-08-22
14,Super Mario Bros 2,1988,1988,https://lgbtqgamearchive.com/games/game-series/super-mario-bros/,researched,14,,2026-08-22
15,Caper in the Castro,1989,1989,https://lgbtqgamearchive.com/games/games-by-decade/1980s/caper-in-the-castro/,researched,15,,2026-08-22
16,Final Fight,1989,1989,https://lgbtqgamearchive.com/games/games-by-decade/1980s/final-fight/,researched,16,,2026-08-22
17,It Came from the Desert,1989,1989,https://lgbtqgamearchive.com/games/games-by-decade/1980s/it-came-from-the-desert/,researched,17,,2026-08-22
18,Leisure Suit Larry 3: Passionate Patti in Pursuit of the Pulsating Pectorals,1989,1989,https://lgbtqgamearchive.com/games/game-series/leisure-suit-larry/,researched,18,,2026-08-22
19,Phantasy Star II,1989,1989,https://lgbtqgamearchive.com/games/games-by-decade/1980s/phantasy-star-ii/,researched,19,,2026-08-22
20,The Uncanny X-Men,1989,1989,https://lgbtqgamearchive.com/2018/06/21/lgbtq-characters-in-marvel-universe-video-games/,researched,20,,2026-08-22
21,Circuit’s Edge,1990,1990,https://lgbtqgamearchive.com/games/games-by-decade/1990s/circuits-edge/,researched,21,,2026-08-22
22,Rise of the Dragon,1990,1990,https://lgbtqgamearchive.com/games/games-by-decade/1990s/rise-of-the-dragon/,researched,22,,2026-08-22
23,Ultima VI: The False Prophet,1990,1990,https://lgbtqgamearchive.com/games/game-series/ultima/,researched,23,,2026-08-22
24,Leisure Suit Larry 5: Passionate Patti Does a Little Undercover Work,1991,1991,https://lgbtqgamearchive.com/games/game-series/leisure-suit-larry/,researched,24,,2026-08-22
25,Space Quest IV: Roger Wilco and the Time Rippers,1991,1991,https://lgbtqgamearchive.com/games/games-by-decade/1990s/space-quest-iv-roger-wilco-and-the-time-rippers/,researched,25,,2026-08-22
26,Street Fighter II: The World Warrior,1991,1991,https://lgbtqgamearchive.com/games/game-series/street-fighter/,researched,26,,2026-08-22
27,The Simpsons Arcade Game,1991,1991,https://lgbtqgamearchive.com/games/games-by-decade/1990s/the-simpsons-video-games/,researched,27,,2026-08-22
28,Vendetta,1991,1991,https://lgbtqgamearchive.com/games/games-by-decade/1990s/vendetta/,researched,28,,2026-08-22
29,X-Men,1992,1992,https://lgbtqgamearchive.com/2018/06/21/lgbtq-characters-in-marvel-universe-video-games/,researched,29,,2026-08-22
30,Cho Aniki,1992,1992,https://lgbtqgamearchive.com/games/games-by-decade/1990s/cho-aniki/,researched,30,,2026-08-22
31,Final Fantasy V,1992,1992,https://lgbtqgamearchive.com/games/game-series/final-fantasy/,researched,31,,2026-08-22
32,Great Greed,1992,1992,https://lgbtqgamearchive.com/games/games-by-decade/1990s/great-greed/,researched,32,,2026-08-22
33,Rex Nebular and the Cosmic Gender Bender,1992,1992,https://lgbtqgamearchive.com/games/games-by-decade/1990s/rex-nebular-and-the-cosmic-gender-bender/,researched,33,,2026-08-22
34,Sonic the Hedgehog 2,1992,1992,https://lgbtqgamearchive.com/games/games-by-decade/1990s/sonic-the-hedgehog-2/,researched,34,,2026-08-22
35,The Dagger of Amon Ra,1992,1992,https://lgbtqgamearchive.com/games/games-by-decade/1990s/dagger-of-amon-ra/,researched,35,,2026-08-22
36,Ultima VII: The Black Gate,1992,1992,https://lgbtqgamearchive.com/games/game-series/ultima/,researched,36,,2026-08-22
37,World Heroes,1992,1992,https://lgbtqgamearchive.com/games/games-by-decade/1990s/world-heroes/,researched,37,,2026-08-22
38,GayBlade,1992,1992,https://lgbtqgamearchive.com/games/games-by-decade/1990s/gayblade/,researched,38,,2026-08-22
39,Dracula Unleashed,1993,1993,https://lgbtqgamearchive.com/games/games-by-decade/1990s/dracula-unleashed/,researched,39,,2026-08-22
40,Gabriel Knight: Sins of the Fathers,1993,1993,https://lgbtqgamearchive.com/games/game-series/gabriel-knight/,researched,40,,2026-08-22
41,Leisure Suit Larry 6: Shape Up or Slip Out,1993,1993,https://lgbtqgamearchive.com/games/game-series/leisure-suit-larry/,researched,41,,2026-08-22
42,Maniac Mansion: Day of the Tentacle,1993,1993,https://lgbtqgamearchive.com/games/games-by-decade/1990s/maniac-mansion-day-of-the-tentacle/,researched,42,,2026-08-22
43,Police Quest: Open Season (Police Quest IV),1993,1993,https://lgbtqgamearchive.com/games/games-by-decade/1990s/police-quest-open-season/,researched,43,,2026-08-22
44,Return of the Phantom,1993,1993,https://lgbtqgamearchive.com/games/games-by-decade/1990s/return-of-the-phantom/,researched,44,,2026-08-22
45,Ultima VII Part II: Serpent Isle,1993,1993,https://lgbtqgamearchive.com/games/game-series/ultima/,researched,45,,2026-08-22
46,Darkstalkers: The Night Warriors,1994,1994,https://lgbtqgamearchive.com/games/game-series/darkstalkers/,researched,46,,2026-08-22
47,Earthbound,1994,1994,https://lgbtqgamearchive.com/?page_id=11967,researched,47,,2026-08-22
48,Plumbers Don’t Wear Ties,1994,1994,https://lgbtqgamearchive.com/games/games-by-decade/1990s/plumbers-dont-wear-ties/,researched,48,,2026-08-22
49,Streets of Rage 3,1994,1994,https://lgbtqgamearchive.com/games/games-by-decade/1990s/streets-of-rage-3/,researched,49,,2026-08-22
50,Tekken,1994,1994,https://lgbtqgamearchive.com/games/game-series/tekken/,researched,50,,2026-08-22
51,The King of Fighters,1994,1994,https://lgbtqgamearchive.com/games/games-by-decade/1990s/the-king-of-fighters/,researched,51,,2026-08-22
52,Chrono Trigger,1995,1995,https://lgbtqgamearchive.com/games/games-by-decade/1990s/chrono-trigger/,researched,52,,2026-08-22
53,Eternal Filena,1995,1995,https://lgbtqgamearchive.com/games/games-by-decade/1990s/eternal-filena/,researched,53,,2026-08-22
54,Full Throttle,1995,1995,https://lgbtqgamearchive.com/games/games-by-decade/1990s/full-throttle/,researched,54,,2026-08-22
55,Gabriel Knight 2: The Beast Within,1995,1995,https://lgbtqgamearchive.com/games/game-series/gabriel-knight/,researched,55,,2026-08-22
56,Go!Go!Ackman,1995,1995,https://lgbtqgamearchive.com/games/games-by-decade/1990s/gogoackman/,researched,56,,2026-08-22
57,NiGHTS Into Dreams,1995,1995,https://lgbtqgamearchive.com/games/games-by-decade/1990s/nights-into-dreams/,researched,57,,2026-08-22
58,Orion Conspiracy,1995,1995,https://lgbtqgamearchive.com/games/games-by-decade/1990s/orion-conspiracy/,researched,58,,2026-08-22
59,Shannara,1995,1995,https://lgbtqgamearchive.com/games/games-by-decade/1990s/shannara/,researched,59,,2026-08-22
60,SilverLoad,1995,1995,https://lgbtqgamearchive.com/games/games-by-decade/1990s/silverload/,researched,60,,2026-08-22
61,Simon the Sorcerer 2,1995,1995,https://lgbtqgamearchive.com/games/games-by-decade/1990s/simon-the-sorcerer-2/,researched,61,,2026-08-22
62,Bahamut Lagoon,1996,1996,https://lgbtqgamearchive.com/games/games-by-decade/1990s/bahamut-lagoon/,researched,62,,2026-08-22
63,Blazing Dragons,1996,1996,https://lgbtqgamearchive.com/games/games-by-decade/1990s/blazing-dragons/,researched,63,,2026-08-22
64,Foobar vs. the DEA,1996,1996,https://lgbtqgamearchive.com/games/games-by-decade/1990s/foobar-vs-the-dea/,researched,64,,2026-08-22
65,Harvester,1996,1996,https://lgbtqgamearchive.com/games/games-by-decade/1990s/harvester/,researched,65,,2026-08-22
66,Phantasmagoria: A Puzzle of Flesh,1996,1996,https://lgbtqgamearchive.com/games/games-by-decade/1990s/phantasmagoria-a-puzzle-of-flesh/,researched,66,,2026-08-22
67,SimCopter,1996,1996,https://lgbtqgamearchive.com/games/games-by-decade/1990s/simcopter/,researched,67,,2026-08-22
68,Soul Edge,1996,1996,https://lgbtqgamearchive.com/games/game-series/soul-calibur-series/,researched,68,,2026-08-22
69,The Elder Scrolls: Daggerfall,1996,1996,https://lgbtqgamearchive.com/games/game-series/elder-scrolls-series/,researched,69,,2026-08-22
70,The Incredible Hulk: The Pantheon Saga,1996,1996,https://lgbtqgamearchive.com/2018/06/21/lgbtq-characters-in-marvel-universe-video-games/,researched,70,,2026-08-22
71,Bloody Roar,1997,1997,https://lgbtqgamearchive.com/games/games-by-decade/1990s/bloody-roar/,researched,71,,2026-08-22
72,Darkstalkers 3,1997,1997,https://lgbtqgamearchive.com/games/game-series/darkstalkers/,researched,72,,2026-08-22
73,Dynasty Warriors,1997,1997,https://lgbtqgamearchive.com/games/games-by-decade/1990s/dynasty-warriors-series/,researched,73,,2026-08-22
74,Fallout,1997,1997,https://lgbtqgamearchive.com/games/game-series/fallout-series/,researched,74,,2026-08-22
75,Final Fantasy VII,1997,1997,https://lgbtqgamearchive.com/games/game-series/final-fantasy/,researched,75,,2026-08-22
76,Front Mission 2,1997,1997,https://lgbtqgamearchive.com/games/games-by-decade/1990s/front-mission-2/,researched,76,,2026-08-22
77,Front Mission Alternative,1997,1997,https://lgbtqgamearchive.com/games/games-by-decade/1990s/front-mission-alternative/,researched,77,,2026-08-22
78,Grand Theft Auto,1997,1997,https://lgbtqgamearchive.com/games/game-series/grand-theft-auto-series/,researched,78,,2026-08-22
79,Groove on Fight,1997,1997,https://lgbtqgamearchive.com/games/games-by-decade/1990s/groove-on-fight/,researched,79,,2026-08-22
80,SaGa Frontier,1997,1997,https://lgbtqgamearchive.com/games/games-by-decade/1990s/saga-frontier/,researched,80,,2026-08-22
81,Shin Megami Tensei: Devil Summoner: Soul Hackers,1997,1997,https://lgbtqgamearchive.com/games/game-series/shin-megami-tensei-devil-summoner-series/,researched,81,,2026-08-22
82,The Elder Scrolls: Battlespire,1997,1997,https://lgbtqgamearchive.com/games/game-series/elder-scrolls-series/,researched,82,,2026-08-22
83,The Last Express,1997,1997,https://lgbtqgamearchive.com/games/games-by-decade/1990s/the-last-express/,researched,83,,2026-08-22
84,Tibia,1997,1997,https://lgbtqgamearchive.com/games/games-by-decade/1990s/tibia/,researched,84,,2026-08-22
85,Fallout 2,1998,1998,https://lgbtqgamearchive.com/games/game-series/fallout-series/,researched,85,,2026-08-22
86,Legend of Zelda: Orcarina of Time,1998,1998,https://lgbtqgamearchive.com/games/game-series/the-legend-of-zelda-series/,researched,86,,2026-08-22
87,Metal Gear Solid,1998,1998,https://lgbtqgamearchive.com/games/game-series/metal-gear-solid-series/,researched,87,,2026-08-22
88,Parasite Eve,1998,1998,https://lgbtqgamearchive.com/parasite-eve/,researched,88,,2026-08-22
89,Tokyo Majin Gakuen: Ken Kaze Tobari,1998,1998,https://lgbtqgamearchive.com/games/games-by-decade/1990s/tokyo-majin-gakuen-ken-kaze-tobari/,researched,89,,2026-08-22
90,Bust-a-Groove 2,1999,1999,https://lgbtqgamearchive.com/games/games-by-decade/1990s/bust-a-groove-2/,researched,90,,2026-08-22
91,Evil Zone,1999,1999,https://lgbtqgamearchive.com/games/games-by-decade/1990s/evil-zone/,researched,91,,2026-08-22
92,Fighter Destiny 2,1999,1999,https://lgbtqgamearchive.com/games/games-by-decade/1990s/fighter-destiny-2/,researched,92,,2026-08-22
93,Final Fantasy VIII,1999,1999,https://lgbtqgamearchive.com/games/game-series/final-fantasy/,researched,93,,2026-08-22
94,Fire Emblem: Thracia 776,1999,1999,https://lgbtqgamearchive.com/games/game-series/fire-emblem-series/,researched,94,,2026-08-22
95,Gabriel Knight 3: Blood of the Sacred Blood of the Damned,1999,1999,https://lgbtqgamearchive.com/games/game-series/gabriel-knight/,researched,95,,2026-08-22
96,Grand Theft Auto II,1999,1999,https://lgbtqgamearchive.com/games/game-series/grand-theft-auto-series/,researched,96,,2026-08-22
97,Neon Genesis Evangelion,1999,1999,https://lgbtqgamearchive.com/games/games-by-decade/1990s/neon-genesis-evangelion/,researched,97,,2026-08-22
98,Persona 2,1999,1999,https://lgbtqgamearchive.com/games/game-series/shin-megami-tensei-persona-series/,researched,98,,2026-08-22
99,Silent Hill,1999,1999,https://lgbtqgamearchive.com/games/games-by-decade/1990s/silent-hill/,researched,99,,2026-08-22
100,South Park Rally,1999,1999,https://lgbtqgamearchive.com/games/games-by-decade/1990s/south-park-rally/,researched,100,,2026-08-22
101,Star Ocean: The Second Story,1999,1999,https://lgbtqgamearchive.com/games/games-by-decade/1990s/star-ocean-the-second-story/,researched,101,,2026-08-22
102,The Longest Journey,1999,1999,https://lgbtqgamearchive.com/games/games-by-decade/1990s/the-longest-journey/,researched,102,,2026-08-22
103,The Rocky Interactive Horror Show Game,1999,1999,,needs_research,103,No dedicated archive link; source indicates research is still needed.,2026-08-22
104,Wild Arms 2,1999,1999,https://lgbtqgamearchive.com/games/games-by-decade/1990s/wild-arms-ii/,researched,104,,2026-08-22
105,Xena: Warrior Princess,1999,1999,,needs_research,105,No dedicated archive link; source indicates research is still needed.,2026-08-22
106,Final Fantasy IX,2000,2000,https://lgbtqgamearchive.com/games/game-series/final-fantasy/,researched,106,,2026-08-22
107,Guilty Gear X,2000,2000,https://lgbtqgamearchive.com/games/game-series/guilty-gear-series/,researched,107,,2026-08-22
108,The Legend of Zelda: Majora’s Mask,2000,2000,https://lgbtqgamearchive.com/games/game-series/the-legend-of-zelda-series/,researched,108,,2026-08-22
109,Banjo-Tooie,2000,2000,https://lgbtqgamearchive.com/games/games-by-decade/2000s/banjo-tooie/,researched,109,,2026-08-22
110,Buffy The Vampire Slayer,2000,2000,https://lgbtqgamearchive.com/games/games-by-decade/2000s/buffy-the-vampire-slayer/,researched,110,,2026-08-22
111,Resident Evil Code: Veronica,2000,2000,https://lgbtqgamearchive.com/games/game-series/resident-evil-series/,researched,111,,2026-08-22
112,Star Trek: Voyager Elite Force,2000,2000,https://lgbtqgamearchive.com/games/games-by-decade/2000s/star-trek-voyager-elite-force/,researched,112,,2026-08-22
113,The Sims,2000,2000,https://lgbtqgamearchive.com/games/game-series/sims/,researched,113,,2026-08-22
114,Animal Crossing,2001,2001,https://lgbtqgamearchive.com/games/game-series/animal-crossing-series/,researched,114,,2026-08-22
115,Arcanum: Of Steamworks & Magick Obscura,2001,2001,https://lgbtqgamearchive.com/games/games-by-decade/2000s/arcanum-of-steamworks-and-magick-obscura/,researched,115,,2026-08-22
116,Gothic,2001,2001,https://lgbtqgamearchive.com/games/game-series/gothic/,researched,116,,2026-08-22
117,Runaway: A Road Adventure,2001,2001,https://lgbtqgamearchive.com/games/games-by-decade/2000s/runaway-a-road-adventure/,researched,117,,2026-08-22
118,Runescape,2001,2001,https://lgbtqgamearchive.com/games/games-by-decade/2000s/runescape/,researched,118,,2026-08-22
119,Conker’s Bad Fur Day,2001,2001,https://lgbtqgamearchive.com/games/games-by-decade/2000s/conkers-bad-fur-day/,researched,119,,2026-08-22
120,Devil May Cry,2001,2001,https://lgbtqgamearchive.com/games/games-by-decade/2000s/devil-may-cry/,researched,120,,2026-08-22
121,Fear Effect 2:Retro Helix,2001,2001,https://lgbtqgamearchive.com/games/games-by-decade/2000s/fear-effect/,researched,121,,2026-08-22
122,Final Fantasy X,2001,2001,https://lgbtqgamearchive.com/games/game-series/final-fantasy/,researched,122,,2026-08-22
123,Metal Gear Solid 2: Sons of Liberty,2001,2001,https://lgbtqgamearchive.com/games/game-series/metal-gear-solid-series/,researched,123,,2026-08-22
124,Shadow Hearts,2001,2001,https://lgbtqgamearchive.com/games/game-series/shadow-hearts/,researched,124,,2026-08-22
125,Grand Theft Auto III,2001,2001,https://lgbtqgamearchive.com/games/game-series/grand-theft-auto-series/,researched,125,,2026-08-22
126,Halo: Combat Evolved,2001,2001,https://lgbtqgamearchive.com/games/games-by-decade/2000s/halo-ii/,researched,126,,2026-08-22
127,Divine Divinity,2002,2002,https://lgbtqgamearchive.com/games/game-series/divine-divinity-series/,researched,127,,2026-08-22
128,Gothic II,2002,2002,https://lgbtqgamearchive.com/games/game-series/gothic/,researched,128,,2026-08-22
129,Tokimeki Memorial Girl’s Side series,2002,2002,https://lgbtqgamearchive.com/games/games-by-decade/2000s/tokimeki-memorial-girls-side-1st/,researched,129,,2026-08-22
130,PaRappa the Rapper 2,2002,2002,https://lgbtqgamearchive.com/games/games-by-decade/2000s/parappa-the-rapper-2/,researched,130,,2026-08-22
131,Hamtaro: Ham Ham Heartbreak,2002,2002,https://lgbtqgamearchive.com/games/games-by-decade/2000s/hamtaro-ham-ham-heartbreak/,researched,131,,2026-08-22
132,Grand Theft Auto: Vice City,2002,2002,https://lgbtqgamearchive.com/games/game-series/grand-theft-auto-series/,researched,132,,2026-08-22
133,Guilty Gear X2,2002,2002,https://lgbtqgamearchive.com/games/game-series/guilty-gear-series/,researched,133,,2026-08-22
134,Soul Calibur II,2002,2002,https://lgbtqgamearchive.com/games/game-series/soul-calibur-series/,researched,134,,2026-08-22
135,The Elder Scrolls: Morrowind,2002,2002,https://lgbtqgamearchive.com/games/game-series/elder-scrolls-series/,researched,135,,2026-08-22
136,Ape Escape 2,2002,2002,,needs_research,136,No dedicated archive link; source indicates research is still needed.,2026-08-22
137,Tokyo Majin Gakuen Gehōchō: Keppūroku,2002,2002,,needs_research,137,No dedicated archive link; source indicates research is still needed.,2026-08-22
138,Ty the Tasmanian Tiger series,2002,2002,,needs_research,138,No dedicated archive link; source indicates research is still needed.,2026-08-22
139,Singles: Flirt Up Your Life,2003,2003,https://lgbtqgamearchive.com/games/games-by-decade/2000s/singles-flirt-up-your-life/,researched,139,,2026-08-22
140,Temple of Elemental Evil,2003,2003,https://lgbtqgamearchive.com/games/games-by-decade/2000s/temple-of-elemental-evil/,researched,140,,2026-08-22
141,Mega Man X7,2003,2003,https://lgbtqgamearchive.com/games/games-by-decade/2000s/mega-man-x7/,researched,141,,2026-08-22
142,Resident Evil: Dead Aim,2003,2003,https://lgbtqgamearchive.com/games/game-series/resident-evil-series/,researched,142,,2026-08-22
143,Shin Megami tensei III: Nocturne,2003,2003,https://lgbtqgamearchive.com/games/games-by-decade/2000s/shin-megami-tensei-nocturne/,researched,143,,2026-08-22
144,Harvest Moon: Friends of Mineral Town,2003,2003,https://lgbtqgamearchive.com/games/game-series/harvest-moonstory-of-seasons-series/,researched,144,,2026-08-22
145,Deus Ex: Invisible War,2003,2003,https://lgbtqgamearchive.com/games/games-by-decade/2000s/deus-ex-invisible-war/,researched,145,,2026-08-22
146,Fire Emblem: Rekka no Ken,2003,2003,https://lgbtqgamearchive.com/games/game-series/fire-emblem-series/,researched,146,,2026-08-22
147,Star Wars: Knights of the Old Republic,2003,2003,https://lgbtqgamearchive.com/games/games-by-decade/2000s/star-wars-knights-of-the-old-republic/,researched,147,,2026-08-22
148,Tales of Symphonia,2003,2003,https://lgbtqgamearchive.com/games/games-by-decade/2000s/tales-of-symphonia/,researched,148,,2026-08-22
149,Way of the Samurai 2,2003,2003,https://lgbtqgamearchive.com/games/games-by-decade/2000s/way-of-the-samurai-2/,researched,149,,2026-08-22
150,Summon Night: Swordcraft Story,2003,2003,https://lgbtqgamearchive.com/games/game-series/summon-night-swordcraft-story-2/,needs_research,150,Marked with ^ by the source list.,2026-08-22
151,The Spirit Engine,2003,2003,https://lgbtqgamearchive.com/games/games-by-decade/2000s/the-spirit-engine/,researched,151,,2026-08-22
152,Mabinogi,2004,2004,https://lgbtqgamearchive.com/games/games-by-decade/2000s/mabinogi/,researched,152,,2026-08-22
153,Vampire: The Masquerade- Bloodlines,2004,2004,https://lgbtqgamearchive.com/games/games-by-decade/2000s/vampire-the-masquerade-bloodlines/,researched,153,,2026-08-22
154,Fallout: Brotherhood of Steel,2004,2004,https://lgbtqgamearchive.com/games/game-series/fallout-series/,researched,154,,2026-08-22
155,Katamari Damacy,2004,2004,https://lgbtqgamearchive.com/games/games-by-decade/2000s/katamari-damacy-we-love-katamari/,researched,155,,2026-08-22
156,Metal Gear Solid 3: Snake Eater,2004,2004,https://lgbtqgamearchive.com/games/game-series/metal-gear-solid-series/,researched,156,,2026-08-22
157,Paper Mario: The Thousand Year Door,2004,2004,https://lgbtqgamearchive.com/games/game-series/super-mario-bros/,researched,157,,2026-08-22
158,Shadow Hearts: Covenant,2004,2004,https://lgbtqgamearchive.com/games/game-series/shadow-hearts/,researched,158,,2026-08-22
159,Fire Emblem: Sacred Stones,2004,2004,https://lgbtqgamearchive.com/games/game-series/fire-emblem-series/,researched,159,,2026-08-22
160,Phoenix Wright: Ace Attorney Trials and Tribulations,2004,2004,https://lgbtqgamearchive.com/games/games-by-decade/2000s/phoenix-wright-ace-attorney-trials-and-tribulations/,researched,160,,2026-08-22
161,Clannad,2004,2004,https://lgbtqgamearchive.com/games/games-by-decade/2000s/clannad/,researched,161,,2026-08-22
162,Fable,2004,2004,https://lgbtqgamearchive.com/games/game-series/fable/,researched,162,,2026-08-22
163,Grand Theft Auto: San Andreas,2004,2004,https://lgbtqgamearchive.com/games/game-series/grand-theft-auto-series/,researched,163,,2026-08-22
164,Leisure Suit Larry: Magna Cum Laude,2004,2004,https://lgbtqgamearchive.com/games/game-series/leisure-suit-larry/,researched,164,,2026-08-22
165,Tekken 5,2004,2004,https://lgbtqgamearchive.com/games/game-series/tekken/,researched,165,,2026-08-22
166,The Sims 2,2004,2004,https://lgbtqgamearchive.com/games/game-series/sims/,researched,166,,2026-08-22
167,The Urbz: Sims in the City,2004,2004,https://lgbtqgamearchive.com/games/game-series/sims/,researched,167,,2026-08-22
168,Dragon Quest VIII,2004,2004,,needs_research,168,No dedicated archive link; source indicates research is still needed.,2026-08-22
169,Midsummer Haze,2004,2004,,needs_research,169,No dedicated archive link; source indicates research is still needed.,2026-08-22
170,Summon Night: Swordcraft Story 2,2004,2004,https://lgbtqgamearchive.com/games/game-series/summon-night-swordcraft-story-2/,researched,170,,2026-08-22
171,Tokyo Majin Gakuen: Fuju Houroku,2004,2004,,needs_research,171,No dedicated archive link; source indicates research is still needed.,2026-08-22
172,World of Warcraft,2004,2004,,needs_research,172,No dedicated archive link; source indicates research is still needed.,2026-08-22
173,A Midsummer Day’s Resonance,2005,2005,https://lgbtqgamearchive.com/games/games-by-decade/2000s/a-midsummer-days-resonance/,researched,173,,2026-08-22
174,Abigail,2005,2005,https://lgbtqgamearchive.com/games/games-by-decade/2000s/abigail/,researched,174,,2026-08-22
175,Animal Crossing: Wild World,2005,2005,https://lgbtqgamearchive.com/games/game-series/animal-crossing-series/,researched,175,,2026-08-22
176,Facade,2005,2005,https://lgbtqgamearchive.com/games/games-by-decade/2000s/facade/,researched,176,,2026-08-22
177,Happiness,2005,2005,https://lgbtqgamearchive.com/games/games-by-decade/2000s/happiness/,researched,177,,2026-08-22
178,Neverwinter Nights: Kingmaker,2005,2005,https://lgbtqgamearchive.com/games/games-by-decade/2000s/neverwinter-nights-kingmaker/,researched,178,,2026-08-22
179,Ultima V: Lazarus,2005,2005,https://lgbtqgamearchive.com/games/game-series/ultima/,researched,179,,2026-08-22
180,Drakengard 2,2005,2005,https://lgbtqgamearchive.com/games/games-by-decade/2000s/drakengard-2/,researched,180,,2026-08-22
181,Fire Emblem: Path of Radiance,2005,2005,https://lgbtqgamearchive.com/games/game-series/fire-emblem-series/,researched,181,,2026-08-22
182,Grand Theft Auto: Liberty City Stories,2005,2005,https://lgbtqgamearchive.com/games/game-series/grand-theft-auto-series/,researched,182,,2026-08-22
183,Shadow Hearts: From the New World,2005,2005,https://lgbtqgamearchive.com/games/game-series/shadow-hearts/,researched,183,,2026-08-22
184,Killer7,2005,2005,,needs_research,184,No dedicated archive link; source indicates research is still needed.,2026-08-22
185,Harvest Moon DS Cute,2005,2005,https://lgbtqgamearchive.com/games/game-series/harvest-moonstory-of-seasons-series/,researched,185,,2026-08-22
186,7 Sins,2005,2005,https://lgbtqgamearchive.com/games/games-by-decade/2000s/7-sins/,researched,186,,2026-08-22
187,Crash Tag Team Racing,2005,2005,https://lgbtqgamearchive.com/games/games-by-decade/2000s/crash-tag-team-racing/,researched,187,,2026-08-22
188,Indigo Prophecy/Fahrenheit,2005,2005,https://lgbtqgamearchive.com/games/games-by-decade/2000s/indigo-prophecy-farenheight/,researched,188,,2026-08-22
189,Jade Empire,2005,2005,https://lgbtqgamearchive.com/games/games-by-decade/2000s/jade-empire/,researched,189,,2026-08-22
190,Playboy: the Mansion,2005,2005,https://lgbtqgamearchive.com/games/games-by-decade/2000s/playboy-the-mansion/,researched,190,,2026-08-22
191,The Sims 2: Nightlife,2005,2005,https://lgbtqgamearchive.com/games/game-series/sims/,researched,191,,2026-08-22
192,The Sims 2: University Life,2005,2005,https://lgbtqgamearchive.com/games/game-series/sims/,researched,192,,2026-08-22
193,X-Men Legends II: Rise of Apocalypse,2005,2005,https://lgbtqgamearchive.com/2018/06/21/lgbtq-characters-in-marvel-universe-video-games/,researched,193,,2026-08-22
194,Persona 3,2006,2006,https://lgbtqgamearchive.com/games/game-series/shin-megami-tensei-persona-series/,researched,194,,2026-08-22
195,Princess Maker 4,2006,2006,https://lgbtqgamearchive.com/games/games-by-decade/2000s/princess-maker-4/,needs_research,195,Marked with ^ by the source list.,2026-08-22
196,Psychonauts,2006,2006,,needs_research,196,No dedicated archive link; source indicates research is still needed.,2026-08-22
197,Steambot Chronicles,2006,2006,https://lgbtqgamearchive.com/games/games-by-decade/2000s/steambot-chronicles/,needs_research,197,Marked with ^ by the source list.,2026-08-22
198,Dwarf Fortress,2006,2006,,needs_research,198,No dedicated archive link; source indicates research is still needed.,2026-08-22
199,The Elder Scrolls: Oblivion,2006,2006,https://lgbtqgamearchive.com/games/game-series/elder-scrolls-series/,researched,199,,2026-08-22
200,The Sims 2: Open for Business,2006,2006,https://lgbtqgamearchive.com/games/game-series/sims/,researched,200,,2026-08-22
201,Baten Kaitos Origins,2006,2006,https://lgbtqgamearchive.com/games/games-by-decade/2000s/baten-kaitos-origins/,researched,201,,2026-08-22
202,Enchanted Arms,2006,2006,https://lgbtqgamearchive.com/games/games-by-decade/2000s/enchanted-arms/,researched,202,,2026-08-22
203,Ōkami,2006,2006,https://lgbtqgamearchive.com/games/games-by-decade/2000s/okami/,researched,203,,2026-08-22
204,Rule of Rose,2006,2006,https://lgbtqgamearchive.com/games/games-by-decade/2000s/rule-of-rose/,researched,204,,2026-08-22
205,Yggdra Union,2006,2006,https://lgbtqgamearchive.com/games/game-series/yggdra-union-subseries-of-department-of-heaven/,researched,205,,2026-08-22
206,The Blackwell Legacy,2006,2006,,needs_research,206,No dedicated archive link; source indicates research is still needed.,2026-08-22
207,Snow White’s Knight,2006,2006,,needs_research,207,No dedicated archive link; source indicates research is still needed.,2026-08-22
208,.hack//Link,2006,2006,https://lgbtqgamearchive.com/games/games-by-decade/2000s/hackg-u/,needs_research,208,Marked with ^ by the source list.,2026-08-22
209,Syphon Filter: Dark Mirror,2006,2006,,needs_research,209,No dedicated archive link; source indicates research is still needed.,2026-08-22
210,Bully,2006,2006,https://lgbtqgamearchive.com/games/games-by-decade/2000s/bully/,researched,210,,2026-08-22
211,Grand Theft Auto: Vice City Stories,2006,2006,https://lgbtqgamearchive.com/games/game-series/grand-theft-auto-series/,researched,211,,2026-08-22
212,Marvel: Ultimate Alliance,2006,2006,https://lgbtqgamearchive.com/2018/06/21/lgbtq-characters-in-marvel-universe-video-games/,researched,212,,2026-08-22
213,GayMeChat,2006,2006,,needs_research,213,No dedicated archive link; source indicates research is still needed.,2026-08-22
214,God Hand,2006,2006,https://lgbtqgamearchive.com/games/games-by-decade/2000s/god-hand/,needs_research,214,Marked with ^ by the source list.,2026-08-22
215,Kudos,2006,2006,https://lgbtqgamearchive.com/games/games-by-decade/2000s/kudos-series/,needs_research,215,Marked with ^ by the source list.,2026-08-22
216,Mother 3,2006,2006,https://lgbtqgamearchive.com/games/game-series/earthbound-mother-series/,researched,216,,2026-08-22
217,Sono Hanabira ni Kuchizuke wo,2006,2006,,needs_research,217,No dedicated archive link; source indicates research is still needed.,2026-08-22
218,Tradewinds Legends,2006,2006,https://lgbtqgamearchive.com/games/games-by-decade/2000s/tradewinds-legends/,needs_research,218,Marked with ^ by the source list.,2026-08-22
219,Broken Sword: The Angel of Death,2007,2007,https://lgbtqgamearchive.com/games/games-by-decade/2000s/broken-sword-the-angel-of-death-secrets-of-the-ark/,researched,219,,2026-08-22
220,Fatal Hearts,2007,2007,https://lgbtqgamearchive.com/games/games-by-decade/2000s/fatal-hearts/,researched,220,,2026-08-22
221,GrimGrimoire,2007,2007,https://lgbtqgamearchive.com/games/games-by-decade/2000s/grimgrimoire/,researched,221,,2026-08-22
222,Persona 3 Portable,2007,2007,https://lgbtqgamearchive.com/games/game-series/shin-megami-tensei-persona-series/,researched,222,,2026-08-22
223,Marvel Trading Card Game,2007,2007,https://lgbtqgamearchive.com/2018/06/21/lgbtq-characters-in-marvel-universe-video-games/,researched,223,,2026-08-22
224,The World Ends With You,2007,2007,https://lgbtqgamearchive.com/games/games-by-decade/2000s/the-world-ends-with-you/,researched,224,,2026-08-22
225,Assassin’s Creed,2007,2007,https://lgbtqgamearchive.com/games/game-series/assassins-creed/,researched,225,,2026-08-22
226,BioShock,2007,2007,https://lgbtqgamearchive.com/games/game-series/bioshock-series/,researched,226,,2026-08-22
227,Clive Barker’s Jericho,2007,2007,https://lgbtqgamearchive.com/games/games-by-decade/2000s/clive-barkers-jericho/,researched,227,,2026-08-22
228,Fire Emblem: Radiant Dawn,2007,2007,https://lgbtqgamearchive.com/games/game-series/fire-emblem-series/,researched,228,,2026-08-22
229,Mass Effect,2007,2007,https://lgbtqgamearchive.com/games/game-series/mass-effect/,researched,229,,2026-08-22
230,Tekken 6,2007,2007,https://lgbtqgamearchive.com/games/game-series/tekken/,researched,230,,2026-08-22
231,Game of Life,2007,2007,,needs_research,231,No dedicated archive link; source indicates research is still needed.,2026-08-22
232,Katahane,2007,2007,,needs_research,232,No dedicated archive link; source indicates research is still needed.,2026-08-22
233,Team Fortress 2,2007,2007,,needs_research,233,No dedicated archive link; source indicates research is still needed.,2026-08-22
234,Amaranto,2008,2008,https://lgbtqgamearchive.com/games/games-by-decade/2000s/amaranto/,researched,234,,2026-08-22
235,Aoi Shiro,2008,2008,https://lgbtqgamearchive.com/games/games-by-decade/2000s/aoi-shiro/,researched,235,,2026-08-22
236,Shin Megami Tensei: Devil Summoner 2,2008,2008,https://lgbtqgamearchive.com/games/game-series/shin-megami-tensei-devil-summoner-series/,researched,236,,2026-08-22
237,Persona 4,2008,2008,https://lgbtqgamearchive.com/games/game-series/shin-megami-tensei-persona-series/,researched,237,,2026-08-22
238,Magician’s Quest: Mysterious Times,2008,2008,https://lgbtqgamearchive.com/games/games-by-decade/2000s/magicians-quest-mysterious-times/,researched,238,,2026-08-22
239,The Joy of Loving You,2008,2008,,needs_research,239,No dedicated archive link; source indicates research is still needed.,2026-08-22
240,Mighty Jill Off,2008,2008,https://lgbtqgamearchive.com/games/games-by-decade/2000s/mighty-jill-off/,researched,240,,2026-08-22
241,Fable II,2008,2008,https://lgbtqgamearchive.com/games/game-series/fable/,researched,241,,2026-08-22
242,Fallout 3,2008,2008,https://lgbtqgamearchive.com/games/game-series/fallout-series/,researched,242,,2026-08-22
243,Grand Theft Auto IV,2008,2008,https://lgbtqgamearchive.com/games/game-series/grand-theft-auto-series/,researched,243,,2026-08-22
244,Heileen: Sail Away,2008,2008,https://lgbtqgamearchive.com/games/game-series/heileen/,researched,244,,2026-08-22
245,Street Fighter IV,2008,2008,https://lgbtqgamearchive.com/games/game-series/street-fighter/,researched,245,,2026-08-22
246,Glory of Heracles,2008,2008,https://lgbtqgamearchive.com/games/games-by-decade/2000s/glory-of-heracles/,needs_research,246,Marked with ^ by the source list.,2026-08-22
247,Heart of Fire,2008,2008,,needs_research,247,No dedicated archive link; source indicates research is still needed.,2026-08-22
248,Ludos 2,2008,2008,https://lgbtqgamearchive.com/games/games-by-decade/2000s/kudos-series/,needs_research,248,Marked with ^ by the source list.,2026-08-22
249,Lux-Pain,2008,2008,,needs_research,249,No dedicated archive link; source indicates research is still needed.,2026-08-22
250,Pirates of the Burning Sea,2008,2008,https://lgbtqgamearchive.com/games/games-by-decade/2000s/pirates-of-the-burning-sea/,researched,250,,2026-08-22
251,Saints Row 2,2008,2008,https://lgbtqgamearchive.com/games/game-series/saints-row-series/,needs_research,251,Marked with ^ by the source list.,2026-08-22
252,Star Story Saga: Renaissance,2008,2008,,needs_research,252,No dedicated archive link; source indicates research is still needed.,2026-08-22
253,The Last Remnant,2008,2008,https://lgbtqgamearchive.com/games/games-by-decade/2000s/the-last-remnant/,needs_research,253,Marked with ^ by the source list.,2026-08-22
254,The Sims 2: Apartment Life,2008,2008,https://lgbtqgamearchive.com/games/game-series/sims/,researched,254,,2026-08-22
255,Violet,2008,2008,https://lgbtqgamearchive.com/games/games-by-decade/2000s/violet/,needs_research,255,Marked with ^ by the source list.,2026-08-22
256,A Smashing Day Out,2009,2009,https://lgbtqgamearchive.com/games/games-by-decade/2000s/a-smashing-day-out/,researched,256,,2026-08-22
257,Anaheim Girl’s Love Story,2009,2009,https://lgbtqgamearchive.com/games/games-by-decade/2000s/anaheim-girls-love-story/,researched,257,,2026-08-22
258,Final Fantasy XIII,2009,2009,https://lgbtqgamearchive.com/games/game-series/final-fantasy/,needs_research,258,Marked with ^ by the source list.,2026-08-22
259,Avalon Code,2009,2009,,needs_research,259,No dedicated archive link; source indicates research is still needed.,2026-08-22
260,League of Legends,2009,2012,https://lgbtqgamearchive.com/games/games-by-decade/2000s/league-of-legends/,researched,260,Duplicate source-list entries consolidated (positions 260; 362).,2026-08-22
261,Bayonetta,2009,2009,,needs_research,261,No dedicated archive link; source indicates research is still needed.,2026-08-22
262,Borderlands,2009,2009,https://lgbtqgamearchive.com/games/game-series/borderlands-series/,researched,262,,2026-08-22
263,Dragon Age: Origins,2009,2009,https://lgbtqgamearchive.com/games/game-series/dragon-age/,researched,263,,2026-08-22
264,Grand Theft Auto: The Lost and Damned,2009,2009,https://lgbtqgamearchive.com/games/game-series/grand-theft-auto-series/,researched,264,,2026-08-22
265,Heileen 2: The Hands of Fate,2009,2009,https://lgbtqgamearchive.com/games/game-series/heileen/,researched,265,,2026-08-22
266,Leisure Suit Larry: Box Office Bust,2009,2009,https://lgbtqgamearchive.com/games/game-series/leisure-suit-larry/,researched,266,,2026-08-22
267,Tales of Monkey Island,2009,2009,https://lgbtqgamearchive.com/games/games-by-decade/2000s/tales-of-monkey-island/,researched,267,,2026-08-22
268,The Sims 3,2009,2009,https://lgbtqgamearchive.com/games/game-series/sims/,researched,268,,2026-08-22
269,Tropico 3,2009,2009,,needs_research,269,No dedicated archive link; source indicates research is still needed.,2026-08-22
270,Fallen London,2009,2009,,needs_research,270,No dedicated archive link; source indicates research is still needed.,2026-08-22
271,Luminous Arc 3,2009,2009,https://lgbtqgamearchive.com/games/games-by-decade/2000s/luminous-arc-3/,needs_research,271,Marked with ^ by the source list.,2026-08-22
272,Maji De Watashi Ni Koi Shinasai,2009,2009,https://lgbtqgamearchive.com/games/games-by-decade/2000s/maji-de-watashi-ni-koi-shinasai/,needs_research,272,Marked with ^ by the source list.,2026-08-22
273,Pathfinder,2009,2009,,needs_research,273,No dedicated archive link; source indicates research is still needed.,2026-08-22
274,Radiator,2009,2009,https://lgbtqgamearchive.com/games/games-by-decade/2000s/radiator/,needs_research,274,Marked with ^ by the source list.,2026-08-22
275,The Path,2009,2009,,needs_research,275,No dedicated archive link; source indicates research is still needed.,2026-08-22
276,The Princess and the Frog,2009,2009,,needs_research,276,No dedicated archive link; source indicates research is still needed.,2026-08-22
277,Zeno Clash,2009,2009,,needs_research,277,No dedicated archive link; source indicates research is still needed.,2026-08-22
278,.hack//Link,2010,2010,,needs_research,278,No dedicated archive link; source indicates research is still needed.,2026-08-22
279,A New Beginning,2010,2010,https://lgbtqgamearchive.com/games/games-by-decade/2010s/a-new-beginning/,researched,279,,2026-08-22
280,Assassin’s Creed: Brotherhood,2010,2010,https://lgbtqgamearchive.com/games/game-series/assassins-creed/,researched,280,,2026-08-22
281,Bioshock 2,2010,2010,https://lgbtqgamearchive.com/games/game-series/bioshock-series/,researched,281,,2026-08-22
282,BlazBlue: Continuum Shift II,2010,2010,https://lgbtqgamearchive.com/games/games-by-decade/2010s/blazblue-2/,researched,282,,2026-08-22
283,Blaze Union,2010,2010,https://lgbtqgamearchive.com/games/game-series/yggdra-union-subseries-of-department-of-heaven/,researched,283,,2026-08-22
284,Blossoms Bloom Brightest,2010,2010,,needs_research,284,No dedicated archive link; source indicates research is still needed.,2026-08-22
285,Cross Days,2010,2010,https://lgbtqgamearchive.com/games/games-by-decade/2010s/cross-days/,researched,285,,2026-08-22
286,Danganronpa: Trigger Happy Havoc,2010,2010,https://lgbtqgamearchive.com/games/game-series/danganronpa-series/,researched,286,,2026-08-22
287,Date Warp,2010,2010,,needs_research,287,No dedicated archive link; source indicates research is still needed.,2026-08-22
288,Dead Rising 2,2010,2010,https://lgbtqgamearchive.com/games/games-by-decade/2010s/dead-rising-2/,researched,288,,2026-08-22
289,Deadly Premonition,2010,2010,https://lgbtqgamearchive.com/games/games-by-decade/2010s/deadly-premonition/,researched,289,,2026-08-22
290,Embric of Wulhammer’s Castle,2010,2010,https://lgbtqgamearchive.com/games/games-by-decade/2000s/embric-of-wulfhammers-castle/,researched,290,,2026-08-22
291,Fable III,2010,2010,https://lgbtqgamearchive.com/games/game-series/fable/,researched,291,,2026-08-22
292,Faery: Legends of Avalon,2010,2010,,needs_research,292,No dedicated archive link; source indicates research is still needed.,2026-08-22
293,Fallout: New Vegas,2010,2010,https://lgbtqgamearchive.com/games/game-series/fallout-series/,researched,293,,2026-08-22
294,Frontierville,2010,2010,https://lgbtqgamearchive.com/games/games-by-decade/2010s/frontierville/,needs_research,294,Marked with ^ by the source list.,2026-08-22
295,God of War III,2010,2010,https://lgbtqgamearchive.com/games/games-by-decade/2010s/god-of-war-iii/,needs_research,295,Marked with ^ by the source list.,2026-08-22
296,Grand Theft Auto: The Ballad of Gay Tony,2010,2010,https://lgbtqgamearchive.com/games/game-series/grand-theft-auto-series/,researched,296,,2026-08-22
297,Harvest Moon: The Tale of Two Towns,2010,2010,https://lgbtqgamearchive.com/games/game-series/harvest-moonstory-of-seasons-series/,researched,297,,2026-08-22
298,Heroes of Newerth,2010,2010,https://lgbtqgamearchive.com/games/games-by-decade/2010s/heroes-of-newerth/,researched,298,,2026-08-22
299,I Miss the Sunrise,2010,2010,,needs_research,299,No dedicated archive link; source indicates research is still needed.,2026-08-22
300,Katahane,2010,2010,,needs_research,300,No dedicated archive link; source indicates research is still needed.,2026-08-22
301,Limit Panic!,2010,2010,,needs_research,301,No dedicated archive link; source indicates research is still needed.,2026-08-22
302,Mass Effect 2,2010,2010,https://lgbtqgamearchive.com/games/game-series/mass-effect/,researched,302,,2026-08-22
303,Metal Gear Solid: Peace Walker,2010,2010,https://lgbtqgamearchive.com/games/game-series/metal-gear-solid-series/,researched,303,,2026-08-22
304,Nier,2010,2010,https://lgbtqgamearchive.com/games/games-by-decade/2010s/nier/,researched,304,,2026-08-22
305,Red Dead Redemption,2010,2010,https://lgbtqgamearchive.com/games/games-by-decade/2010s/red-dead-redemption/,researched,305,,2026-08-22
306,Resonance of Fate,2010,2010,https://lgbtqgamearchive.com/games/games-by-decade/2010s/resonance-of-fate/,researched,306,,2026-08-22
307,Scott Pilgrim vs. the World,2010,2010,https://lgbtqgamearchive.com/games/games-by-decade/2010s/scott-pilgrim-vs-the-world/,researched,307,,2026-08-22
308,The King of Fighters XIII,2010,2010,https://lgbtqgamearchive.com/games/games-by-decade/1990s/the-king-of-fighters/,researched,308,,2026-08-22
309,The Sims 3: Ambitions,2010,2010,https://lgbtqgamearchive.com/games/game-series/sims/,researched,309,,2026-08-22
310,Winter Voices,2010,2010,,needs_research,310,No dedicated archive link; source indicates research is still needed.,2026-08-22
311,A Closed World,2011,2011,https://lgbtqgamearchive.com/games/games-by-decade/2010s/a-closed-world/,researched,311,,2026-08-22
312,Blind Men,2011,2011,,needs_research,312,No dedicated archive link; source indicates research is still needed.,2026-08-22
313,Catherine,2011,2011,https://lgbtqgamearchive.com/games/games-by-decade/2010s/catherine/,researched,313,,2026-08-22
314,Chrono Days Sim Date,2011,2011,https://lgbtqgamearchive.com/games/games-by-decade/2010s/chrono-days-sim-date/,researched,314,,2026-08-22
315,Corruption of Champions,2011,2011,,needs_research,315,No dedicated archive link; source indicates research is still needed.,2026-08-22
316,Dark Souls,2011,2011,https://lgbtqgamearchive.com/games/games-by-decade/2010s/dark-souls/,researched,316,,2026-08-22
317,"Don’t Take It Personally, Babe, It Just Ain’t Your Story",2011,2011,https://lgbtqgamearchive.com/games/games-by-decade/2010s/dont-take-it-personally-babe-it-just-aint-your-story/,researched,317,,2026-08-22
318,Dragon Age II,2011,2011,https://lgbtqgamearchive.com/games/game-series/dragon-age/,researched,318,,2026-08-22
319,Dynasty Warriors 7,2011,2011,https://lgbtqgamearchive.com/games/game-series/dynasty-warriors-series/,researched,319,,2026-08-22
320,Gloria Union,2011,2011,https://lgbtqgamearchive.com/games/game-series/yggdra-union-subseries-of-department-of-heaven/,researched,320,,2026-08-22
321,Hatoful Boyfriend,2011,2011,https://lgbtqgamearchive.com/games/games-by-decade/2010s/hatoful-boyfriend/,researched,321,,2026-08-22
322,Love & Order,2011,2011,https://lgbtqgamearchive.com/games/games-by-decade/2010s/love-order/,researched,322,,2026-08-22
323,Magical Diary,2011,2011,https://lgbtqgamearchive.com/games/games-by-decade/2010s/magical-diary/,researched,323,,2026-08-22
324,Marvel vs. Capcom 3: Fate of Two Worlds,2011,2011,https://lgbtqgamearchive.com/2018/06/21/lgbtq-characters-in-marvel-universe-video-games/,researched,324,,2026-08-22
325,Melting Pot,2011,2011,,needs_research,325,No dedicated archive link; source indicates research is still needed.,2026-08-22
326,My Candy Love,2011,2011,,needs_research,326,No dedicated archive link; source indicates research is still needed.,2026-08-22
327,Planet Stronghold,2011,2011,https://lgbtqgamearchive.com/games/games-by-decade/2010s/planet-stronghold/,researched,327,,2026-08-22
328,PQRS The Game,2011,2011,,needs_research,328,No dedicated archive link; source indicates research is still needed.,2026-08-22
329,Rune Factory 4,2011,2011,,needs_research,329,No dedicated archive link; source indicates research is still needed.,2026-08-22
330,Shira Oka: Second Chances,2011,2011,https://lgbtqgamearchive.com/games/games-by-decade/2010s/shira-oka-second-chances/,researched,330,,2026-08-22
331,Spirited Heart Deluxe,2011,2011,,needs_research,331,No dedicated archive link; source indicates research is still needed.,2026-08-22
332,Stardom The A-List,2011,2011,,needs_research,332,No dedicated archive link; source indicates research is still needed.,2026-08-22
333,Sugar’s Delight,2011,2011,,needs_research,333,No dedicated archive link; source indicates research is still needed.,2026-08-22
334,The Elder Scrolls V: Skyrim,2011,2011,https://lgbtqgamearchive.com/games/game-series/elder-scrolls-series/,researched,334,,2026-08-22
335,The End,2011,2011,,needs_research,335,No dedicated archive link; source indicates research is still needed.,2026-08-22
336,The Witcher 2,2011,2011,,needs_research,336,No dedicated archive link; source indicates research is still needed.,2026-08-22
337,Ultimate Marvel vs. Capcom 3,2011,2011,https://lgbtqgamearchive.com/2018/06/21/lgbtq-characters-in-marvel-universe-video-games/,researched,337,,2026-08-22
338,3DXChat,2012,2012,,needs_research,338,No dedicated archive link; source indicates research is still needed.,2026-08-22
339,Analogue: A Hate Story,2012,2012,,needs_research,339,No dedicated archive link; source indicates research is still needed.,2026-08-22
340,Animal Boyfriend,2012,2012,,needs_research,340,No dedicated archive link; source indicates research is still needed.,2026-08-22
341,Animal Crossing,2012,2012,https://lgbtqgamearchive.com/games/game-series/animal-crossing-series/,researched,341,,2026-08-22
342,Assassin’s Creed III,2012,2012,https://lgbtqgamearchive.com/games/game-series/assassins-creed/,researched,342,,2026-08-22
343,Baldur’s Gate: Enhanced Edition,2012,2012,https://lgbtqgamearchive.com/games/game-series/baldurs-gate-series/,researched,343,,2026-08-22
344,BlazBlue: Chrono Phantasma,2012,2012,https://lgbtqgamearchive.com/games/games-by-decade/2010s/blazblue-2/,researched,344,,2026-08-22
345,Borderlands 2,2012,2012,https://lgbtqgamearchive.com/games/game-series/borderlands-series/,researched,345,,2026-08-22
346,Crusader Kings II,2012,2012,,needs_research,346,No dedicated archive link; source indicates research is still needed.,2026-08-22
347,Danganronpa 2: Goodbye Despair,2012,2012,https://lgbtqgamearchive.com/games/game-series/danganronpa-series/,researched,347,,2026-08-22
348,Dragon’s Dogma,2012,2012,https://lgbtqgamearchive.com/games/games-by-decade/2010s/dragons-dogma/,researched,348,,2026-08-22
349,Dys4ia,2012,2012,https://lgbtqgamearchive.com/games/games-by-decade/2010s/dys4ia/,researched,349,,2026-08-22
350,East Tower,2012,2012,,needs_research,350,No dedicated archive link; source indicates research is still needed.,2026-08-22
351,Far Cry 3,2012,2012,,needs_research,351,No dedicated archive link; source indicates research is still needed.,2026-08-22
352,Farmville 2,2012,2012,https://lgbtqgamearchive.com/games/games-by-decade/2010s/farmville-2/,researched,352,,2026-08-22
353,Fire Emblem: Awakening,2012,2012,https://lgbtqgamearchive.com/games/game-series/fire-emblem-series/,researched,353,,2026-08-22
354,Guild Wars 2,2012,2012,https://lgbtqgamearchive.com/games/games-by-decade/2010s/guild-wars-2/,researched,354,,2026-08-22
355,Hanahira!,2012,2012,,needs_research,355,No dedicated archive link; source indicates research is still needed.,2026-08-22
356,Harvest Moon: A New Beginning,2012,2012,https://lgbtqgamearchive.com/games/game-series/harvest-moonstory-of-seasons-series/,researched,356,,2026-08-22
357,Heileen 3,2012,2012,https://lgbtqgamearchive.com/games/game-series/heileen/,researched,357,,2026-08-22
358,Heroes Rise,2012,2012,https://lgbtqgamearchive.com/games/games-by-decade/2010s/heroes-rise/,researched,358,,2026-08-22
359,Juniper’s Knot,2012,2012,,needs_research,359,No dedicated archive link; source indicates research is still needed.,2026-08-22
360,Katawa Shoujo,2012,2012,,needs_research,360,No dedicated archive link; source indicates research is still needed.,2026-08-22
361,Kindred Spirits on the Roof,2012,2012,,needs_research,361,No dedicated archive link; source indicates research is still needed.,2026-08-22
362,Lim,2012,2012,https://lgbtqgamearchive.com/games/games-by-decade/2010s/lim/,researched,363,,2026-08-22
363,Lonely Yuri,2012,2012,https://lgbtqgamearchive.com/games/games-by-decade/2010s/lonely-yuri/,researched,364,,2026-08-22
364,Long Live the Queen,2012,2012,,needs_research,365,No dedicated archive link; source indicates research is still needed.,2026-08-22
365,Loren: The Amazon Princess,2012,2012,https://lgbtqgamearchive.com/games/games-by-decade/2010s/loren-the-amazon-princess/,researched,366,,2026-08-22
366,Lunar Days Sim Date,2012,2012,https://lgbtqgamearchive.com/games/games-by-decade/2010s/lunar-days-sim-date/,researched,367,,2026-08-22
367,Madoka Magica,2012,2012,https://lgbtqgamearchive.com/games/games-by-decade/2010s/puella-magi-madoka-magica-portable/,researched,368,,2026-08-22
368,Maidens of Michael,2012,2012,,needs_research,369,No dedicated archive link; source indicates research is still needed.,2026-08-22
369,Mainichi,2012,2012,,needs_research,370,No dedicated archive link; source indicates research is still needed.,2026-08-22
370,Marvel: War of Heroes,2012,2012,https://lgbtqgamearchive.com/2018/06/21/lgbtq-characters-in-marvel-universe-video-games/,researched,371,,2026-08-22
371,Mass Effect 3,2012,2012,https://lgbtqgamearchive.com/games/game-series/mass-effect/,researched,372,,2026-08-22
372,My Ex-Boyfriend the Space Tyrant,2012,2012,https://lgbtqgamearchive.com/games/games-by-decade/2010s/my-ex-boyfriend-the-space-tyrant-2/,researched,373,,2026-08-22
373,Number Days Sim Date,2012,2012,,needs_research,374,No dedicated archive link; source indicates research is still needed.,2026-08-22
374,Resident Evil: Operation Raccon City,2012,2012,https://lgbtqgamearchive.com/games/game-series/resident-evil-series/,researched,375,,2026-08-22
375,Ristorante Amore,2012,2012,https://lgbtqgamearchive.com/games/games-by-decade/2010s/ristorante-amore/,researched,376,,2026-08-22
376,Sacred Sand,2012,2012,https://lgbtqgamearchive.com/games/games-by-decade/2010s/sacred-sand/,researched,377,,2026-08-22
377,Tales Maj’Eyal,2012,2012,,needs_research,378,No dedicated archive link; source indicates research is still needed.,2026-08-22
378,The Blackwell Convergence,2012,2012,,needs_research,379,No dedicated archive link; source indicates research is still needed.,2026-08-22
379,The Blackwell Deception,2012,2012,,needs_research,380,No dedicated archive link; source indicates research is still needed.,2026-08-22
380,The Elder Scrolls: Skyrim- Dragonborn expansion,2012,2012,https://lgbtqgamearchive.com/games/game-series/elder-scrolls-series/,researched,381,,2026-08-22
381,The House in Fata Morgana,2012,2012,,needs_research,382,No dedicated archive link; source indicates research is still needed.,2026-08-22
382,The Secret World,2012,2012,https://lgbtqgamearchive.com/games/games-by-decade/2010s/the-secret-world/,researched,383,,2026-08-22
383,The Sims 3: Supernatural,2012,2012,https://lgbtqgamearchive.com/games/game-series/sims/,researched,384,,2026-08-22
384,XCom,2012,2012,https://lgbtqgamearchive.com/games/games-by-decade/2010s/xcom/,researched,385,,2026-08-22
385,"Zombies, Run!",2012,2012,https://lgbtqgamearchive.com/games/games-by-decade/2010s/zombies-run/,researched,386,,2026-08-22
386,Baldur’s Gate II: Enchanced Edition,2013,2013,https://lgbtqgamearchive.com/games/game-series/baldurs-gate-series/,researched,387,,2026-08-22
387,Bioshock: Infinite,2013,2013,https://lgbtqgamearchive.com/games/game-series/bioshock-series/,researched,388,,2026-08-22
388,Bioshock: Infinite- Burial at Sea Episode 1,2013,2013,https://lgbtqgamearchive.com/games/game-series/bioshock-series/,researched,389,,2026-08-22
389,Blue Rose,2013,2013,https://lgbtqgamearchive.com/games/games-by-decade/2010s/blue-rose/,researched,390,,2026-08-22
390,Democracy 3,2013,2013,,needs_research,391,No dedicated archive link; source indicates research is still needed.,2026-08-22
391,Divine Divinity: Dragon Commander,2013,2013,https://lgbtqgamearchive.com/games/game-series/divine-divinity-series/,researched,392,,2026-08-22
392,DRAMAtical Murder,2013,2013,,needs_research,393,No dedicated archive link; source indicates research is still needed.,2026-08-22
393,Dynasty Warriors 8,2013,2013,https://lgbtqgamearchive.com/games/game-series/dynasty-warriors-series/,researched,394,,2026-08-22
394,Exstetra,2013,2013,,needs_research,395,No dedicated archive link; source indicates research is still needed.,2026-08-22
395,Game of Thrones Ascent,2013,2013,,needs_research,396,No dedicated archive link; source indicates research is still needed.,2026-08-22
396,Gone Home,2013,2013,https://lgbtqgamearchive.com/games/games-by-decade/2010s/gone-home/,researched,397,,2026-08-22
397,Grand Theft Auto V,2013,2013,https://lgbtqgamearchive.com/games/game-series/grand-theft-auto-series/,researched,398,,2026-08-22
398,Guenevere,2013,2013,,needs_research,399,No dedicated archive link; source indicates research is still needed.,2026-08-22
399,Hate Plus,2013,2013,,needs_research,400,No dedicated archive link; source indicates research is still needed.,2026-08-22
400,Heroes of Dragon Age,2013,2013,https://lgbtqgamearchive.com/games/game-series/dragon-age/,researched,401,,2026-08-22
401,Kindness Coins,2013,2013,,needs_research,402,No dedicated archive link; source indicates research is still needed.,2026-08-22
402,LEGO Marvel Super Heroes,2013,2013,https://lgbtqgamearchive.com/2018/06/21/lgbtq-characters-in-marvel-universe-video-games/,researched,403,,2026-08-22
403,Love Hotel,2013,2013,,needs_research,404,No dedicated archive link; source indicates research is still needed.,2026-08-22
404,Lovers of the Atelier,2013,2013,,needs_research,405,No dedicated archive link; source indicates research is still needed.,2026-08-22
405,Marvel Heroes,2013,2013,https://lgbtqgamearchive.com/2018/06/21/lgbtq-characters-in-marvel-universe-video-games/,researched,406,,2026-08-22
406,Morenatsu,2013,2013,,needs_research,407,No dedicated archive link; source indicates research is still needed.,2026-08-22
407,Mush,2013,2013,,needs_research,408,No dedicated archive link; source indicates research is still needed.,2026-08-22
408,Namco High,2013,2013,https://lgbtqgamearchive.com/games/games-by-decade/2010s/namco-high/,needs_research,409,Marked with ^ by the source list.,2026-08-22
409,Nicole,2013,2013,,needs_research,410,No dedicated archive link; source indicates research is still needed.,2026-08-22
410,"No, Thank You!!!",2013,2013,,needs_research,411,No dedicated archive link; source indicates research is still needed.,2026-08-22
411,Numenera,2013,2013,,needs_research,412,No dedicated archive link; source indicates research is still needed.,2026-08-22
412,One,2013,2013,,needs_research,413,No dedicated archive link; source indicates research is still needed.,2026-08-22
413,"Papers, Please",2013,2013,,needs_research,414,No dedicated archive link; source indicates research is still needed.,2026-08-22
414,Path of Exile,2013,2013,,needs_research,415,No dedicated archive link; source indicates research is still needed.,2026-08-22
415,Pokemon X/Y,2013,2013,https://lgbtqgamearchive.com/games/games-by-decade/2010s/pokemon-xy/,researched,416,,2026-08-22
416,Pom Gets WiFi,2013,2013,https://lgbtqgamearchive.com/games/games-by-decade/2010s/pom-gets-wi-fi/,researched,417,,2026-08-22
417,Problem Attic,2013,2013,,needs_research,418,No dedicated archive link; source indicates research is still needed.,2026-08-22
418,Queers in love at the end of the world,2013,2013,https://lgbtqgamearchive.com/games/games-by-decade/2010s/queers-in-love-at-the-end-of-the-world/,researched,419,,2026-08-22
419,Queertastrophe,2013,2013,,needs_research,420,No dedicated archive link; source indicates research is still needed.,2026-08-22
420,Redshirt,2013,2013,,needs_research,421,No dedicated archive link; source indicates research is still needed.,2026-08-22
421,Republic City High,2013,2013,,needs_research,422,No dedicated archive link; source indicates research is still needed.,2026-08-22
422,Rising Angels: Reborn,2013,2013,https://lgbtqgamearchive.com/games/games-by-decade/2010s/rising-angels-reborn/,researched,423,,2026-08-22
423,Rogue Legacy,2013,2013,https://lgbtqgamearchive.com/games/games-by-decade/2010s/rogue-legacy/,researched,424,,2026-08-22
424,RuPaul’s Drag Race Dragopolis,2013,2013,https://lgbtqgamearchive.com/games/games-by-decade/2010s/rupauls-drag-race-dragopolis-2/,researched,425,,2026-08-22
425,Rust,2013,2013,,needs_research,426,No dedicated archive link; source indicates research is still needed.,2026-08-22
426,Spelunky,2013,2013,,needs_research,427,No dedicated archive link; source indicates research is still needed.,2026-08-22
427,Star Wars: The Old Republic- Rise of the Hutt Cartel,2013,2013,https://lgbtqgamearchive.com/games/games-by-decade/2010s/star-wars-the-old-republic/,researched,428,,2026-08-22
428,State of Decay,2013,2013,https://lgbtqgamearchive.com/games/games-by-decade/2010s/state-of-decay/,needs_research,429,Marked with ^ by the source list.,2026-08-22
429,Tearaway,2013,2013,,needs_research,430,No dedicated archive link; source indicates research is still needed.,2026-08-22
430,Tomodachi Life,2013,2013,https://lgbtqgamearchive.com/games/games-by-decade/2010s/tomodachi-life/,researched,431,,2026-08-22
431,The Bureau: XCOM Declassified,2013,2013,https://lgbtqgamearchive.com/games/games-by-decade/2010s/the-bureau-xcom-declassified/,researched,432,,2026-08-22
432,The Last of Us,2013,2013,https://lgbtqgamearchive.com/games/games-by-decade/2010s/the-last-of-us/,researched,433,,2026-08-22
433,The Milk of Human Kindness,2013,2013,,needs_research,434,No dedicated archive link; source indicates research is still needed.,2026-08-22
434,The Sims 3: Aurora Skies,2013,2013,https://lgbtqgamearchive.com/games/game-series/sims/,researched,435,,2026-08-22
435,The Sims 3: Into the Future,2013,2013,https://lgbtqgamearchive.com/games/game-series/sims/,researched,436,,2026-08-22
436,The Sims 3: Roaring Heights,2013,2013,https://lgbtqgamearchive.com/games/game-series/sims/,researched,437,,2026-08-22
437,The Walking Dead Video Game,2013,2013,https://lgbtqgamearchive.com/games/games-by-decade/2010s/the-walking-dead-video-game/,researched,438,,2026-08-22
438,The Yawhg,2013,2013,,needs_research,439,No dedicated archive link; source indicates research is still needed.,2026-08-22
439,This Is Where I Want To Die,2013,2013,https://lgbtqgamearchive.com/games/games-by-decade/2010s/this-is-where-i-want-to-die/,researched,440,,2026-08-22
440,Tin Star,2013,2013,,needs_research,441,No dedicated archive link; source indicates research is still needed.,2026-08-22
441,Tomb Raider,2013,2013,https://lgbtqgamearchive.com/games/games-by-decade/2010s/tomb-raider-2/,researched,442,,2026-08-22
442,Triad,2013,2013,,needs_research,443,No dedicated archive link; source indicates research is still needed.,2026-08-22
443,Uncommon Time,2013,2013,,needs_research,444,No dedicated archive link; source indicates research is still needed.,2026-08-22
444,Vladi Bird,2013,2013,https://lgbtqgamearchive.com/games/games-by-decade/2010s/vladi-bird/,researched,445,,2026-08-22
445,WWE 2K14,2013,2013,https://lgbtqgamearchive.com/games/games-by-decade/2010s/wwe-2k14-2/,researched,446,,2026-08-22
446,Yousei,2013,2013,https://lgbtqgamearchive.com/games/games-by-decade/2010s/yousei/,researched,447,,2026-08-22
447,1954 Alcatraz,2014,2014,,needs_research,448,No dedicated archive link; source indicates research is still needed.,2026-08-22
448,80 Days,2014,2014,,needs_research,449,No dedicated archive link; source indicates research is still needed.,2026-08-22
449,Always Sometimes Monsters,2014,2014,,needs_research,450,No dedicated archive link; source indicates research is still needed.,2026-08-22
450,Artificial Academy,2014,2014,https://lgbtqgamearchive.com/games/games-by-decade/2010s/artificial-academy/,needs_research,451,Marked with ^ by the source list.,2026-08-22
451,Assassin’s Creed Unity,2014,2014,https://lgbtqgamearchive.com/games/game-series/assassins-creed/,researched,452,,2026-08-22
452,Ayakashigami,2014,2014,,needs_research,453,No dedicated archive link; source indicates research is still needed.,2026-08-22
453,Backstage Pass,2014,2014,,needs_research,454,No dedicated archive link; source indicates research is still needed.,2026-08-22
454,Benthic Love,2014,2014,,needs_research,455,No dedicated archive link; source indicates research is still needed.,2026-08-22
455,Blackwell Epiphany,2014,2014,,needs_research,456,No dedicated archive link; source indicates research is still needed.,2026-08-22
456,Borderlands: The Presequel!,2014,2014,https://lgbtqgamearchive.com/games/game-series/borderlands-series/,needs_research,457,Marked with ^ by the source list.,2026-08-22
457,Card City Nights,2014,2014,,needs_research,458,No dedicated archive link; source indicates research is still needed.,2026-08-22
458,Chronicles of a Dark Lord,2014,2014,,needs_research,459,No dedicated archive link; source indicates research is still needed.,2026-08-22
459,Coming Out on Top,2014,2014,https://lgbtqgamearchive.com/games/games-by-decade/2010s/coming-out-on-top/,researched,460,,2026-08-22
460,Coming Out Simulator,2014,2014,,needs_research,461,No dedicated archive link; source indicates research is still needed.,2026-08-22
461,Consensual Torture Simulator,2014,2014,,needs_research,462,No dedicated archive link; source indicates research is still needed.,2026-08-22
462,Creatures Such as We,2014,2014,https://lgbtqgamearchive.com/games/games-by-decade/2010s/creatures-such-as-we/,researched,463,,2026-08-22
463,Croixleur Sigma,2014,2014,,needs_research,464,No dedicated archive link; source indicates research is still needed.,2026-08-22
464,Danganronpa Another Episode: Ultra Despair Girls,2014,2014,https://lgbtqgamearchive.com/games/game-series/danganronpa-series/,researched,465,,2026-08-22
465,Dead State: Reanimated,2014,2014,,needs_research,466,No dedicated archive link; source indicates research is still needed.,2026-08-22
466,Divine Divinity: Original Sin,2014,2014,https://lgbtqgamearchive.com/games/game-series/divine-divinity-series/,researched,467,,2026-08-22
467,Dominique Pamplemousse,2014,2014,https://lgbtqgamearchive.com/games/games-by-decade/2010s/dominique-pamplemousse/,researched,468,,2026-08-22
468,Dragon Age: Inquisition,2014,2014,https://lgbtqgamearchive.com/games/game-series/dragon-age/,researched,469,,2026-08-22
469,Dreamfall Chapters,2014,2014,https://lgbtqgamearchive.com/games/games-by-decade/2010s/dreamfall-chapters-the-longest-journey/,researched,470,,2026-08-22
470,Enola,2014,2014,,needs_research,471,No dedicated archive link; source indicates research is still needed.,2026-08-22
471,Final Fantasy XIV: A Realm Reborn,2014,2014,https://lgbtqgamearchive.com/games/game-series/final-fantasy/,researched,472,,2026-08-22
472,Flower Garden,2014,2014,,needs_research,473,No dedicated archive link; source indicates research is still needed.,2026-08-22
473,Gat Life: Boyfriend Bar,2014,2014,,needs_research,474,No dedicated archive link; source indicates research is still needed.,2026-08-22
474,Gay Cats Go to the Weird Weird Woods,2014,2014,https://lgbtqgamearchive.com/games/games-by-decade/2010s/gay-cats-go-to-the-weird-weird-woods/,researched,475,,2026-08-22
475,Gender Bender DNA Twister Extreme,2014,2014,,needs_research,476,No dedicated archive link; source indicates research is still needed.,2026-08-22
476,Girl with a Claw Hammer,2014,2014,,needs_research,477,No dedicated archive link; source indicates research is still needed.,2026-08-22
477,Girlvania,2014,2014,,needs_research,478,No dedicated archive link; source indicates research is still needed.,2026-08-22
478,Great Personality: Guardians,2014,2014,,needs_research,479,No dedicated archive link; source indicates research is still needed.,2026-08-22
479,Hard Mode 101,2014,2014,,needs_research,480,No dedicated archive link; source indicates research is still needed.,2026-08-22
480,High School Story,2014,2014,,needs_research,481,No dedicated archive link; source indicates research is still needed.,2026-08-22
481,Hollywood U: Rising Stars,2014,2014,,needs_research,482,No dedicated archive link; source indicates research is still needed.,2026-08-22
482,how do you Do It?,2014,2014,,needs_research,483,No dedicated archive link; source indicates research is still needed.,2026-08-22
483,Hurt Me Plenty,2014,2014,https://lgbtqgamearchive.com/games/games-by-decade/2010s/hurt-me-plenty/,researched,484,,2026-08-22
484,Kim Kardashian: Hollywood,2014,2014,,needs_research,485,No dedicated archive link; source indicates research is still needed.,2026-08-22
485,Kitty Powers Matchmaker,2014,2014,,needs_research,486,No dedicated archive link; source indicates research is still needed.,2026-08-22
486,Lesbian Spider-Queens of Mars,2014,2014,https://lgbtqgamearchive.com/games/games-by-decade/2010s/lesbian-spider-queens-of-mars-2/,researched,487,,2026-08-22
487,Leviathan: The Last Day of the Decade,2014,2014,,needs_research,488,No dedicated archive link; source indicates research is still needed.,2026-08-22
488,Liar Liar,2014,2014,,needs_research,489,No dedicated archive link; source indicates research is still needed.,2026-08-22
489,LISA,2014,2014,,needs_research,490,No dedicated archive link; source indicates research is still needed.,2026-08-22
490,LongStory,2014,2014,,needs_research,491,No dedicated archive link; source indicates research is still needed.,2026-08-22
491,Mahou Shoujo Žižek-chan!,2014,2014,,needs_research,492,No dedicated archive link; source indicates research is still needed.,2026-08-22
492,Moebius: Empire Rising,2014,2014,,needs_research,493,No dedicated archive link; source indicates research is still needed.,2026-08-22
493,Mount Your Friends,2014,2014,https://lgbtqgamearchive.com/games/games-by-decade/2010s/mount-your-friends/,researched,494,,2026-08-22
494,Princess Remedy in a World of Hurt,2014,2014,,needs_research,495,No dedicated archive link; source indicates research is still needed.,2026-08-22
495,Quantum Conscience,2014,2014,,needs_research,496,No dedicated archive link; source indicates research is still needed.,2026-08-22
496,Queens Gambit,2014,2014,,needs_research,497,No dedicated archive link; source indicates research is still needed.,2026-08-22
497,Randal’s Monday,2014,2014,,needs_research,498,No dedicated archive link; source indicates research is still needed.,2026-08-22
498,reProgram,2014,2014,,needs_research,499,No dedicated archive link; source indicates research is still needed.,2026-08-22
499,Road Not Taken,2014,2014,,needs_research,500,No dedicated archive link; source indicates research is still needed.,2026-08-22
500,Robots Need Love Too,2014,2014,https://lgbtqgamearchive.com/games/games-by-decade/2010s/robots-need-love-too/,researched,501,,2026-08-22
501,Romance Detective,2014,2014,,needs_research,502,No dedicated archive link; source indicates research is still needed.,2026-08-22
502,Roommates Visual Novel,2014,2014,https://lgbtqgamearchive.com/games/games-by-decade/2010s/roommates-visual-novel/,researched,503,,2026-08-22
503,Roundabout,2014,2014,,needs_research,504,No dedicated archive link; source indicates research is still needed.,2026-08-22
504,Saints Row IV,2014,2014,,needs_research,505,No dedicated archive link; source indicates research is still needed.,2026-08-22
505,See No Evil,2014,2014,,needs_research,506,No dedicated archive link; source indicates research is still needed.,2026-08-22
506,Shadowrun: Dragonfall,2014,2014,https://lgbtqgamearchive.com/games/games-by-decade/2010s/shadowrun-dragonfall/,researched,507,,2026-08-22
507,Shan Gui,2014,2014,,needs_research,508,No dedicated archive link; source indicates research is still needed.,2026-08-22
508,Shiro // Kuro,2014,2014,,needs_research,509,No dedicated archive link; source indicates research is still needed.,2026-08-22
509,Social Justice Warriors,2014,2014,,needs_research,510,No dedicated archive link; source indicates research is still needed.,2026-08-22
510,Starbot,2014,2014,,needs_research,511,No dedicated archive link; source indicates research is still needed.,2026-08-22
511,Story of Seasons (Harvest Moon),2014,2014,https://lgbtqgamearchive.com/games/game-series/harvest-moonstory-of-seasons-series/,researched,512,,2026-08-22
512,Tales of Aravorn: Seasons of the Wolf,2014,2014,,needs_research,513,No dedicated archive link; source indicates research is still needed.,2026-08-22
513,Talks With My Mom,2014,2014,,needs_research,514,No dedicated archive link; source indicates research is still needed.,2026-08-22
514,The Blackwell Epiphany,2014,2014,,needs_research,515,No dedicated archive link; source indicates research is still needed.,2026-08-22
515,The Elder Scrolls Online,2014,2014,https://lgbtqgamearchive.com/games/game-series/elder-scrolls-series/,researched,516,,2026-08-22
516,The Legend of Korra,2014,2014,https://lgbtqgamearchive.com/games/games-by-decade/2010s/the-legend-of-korra/,researched,517,,2026-08-22
517,The Sims 4,2014,2014,https://lgbtqgamearchive.com/games/game-series/sims/,researched,518,,2026-08-22
518,To Kill A Black Swan,2014,2014,https://lgbtqgamearchive.com/games/games-by-decade/2010s/to-kill-a-black-swan/,needs_research,519,Marked with ^ by the source list.,2026-08-22
519,Transistor,2014,2014,,needs_research,520,No dedicated archive link; source indicates research is still needed.,2026-08-22
520,Trials in Tainted Space,2014,2014,,needs_research,521,No dedicated archive link; source indicates research is still needed.,2026-08-22
521,Twine and Punishment,2014,2014,,needs_research,522,No dedicated archive link; source indicates research is still needed.,2026-08-22
522,Valkyria Chronicles,2014,2014,,needs_research,523,No dedicated archive link; source indicates research is still needed.,2026-08-22
523,Wasteland 2,2014,2014,,needs_research,524,No dedicated archive link; source indicates research is still needed.,2026-08-22
524,With Those We Love Alive,2014,2014,,needs_research,525,No dedicated archive link; source indicates research is still needed.,2026-08-22
525,X-Men: Battle of the Atom,2014,2014,https://lgbtqgamearchive.com/2018/06/21/lgbtq-characters-in-marvel-universe-video-games/,researched,526,,2026-08-22
526,7th Dragon III Code: VFD,2015,2015,https://lgbtqgamearchive.com/games/game-series/7th-dragon-series/,researched,527,,2026-08-22
527,Aerannis,2015,2015,,needs_research,528,No dedicated archive link; source indicates research is still needed.,2026-08-22
528,After the Bell Rings,2015,2015,,needs_research,529,No dedicated archive link; source indicates research is still needed.,2026-08-22
529,Always the Same Blue Sky,2015,2015,,needs_research,530,No dedicated archive link; source indicates research is still needed.,2026-08-22
530,An Escort Mission,2015,2015,,needs_research,531,No dedicated archive link; source indicates research is still needed.,2026-08-22
531,April Was A Fool,2015,2015,,needs_research,532,No dedicated archive link; source indicates research is still needed.,2026-08-22
532,Arcana Heart 3,2015,2015,,needs_research,533,No dedicated archive link; source indicates research is still needed.,2026-08-22
533,Asphyxia,2015,2015,,needs_research,534,No dedicated archive link; source indicates research is still needed.,2026-08-22
534,Assassin’s Creed: Syndicate,2015,2015,https://lgbtqgamearchive.com/games/game-series/assassins-creed/,researched,535,,2026-08-22
535,Be Witching,2015,2015,,needs_research,536,No dedicated archive link; source indicates research is still needed.,2026-08-22
536,Beach Bounce,2015,2015,,needs_research,537,No dedicated archive link; source indicates research is still needed.,2026-08-22
537,Belladonna,2015,2015,,needs_research,538,No dedicated archive link; source indicates research is still needed.,2026-08-22
538,Besties,2015,2015,,needs_research,539,No dedicated archive link; source indicates research is still needed.,2026-08-22
539,Birdland,2015,2015,,needs_research,540,No dedicated archive link; source indicates research is still needed.,2026-08-22
540,Black Closet,2015,2015,,needs_research,541,No dedicated archive link; source indicates research is still needed.,2026-08-22
541,Blank Dream,2015,2015,,needs_research,542,No dedicated archive link; source indicates research is still needed.,2026-08-22
542,BlazBlue: Central Fiction,2015,2015,https://lgbtqgamearchive.com/games/games-by-decade/2010s/blazblue-2/,researched,543,,2026-08-22
543,Blooming Relations,2015,2015,,needs_research,544,No dedicated archive link; source indicates research is still needed.,2026-08-22
544,Blossoming Love,2015,2015,,needs_research,545,No dedicated archive link; source indicates research is still needed.,2026-08-22
545,Brilliant Shadows: Part One of the Book of Gray Magic,2015,2015,,needs_research,546,No dedicated archive link; source indicates research is still needed.,2026-08-22
546,Broken Folx,2015,2015,,needs_research,547,No dedicated archive link; source indicates research is still needed.,2026-08-22
547,Cahors Sunset,2015,2015,,needs_research,548,No dedicated archive link; source indicates research is still needed.,2026-08-22
548,Call of Duty: Black Ops III,2015,2015,,needs_research,549,No dedicated archive link; source indicates research is still needed.,2026-08-22
549,Carmilla – Make your destiny,2015,2015,,needs_research,550,No dedicated archive link; source indicates research is still needed.,2026-08-22
550,Cobra Club,2015,2015,https://lgbtqgamearchive.com/games/games-by-decade/2010s/cobra-club/,researched,551,,2026-08-22
551,Com Amore,2015,2015,,needs_research,552,No dedicated archive link; source indicates research is still needed.,2026-08-22
552,Computers Are Easy/Love Is Kind,2015,2015,https://lgbtqgamearchive.com/games/games-by-decade/2010s/computers-are-easy-love-is-kind/,researched,553,,2026-08-22
553,Cosplay Maker,2015,2015,,needs_research,554,No dedicated archive link; source indicates research is still needed.,2026-08-22
554,Crook to Queen,2015,2015,,needs_research,555,No dedicated archive link; source indicates research is still needed.,2026-08-22
555,Curtain,2015,2015,,needs_research,556,No dedicated archive link; source indicates research is still needed.,2026-08-22
556,Cute Demon Crashers!,2015,2015,,needs_research,557,No dedicated archive link; source indicates research is still needed.,2026-08-22
557,Dead but Alive! Southern England,2015,2015,,needs_research,558,No dedicated archive link; source indicates research is still needed.,2026-08-22
558,Demi Lovato: Path to Fame,2015,2015,,needs_research,559,No dedicated archive link; source indicates research is still needed.,2026-08-22
559,Dex,2015,2015,,needs_research,560,No dedicated archive link; source indicates research is still needed.,2026-08-22
560,Dinner for Two,2015,2015,,needs_research,561,No dedicated archive link; source indicates research is still needed.,2026-08-22
561,Disgaea 5,2015,2015,,needs_research,562,No dedicated archive link; source indicates research is still needed.,2026-08-22
562,Dream of Mirror Online,2015,2015,,needs_research,563,No dedicated archive link; source indicates research is still needed.,2026-08-22
563,Fairy Tale,2015,2015,,needs_research,564,No dedicated archive link; source indicates research is still needed.,2026-08-22
564,Fall of Eden,2015,2015,,needs_research,565,No dedicated archive link; source indicates research is still needed.,2026-08-22
565,Fallout 4,2015,2015,https://lgbtqgamearchive.com/games/game-series/fallout-series/,researched,566,,2026-08-22
566,Fight like a Girl,2015,2015,,needs_research,567,No dedicated archive link; source indicates research is still needed.,2026-08-22
567,Fire Emblem Fates,2015,2015,https://lgbtqgamearchive.com/games/game-series/fire-emblem-series/,researched,568,,2026-08-22
568,Follow the Darkness,2015,2015,,needs_research,569,No dedicated archive link; source indicates research is still needed.,2026-08-22
569,Forward to the Sky,2015,2015,,needs_research,570,No dedicated archive link; source indicates research is still needed.,2026-08-22
570,Gay Fighter Supreme,2015,2015,https://lgbtqgamearchive.com/games/games-by-decade/2010s/gay-fighter-supreme/,researched,571,,2026-08-22
571,Hacknet,2015,2015,,needs_research,572,No dedicated archive link; source indicates research is still needed.,2026-08-22
572,Helena’s Flowers,2015,2015,,needs_research,573,No dedicated archive link; source indicates research is still needed.,2026-08-22
573,Hero Generations,2015,2015,,needs_research,574,No dedicated archive link; source indicates research is still needed.,2026-08-22
574,Heroes of Legionwood,2015,2015,,needs_research,575,No dedicated archive link; source indicates research is still needed.,2026-08-22
575,Highschool Romance,2015,2015,,needs_research,576,No dedicated archive link; source indicates research is still needed.,2026-08-22
576,Hikoki Fakkuboto,2015,2015,,needs_research,577,No dedicated archive link; source indicates research is still needed.,2026-08-22
577,Hot Tin Roof,2015,2015,,needs_research,578,No dedicated archive link; source indicates research is still needed.,2026-08-22
578,HuniePop,2015,2015,,needs_research,579,No dedicated archive link; source indicates research is still needed.,2026-08-22
579,Hyperdimension Neptunia,2015,2015,,needs_research,580,No dedicated archive link; source indicates research is still needed.,2026-08-22
580,I Want To Marry The Princess!,2015,2015,,needs_research,581,No dedicated archive link; source indicates research is still needed.,2026-08-22
581,ICY,2015,2015,,needs_research,582,No dedicated archive link; source indicates research is still needed.,2026-08-22
582,Indefinite: Interrogration Game,2015,2015,,needs_research,583,No dedicated archive link; source indicates research is still needed.,2026-08-22
583,Lakeview Cabin Collection,2015,2015,,needs_research,584,No dedicated archive link; source indicates research is still needed.,2026-08-22
584,Last Days of Spring,2015,2015,,needs_research,585,No dedicated archive link; source indicates research is still needed.,2026-08-22
585,Leave You Behind,2015,2015,,needs_research,586,No dedicated archive link; source indicates research is still needed.,2026-08-22
586,Legena Series,2015,2015,,needs_research,587,No dedicated archive link; source indicates research is still needed.,2026-08-22
587,Legena: Union Tides,2015,2015,,needs_research,588,No dedicated archive link; source indicates research is still needed.,2026-08-22
588,Libretta,2015,2015,,needs_research,589,No dedicated archive link; source indicates research is still needed.,2026-08-22
589,Life is Strange,2015,2015,https://lgbtqgamearchive.com/?page_id=12177,researched,590,,2026-08-22
590,Lifeline,2015,2015,https://lgbtqgamearchive.com/2019/04/16/pronouns-in-lifeline/,researched,591,,2026-08-22
591,Lily Platinum,2015,2015,,needs_research,592,No dedicated archive link; source indicates research is still needed.,2026-08-22
592,Lily Seed,2015,2015,,needs_research,593,No dedicated archive link; source indicates research is still needed.,2026-08-22
593,Lilycal Laika,2015,2015,,needs_research,594,No dedicated archive link; source indicates research is still needed.,2026-08-22
594,Little Witch Story,2015,2015,,needs_research,595,No dedicated archive link; source indicates research is still needed.,2026-08-22
595,Lucius II,2015,2015,,needs_research,596,No dedicated archive link; source indicates research is still needed.,2026-08-22
596,Massive Chalice,2015,2015,,needs_research,597,No dedicated archive link; source indicates research is still needed.,2026-08-22
597,Mean Girls: Senior Year,2015,2015,,needs_research,598,No dedicated archive link; source indicates research is still needed.,2026-08-22
598,Mean Girls: The Game,2015,2015,,needs_research,599,No dedicated archive link; source indicates research is still needed.,2026-08-22
599,Melos,2015,2015,,needs_research,600,No dedicated archive link; source indicates research is still needed.,2026-08-22
600,Might and Magic,2015,2015,,needs_research,601,No dedicated archive link; source indicates research is still needed.,2026-08-22
601,Miko Gakkou Monogatari,2015,2015,,needs_research,602,No dedicated archive link; source indicates research is still needed.,2026-08-22
602,Mine Road,2015,2015,,needs_research,603,No dedicated archive link; source indicates research is still needed.,2026-08-22
603,Moon Tree,2015,2015,,needs_research,604,No dedicated archive link; source indicates research is still needed.,2026-08-22
604,Mortal Kombat X,2015,2015,https://lgbtqgamearchive.com/games/games-by-decade/2010s/mortal-kombat-x/,researched,605,,2026-08-22
605,My Time at Portia,2015,2015,,needs_research,606,No dedicated archive link; source indicates research is still needed.,2026-08-22
606,My Virtual Gay Boyfriend,2015,2015,,needs_research,607,No dedicated archive link; source indicates research is still needed.,2026-08-22
607,Nancy Drew: Sea of Darkness,2015,2015,,needs_research,608,No dedicated archive link; source indicates research is still needed.,2026-08-22
608,Natsumi & Fuyuko: All That’s Inbetween,2015,2015,,needs_research,609,No dedicated archive link; source indicates research is still needed.,2026-08-22
609,Ninja Pizza Girl,2015,2015,,needs_research,610,No dedicated archive link; source indicates research is still needed.,2026-08-22
610,Not a Game About Catching Monsters,2015,2015,,needs_research,611,No dedicated archive link; source indicates research is still needed.,2026-08-22
611,Ohmygod Are You Alright?,2015,2015,https://lgbtqgamearchive.com/games/games-by-decade/2010s/ohmygod-are-you-alright/,researched,612,,2026-08-22
612,Our War Everlasting,2015,2015,,needs_research,613,No dedicated archive link; source indicates research is still needed.,2026-08-22
613,Painters Guild,2015,2015,,needs_research,614,No dedicated archive link; source indicates research is still needed.,2026-08-22
614,Pillars of Eternity,2015,2015,,needs_research,615,No dedicated archive link; source indicates research is still needed.,2026-08-22
615,PrideFest Game,2015,2015,,needs_research,616,No dedicated archive link; source indicates research is still needed.,2026-08-22
616,Princesses’s Maid,2015,2015,,needs_research,617,No dedicated archive link; source indicates research is still needed.,2026-08-22
617,Psycho-Pass: Mandatory Happiness,2015,2015,,needs_research,618,No dedicated archive link; source indicates research is still needed.,2026-08-22
618,Queen at Arms,2015,2015,,needs_research,619,No dedicated archive link; source indicates research is still needed.,2026-08-22
619,Queen Cobra,2015,2015,,needs_research,620,No dedicated archive link; source indicates research is still needed.,2026-08-22
620,Queercade,2015,2015,,needs_research,621,No dedicated archive link; source indicates research is still needed.,2026-08-22
621,queered static,2015,2015,,needs_research,622,No dedicated archive link; source indicates research is still needed.,2026-08-22
622,Read Only Memories,2015,2015,,needs_research,623,No dedicated archive link; source indicates research is still needed.,2026-08-22
623,Rebuild 3,2015,2015,,needs_research,624,No dedicated archive link; source indicates research is still needed.,2026-08-22
624,Redshift and Portalmetal,2015,2015,,needs_research,625,No dedicated archive link; source indicates research is still needed.,2026-08-22
625,Regicide: Tale of the Forgotten Thief,2015,2015,,needs_research,626,No dedicated archive link; source indicates research is still needed.,2026-08-22
626,Renowned Explorers,2015,2015,,needs_research,627,No dedicated archive link; source indicates research is still needed.,2026-08-22
627,Revolution! Rinagisa,2015,2015,,needs_research,628,No dedicated archive link; source indicates research is still needed.,2026-08-22
628,Rinse and Repeat,2015,2015,,needs_research,629,No dedicated archive link; source indicates research is still needed.,2026-08-22
629,Rise of the Bloodmoon Curse,2015,2015,,needs_research,630,No dedicated archive link; source indicates research is still needed.,2026-08-22
630,Rise of the Tomb Raider,2015,2015,,needs_research,631,No dedicated archive link; source indicates research is still needed.,2026-08-22
631,Robo Tea: 1 Cup,2015,2015,,needs_research,632,No dedicated archive link; source indicates research is still needed.,2026-08-22
632,Sakura Fantasy,2015,2015,,needs_research,633,No dedicated archive link; source indicates research is still needed.,2026-08-22
633,Seduce Me,2015,2015,,needs_research,634,No dedicated archive link; source indicates research is still needed.,2026-08-22
634,Serafina’s Crown,2015,2015,,needs_research,635,No dedicated archive link; source indicates research is still needed.,2026-08-22
635,Seven Levels To Paradise,2015,2015,,needs_research,636,No dedicated archive link; source indicates research is still needed.,2026-08-22
636,Shoujo Showdown,2015,2015,,needs_research,637,No dedicated archive link; source indicates research is still needed.,2026-08-22
637,Skycastles over Atlantis,2015,2015,,needs_research,638,No dedicated archive link; source indicates research is still needed.,2026-08-22
638,SOMA,2015,2015,https://lgbtqgamearchive.com/games/games-by-decade/2010s/soma/,researched,639,,2026-08-22
639,Sound of Drop,2015,2015,,needs_research,640,No dedicated archive link; source indicates research is still needed.,2026-08-22
640,Spirits of Xanadu,2015,2015,,needs_research,641,No dedicated archive link; source indicates research is still needed.,2026-08-22
641,Spotney,2015,2015,,needs_research,642,No dedicated archive link; source indicates research is still needed.,2026-08-22
642,Starfighter Eclipse,2015,2015,,needs_research,643,No dedicated archive link; source indicates research is still needed.,2026-08-22
643,Steven Universe: Attack the Light,2015,2015,https://lgbtqgamearchive.com/?page_id=11736,researched,644,,2026-08-22
644,Stick Shift,2015,2015,https://lgbtqgamearchive.com/games/games-by-decade/2010s/stick-shift/,researched,645,,2026-08-22
645,Stranded Hearts,2015,2015,,needs_research,646,No dedicated archive link; source indicates research is still needed.,2026-08-22
646,Succulent,2015,2015,https://lgbtqgamearchive.com/games/games-by-decade/2010s/succulent/,researched,647,,2026-08-22
647,Summer Roarmance,2015,2015,,needs_research,648,No dedicated archive link; source indicates research is still needed.,2026-08-22
648,Sunless Sea,2015,2015,,needs_research,649,No dedicated archive link; source indicates research is still needed.,2026-08-22
649,SUPER YURI RPG,2015,2015,,needs_research,650,No dedicated archive link; source indicates research is still needed.,2026-08-22
650,Supreme League of Patriots,2015,2015,,needs_research,651,No dedicated archive link; source indicates research is still needed.,2026-08-22
651,Sword of Asumi,2015,2015,,needs_research,652,No dedicated archive link; source indicates research is still needed.,2026-08-22
652,Syrup and the Ultimate Sweet,2015,2015,,needs_research,653,No dedicated archive link; source indicates research is still needed.,2026-08-22
653,Tales of Zestiria,2015,2015,https://lgbtqgamearchive.com/games/game-series/tales-series,researched,654,,2026-08-22
654,Technobabylon,2015,2015,,needs_research,655,No dedicated archive link; source indicates research is still needed.,2026-08-22
655,Teenage Gayward,2015,2015,,needs_research,656,No dedicated archive link; source indicates research is still needed.,2026-08-22
656,Telepath Tactics,2015,2015,,needs_research,657,No dedicated archive link; source indicates research is still needed.,2026-08-22
657,The Grind,2015,2015,,needs_research,658,No dedicated archive link; source indicates research is still needed.,2026-08-22
658,The Hero of Kendrickstone,2015,2015,,needs_research,659,No dedicated archive link; source indicates research is still needed.,2026-08-22
659,The Icecream Parlour,2015,2015,,needs_research,660,No dedicated archive link; source indicates research is still needed.,2026-08-22
660,The Last Word,2015,2015,,needs_research,661,No dedicated archive link; source indicates research is still needed.,2026-08-22
661,The Reject Demon,2015,2015,,needs_research,662,No dedicated archive link; source indicates research is still needed.,2026-08-22
662,The Royal Trap,2015,2015,,needs_research,663,No dedicated archive link; source indicates research is still needed.,2026-08-22
663,The Witcher 3,2015,2015,https://lgbtqgamearchive.com/games/game-series/witcher/,researched,664,,2026-08-22
664,This Is Not A Game About Catching Monsters,2015,2015,,needs_research,665,No dedicated archive link; source indicates research is still needed.,2026-08-22
665,Three Fourths Home,2015,2015,,needs_research,666,No dedicated archive link; source indicates research is still needed.,2026-08-22
666,Til Cows Tear Us Apart,2015,2015,,needs_research,667,No dedicated archive link; source indicates research is still needed.,2026-08-22
667,Tranxiety,2015,2015,https://lgbtqgamearchive.com/games/games-by-decade/2010s/tranxiety/,researched,668,,2026-08-22
668,Undertale,2015,2015,https://lgbtqgamearchive.com/games/games-by-decade/2010s/undertale/,researched,669,,2026-08-22
669,Void and Meddler,2015,2015,https://lgbtqgamearchive.com/games/games-by-decade/2010s/void-and-meddler-episodes-1-and-2/,researched,670,,2026-08-22
670,War of the Lilies: An Eons Lost Story,2015,2015,,needs_research,671,No dedicated archive link; source indicates research is still needed.,2026-08-22
671,Wedding Escape,2015,2015,,needs_research,672,No dedicated archive link; source indicates research is still needed.,2026-08-22
672,Westerado,2015,2015,,needs_research,673,No dedicated archive link; source indicates research is still needed.,2026-08-22
673,Where Ages Go,2015,2015,,needs_research,674,No dedicated archive link; source indicates research is still needed.,2026-08-22
674,Wild Season,2015,2015,,needs_research,675,No dedicated archive link; source indicates research is still needed.,2026-08-22
675,Wishing Seed,2015,2015,,needs_research,676,No dedicated archive link; source indicates research is still needed.,2026-08-22
676,Wolfenstein: The Old Blood,2015,2015,,needs_research,677,No dedicated archive link; source indicates research is still needed.,2026-08-22
677,Wolfgirls in Love,2015,2015,,needs_research,678,No dedicated archive link; source indicates research is still needed.,2026-08-22
678,Written in the Sky,2015,2015,,needs_research,679,No dedicated archive link; source indicates research is still needed.,2026-08-22
679,Xenoblade Chronicles X,2015,2015,,needs_research,680,No dedicated archive link; source indicates research is still needed.,2026-08-22
680,Your Gay Monster Family,2015,2015,,needs_research,681,No dedicated archive link; source indicates research is still needed.,2026-08-22
681,Zombies of Lesbos,2015,2015,,needs_research,682,No dedicated archive link; source indicates research is still needed.,2026-08-22
682,_Blank,2016,2016,,needs_research,683,No dedicated archive link; source indicates research is still needed.,2026-08-22
683,_transfer,2016,2016,,needs_research,684,No dedicated archive link; source indicates research is still needed.,2026-08-22
684,~Ow~,2016,2016,,needs_research,685,No dedicated archive link; source indicates research is still needed.,2026-08-22
685,8=D~,2016,2016,,needs_research,686,No dedicated archive link; source indicates research is still needed.,2026-08-22
686,A Cat with no tail,2016,2016,,needs_research,687,No dedicated archive link; source indicates research is still needed.,2026-08-22
687,A Little Lily Princess,2016,2016,,needs_research,688,No dedicated archive link; source indicates research is still needed.,2026-08-22
688,A Normal Lost Phone,2016,2016,,needs_research,689,No dedicated archive link; source indicates research is still needed.,2026-08-22
689,A Paralogue Between Girls,2016,2016,,needs_research,690,No dedicated archive link; source indicates research is still needed.,2026-08-22
690,A Wild Catgirl Appears,2016,2016,,needs_research,691,No dedicated archive link; source indicates research is still needed.,2026-08-22
691,Acceptance,2016,2016,,needs_research,692,No dedicated archive link; source indicates research is still needed.,2026-08-22
692,AGORA,2016,2016,,needs_research,693,No dedicated archive link; source indicates research is still needed.,2026-08-22
693,All Tomorrow’s Parties,2016,2016,,needs_research,694,No dedicated archive link; source indicates research is still needed.,2026-08-22
694,Alone With You,2016,2016,,needs_research,695,No dedicated archive link; source indicates research is still needed.,2026-08-22
695,Animal Village,2016,2016,,needs_research,696,No dedicated archive link; source indicates research is still needed.,2026-08-22
696,Arena Circus,2016,2016,,needs_research,697,No dedicated archive link; source indicates research is still needed.,2026-08-22
697,ARMBAR,2016,2016,,needs_research,698,No dedicated archive link; source indicates research is still needed.,2026-08-22
698,Astoria: Fate’s Kiss,2016,2016,,needs_research,699,No dedicated archive link; source indicates research is still needed.,2026-08-22
699,Awkward,2016,2016,,needs_research,700,No dedicated archive link; source indicates research is still needed.,2026-08-22
700,Bastard Bonds,2016,2016,,needs_research,701,No dedicated archive link; source indicates research is still needed.,2026-08-22
701,Battleborn,2016,2016,,needs_research,702,No dedicated archive link; source indicates research is still needed.,2026-08-22
702,Before they Leave,2016,2016,,needs_research,703,No dedicated archive link; source indicates research is still needed.,2026-08-22
703,"Behind the Moon, Beyond the Rain",2016,2016,,needs_research,704,No dedicated archive link; source indicates research is still needed.,2026-08-22
704,Beyond Eden,2016,2016,,needs_research,705,No dedicated archive link; source indicates research is still needed.,2026-08-22
705,Big Bang Empire,2016,2016,,needs_research,706,No dedicated archive link; source indicates research is still needed.,2026-08-22
706,Break Chance Memento,2016,2016,,needs_research,707,No dedicated archive link; source indicates research is still needed.,2026-08-22
707,Britney Spears: American Dream,2016,2016,,needs_research,708,No dedicated archive link; source indicates research is still needed.,2026-08-22
708,Bye Sex,2016,2016,,needs_research,709,No dedicated archive link; source indicates research is still needed.,2026-08-22
709,C14 Dating,2016,2016,,needs_research,710,No dedicated archive link; source indicates research is still needed.,2026-08-22
710,Castaway! Love’s Adventure,2016,2016,,needs_research,711,No dedicated archive link; source indicates research is still needed.,2026-08-22
711,Catch Canvas,2016,2016,,needs_research,712,No dedicated archive link; source indicates research is still needed.,2026-08-22
712,Charming Monsters,2016,2016,,needs_research,713,No dedicated archive link; source indicates research is still needed.,2026-08-22
713,Chef’s Quest,2016,2016,,needs_research,714,No dedicated archive link; source indicates research is still needed.,2026-08-22
714,Choices: Stories You Play,2016,2016,,needs_research,715,No dedicated archive link; source indicates research is still needed.,2026-08-22
715,Coffin of Ashes,2016,2016,,needs_research,716,No dedicated archive link; source indicates research is still needed.,2026-08-22
716,Coming Out Party,2016,2016,,needs_research,717,No dedicated archive link; source indicates research is still needed.,2026-08-22
717,Culina: Hands in the Kitchen,2016,2016,,needs_research,718,No dedicated archive link; source indicates research is still needed.,2026-08-22
718,CUPID,2016,2016,,needs_research,719,No dedicated archive link; source indicates research is still needed.,2026-08-22
719,Date Or Die,2016,2016,,needs_research,720,No dedicated archive link; source indicates research is still needed.,2026-08-22
720,Dead End Junction,2016,2016,,needs_research,721,No dedicated archive link; source indicates research is still needed.,2026-08-22
721,Dear & Mine,2016,2016,,needs_research,722,No dedicated archive link; source indicates research is still needed.,2026-08-22
722,Demlin and Marzipan,2016,2016,,needs_research,723,No dedicated archive link; source indicates research is still needed.,2026-08-22
723,Densha Girl,2016,2016,,needs_research,724,No dedicated archive link; source indicates research is still needed.,2026-08-22
724,Désiré,2016,2016,,needs_research,725,No dedicated archive link; source indicates research is still needed.,2026-08-22
725,Dishonored 2,2016,2016,,needs_research,726,No dedicated archive link; source indicates research is still needed.,2026-08-22
726,Don’t Disturb,2016,2016,,needs_research,727,No dedicated archive link; source indicates research is still needed.,2026-08-22
727,Don’t Starve Together,2016,2016,,needs_research,728,No dedicated archive link; source indicates research is still needed.,2026-08-22
728,Dr. Frank’s Build-A-Boyfriend,2016,2016,,needs_research,729,No dedicated archive link; source indicates research is still needed.,2026-08-22
729,Dream Boyfriend: Astral Days,2016,2016,,needs_research,730,No dedicated archive link; source indicates research is still needed.,2026-08-22
730,Drusilla Dreams,2016,2016,,needs_research,731,No dedicated archive link; source indicates research is still needed.,2026-08-22
731,Echoes of the Fey,2016,2016,,needs_research,732,No dedicated archive link; source indicates research is still needed.,2026-08-22
732,Eight Sweets,2016,2016,,needs_research,733,No dedicated archive link; source indicates research is still needed.,2026-08-22
733,Emperor’s Lesbian New Groove,2016,2016,,needs_research,734,No dedicated archive link; source indicates research is still needed.,2026-08-22
734,Endless Summer,2016,2016,,needs_research,735,No dedicated archive link; source indicates research is still needed.,2026-08-22
735,Episode: Choose Your Story,2016,2016,,needs_research,736,No dedicated archive link; source indicates research is still needed.,2026-08-22
736,Escape from Pleasure Planet,2016,2016,https://lgbtqgamearchive.com/games/games-by-decade/2010s/escape-from-pleasure-planet/,researched,737,,2026-08-22
737,Even the Ocean,2016,2016,,needs_research,738,No dedicated archive link; source indicates research is still needed.,2026-08-22
738,Event[0],2016,2016,,needs_research,739,No dedicated archive link; source indicates research is still needed.,2026-08-22
739,Exlir,2016,2016,,needs_research,740,No dedicated archive link; source indicates research is still needed.,2026-08-22
740,Fail-Safe Initiated,2016,2016,,needs_research,741,No dedicated archive link; source indicates research is still needed.,2026-08-22
741,Fall Fling,2016,2016,,needs_research,742,No dedicated archive link; source indicates research is still needed.,2026-08-22
742,Festa Estranha,2016,2016,,needs_research,743,No dedicated archive link; source indicates research is still needed.,2026-08-22
743,Fight or Flirt!,2016,2016,,needs_research,744,No dedicated archive link; source indicates research is still needed.,2026-08-22
744,Find Les,2016,2016,,needs_research,745,No dedicated archive link; source indicates research is still needed.,2026-08-22
745,Find Your Girlfriend,2016,2016,,needs_research,746,No dedicated archive link; source indicates research is still needed.,2026-08-22
746,Firewatch,2016,2016,https://lgbtqgamearchive.com/games/games-by-decade/2010s/firewatch/,researched,747,,2026-08-22
747,First Kiss at Spooky Soiree,2016,2016,,needs_research,748,No dedicated archive link; source indicates research is still needed.,2026-08-22
748,Fishclip,2016,2016,,needs_research,749,No dedicated archive link; source indicates research is still needed.,2026-08-22
749,Flowers,2016,2016,,needs_research,750,No dedicated archive link; source indicates research is still needed.,2026-08-22
750,Forest of the Lilies,2016,2016,,needs_research,751,No dedicated archive link; source indicates research is still needed.,2026-08-22
751,Four Eyes,2016,2016,,needs_research,752,No dedicated archive link; source indicates research is still needed.,2026-08-22
752,Fox in the Hollyhocks,2016,2016,,needs_research,753,No dedicated archive link; source indicates research is still needed.,2026-08-22
753,Fragments of Him,2016,2016,,needs_research,754,No dedicated archive link; source indicates research is still needed.,2026-08-22
754,Frog Love at Frog School,2016,2016,,needs_research,755,No dedicated archive link; source indicates research is still needed.,2026-08-22
755,Gangsters in Love,2016,2016,,needs_research,756,No dedicated archive link; source indicates research is still needed.,2026-08-22
756,Garden Diary,2016,2016,,needs_research,757,No dedicated archive link; source indicates research is still needed.,2026-08-22
757,Genital Jousting,2016,2016,,needs_research,758,No dedicated archive link; source indicates research is still needed.,2026-08-22
758,Girl Crush,2016,2016,,needs_research,759,No dedicated archive link; source indicates research is still needed.,2026-08-22
759,Giving Her a Voice,2016,2016,,needs_research,760,No dedicated archive link; source indicates research is still needed.,2026-08-22
760,Good Knight Story,2016,2016,,needs_research,761,No dedicated archive link; source indicates research is still needed.,2026-08-22
761,Great-grandmother and the war,2016,2016,,needs_research,762,No dedicated archive link; source indicates research is still needed.,2026-08-22
762,Heirs and Graces,2016,2016,,needs_research,763,No dedicated archive link; source indicates research is still needed.,2026-08-22
763,Her Tears Were My Light,2016,2016,,needs_research,764,No dedicated archive link; source indicates research is still needed.,2026-08-22
764,Highway Blossoms,2016,2016,,needs_research,765,No dedicated archive link; source indicates research is still needed.,2026-08-22
765,Hiki wants a child,2016,2016,,needs_research,766,No dedicated archive link; source indicates research is still needed.,2026-08-22
766,Hustle Cat,2016,2016,https://lgbtqgamearchive.com/games/games-by-decade/2010s/hustle-cat,researched,767,,2026-08-22
767,I Suddenly Became a Magical Girl To Fight Aliens from Another Dimension!?,2016,2016,,needs_research,768,No dedicated archive link; source indicates research is still needed.,2026-08-22
768,Identi-Key,2016,2016,,needs_research,769,No dedicated archive link; source indicates research is still needed.,2026-08-22
769,In Celebration of Violence,2016,2016,,needs_research,770,No dedicated archive link; source indicates research is still needed.,2026-08-22
770,"In Darkness, Dreaming",2016,2016,,needs_research,771,No dedicated archive link; source indicates research is still needed.,2026-08-22
771,Inspirited,2016,2016,,needs_research,772,No dedicated archive link; source indicates research is still needed.,2026-08-22
772,Invernesss Nights,2016,2016,,needs_research,773,No dedicated archive link; source indicates research is still needed.,2026-08-22
773,It’s OK: Tacos,2016,2016,,needs_research,774,No dedicated archive link; source indicates research is still needed.,2026-08-22
774,Jimmy Divided,2016,2016,,needs_research,775,No dedicated archive link; source indicates research is still needed.,2026-08-22
775,Katana + Shoujo,2016,2016,,needs_research,776,No dedicated archive link; source indicates research is still needed.,2026-08-22
776,Keep a Straight Face,2016,2016,,needs_research,777,No dedicated archive link; source indicates research is still needed.,2026-08-22
777,Kendall & Kylie,2016,2016,,needs_research,778,No dedicated archive link; source indicates research is still needed.,2026-08-22
778,Killing Time at Lightspeed,2016,2016,,needs_research,779,No dedicated archive link; source indicates research is still needed.,2026-08-22
779,Kisses & Curses,2016,2016,,needs_research,780,No dedicated archive link; source indicates research is still needed.,2026-08-22
780,Kissing Time,2016,2016,,needs_research,781,No dedicated archive link; source indicates research is still needed.,2026-08-22
781,Ladykiller in a Bind,2016,2016,https://lgbtqgamearchive.com/games/games-by-decade/2010s/lady-killer-in-a-bind/,researched,782,,2026-08-22
782,Langrisser Re:Incarnation Tensei,2016,2016,,needs_research,783,No dedicated archive link; source indicates research is still needed.,2026-08-22
783,LEGO Marvel’s Avengers,2016,2016,https://lgbtqgamearchive.com/2018/06/21/lgbtq-characters-in-marvel-universe-video-games/,researched,784,,2026-08-22
784,Lethe,2016,2016,,needs_research,785,No dedicated archive link; source indicates research is still needed.,2026-08-22
785,Linmeadow Guild,2016,2016,,needs_research,786,No dedicated archive link; source indicates research is still needed.,2026-08-22
786,Loan Wolf,2016,2016,,needs_research,787,No dedicated archive link; source indicates research is still needed.,2026-08-22
787,Lobotomy Corporation,2016,2016,,needs_research,788,No dedicated archive link; source indicates research is still needed.,2026-08-22
788,Lonely Wolf Treat Series,2016,2016,,needs_research,789,No dedicated archive link; source indicates research is still needed.,2026-08-22
789,Love in the Glen,2016,2016,,needs_research,790,No dedicated archive link; source indicates research is still needed.,2026-08-22
790,Love is Strange,2016,2016,,needs_research,791,No dedicated archive link; source indicates research is still needed.,2026-08-22
791,Love Live! School Idol Festival,2016,2016,,needs_research,792,No dedicated archive link; source indicates research is still needed.,2026-08-22
792,"Love, Guitars, and the Nashville Skyline",2016,2016,,needs_research,793,No dedicated archive link; source indicates research is still needed.,2026-08-22
793,LoveBeat,2016,2016,,needs_research,794,No dedicated archive link; source indicates research is still needed.,2026-08-22
794,LoveHacks,2016,2016,,needs_research,795,No dedicated archive link; source indicates research is still needed.,2026-08-22
795,Lovestruck (portal app),2016,2016,,needs_research,796,No dedicated archive link; source indicates research is still needed.,2026-08-22
796,Lucent Heart,2016,2016,,needs_research,797,No dedicated archive link; source indicates research is still needed.,2026-08-22
797,lumpo,2016,2016,,needs_research,798,No dedicated archive link; source indicates research is still needed.,2026-08-22
798,Luxaren Allure,2016,2016,,needs_research,799,No dedicated archive link; source indicates research is still needed.,2026-08-22
799,Mafia III,2016,2016,,needs_research,800,No dedicated archive link; source indicates research is still needed.,2026-08-22
800,Magi Trials,2016,2016,,needs_research,801,No dedicated archive link; source indicates research is still needed.,2026-08-22
801,Malus Code,2016,2016,,needs_research,802,No dedicated archive link; source indicates research is still needed.,2026-08-22
802,Marvel Avengers Academy,2016,2016,https://lgbtqgamearchive.com/2018/06/21/lgbtq-characters-in-marvel-universe-video-games/,researched,803,,2026-08-22
803,Masquerada: Songs and Shadows,2016,2016,,needs_research,804,No dedicated archive link; source indicates research is still needed.,2026-08-22
804,Memoriae,2016,2016,,needs_research,805,No dedicated archive link; source indicates research is still needed.,2026-08-22
805,Miitomo,2016,2016,,needs_research,806,No dedicated archive link; source indicates research is still needed.,2026-08-22
806,Miitopia,2016,2016,https://lgbtqgamearchive.com/games/games-by-decade/2010s/miitopia/,researched,807,,2026-08-22
807,Moekuri,2016,2016,,needs_research,808,No dedicated archive link; source indicates research is still needed.,2026-08-22
808,Moon Hunters,2016,2016,,needs_research,809,No dedicated archive link; source indicates research is still needed.,2026-08-22
809,My Boyfriend the Necromancer,2016,2016,,needs_research,810,No dedicated archive link; source indicates research is still needed.,2026-08-22
810,Ne no Kami: The Two Princess Knights of Kyoto,2016,2016,,needs_research,811,No dedicated archive link; source indicates research is still needed.,2026-08-22
811,Negligee,2016,2016,,needs_research,812,No dedicated archive link; source indicates research is still needed.,2026-08-22
812,Nell’s Night,2016,2016,,needs_research,813,No dedicated archive link; source indicates research is still needed.,2026-08-22
813,Nicki Minaj: The Empire,2016,2016,,needs_research,814,No dedicated archive link; source indicates research is still needed.,2026-08-22
814,Nightmare on Ra Street,2016,2016,,needs_research,815,No dedicated archive link; source indicates research is still needed.,2026-08-22
815,No Man’s Sky,2016,2016,,needs_research,816,No dedicated archive link; source indicates research is still needed.,2026-08-22
816,No One But You,2016,2016,,needs_research,817,No dedicated archive link; source indicates research is still needed.,2026-08-22
817,"No Stars, Only Constellations",2016,2016,,needs_research,818,No dedicated archive link; source indicates research is still needed.,2026-08-22
818,Nocturnal Affair,2016,2016,,needs_research,819,No dedicated archive link; source indicates research is still needed.,2026-08-22
819,Notes of a Snow Flower,2016,2016,,needs_research,820,No dedicated archive link; source indicates research is still needed.,2026-08-22
820,Nurse Love Addiction,2016,2016,,needs_research,821,No dedicated archive link; source indicates research is still needed.,2026-08-22
821,Oceanic Hearts,2016,2016,,needs_research,822,No dedicated archive link; source indicates research is still needed.,2026-08-22
822,Of Love and Sorrow,2016,2016,,needs_research,823,No dedicated archive link; source indicates research is still needed.,2026-08-22
823,One Small Favor,2016,2016,,needs_research,824,No dedicated archive link; source indicates research is still needed.,2026-08-22
824,Onlove,2016,2016,,needs_research,825,No dedicated archive link; source indicates research is still needed.,2026-08-22
825,Orwell,2016,2016,,needs_research,826,No dedicated archive link; source indicates research is still needed.,2026-08-22
826,Osozaki: Late Blooming First,2016,2016,,needs_research,827,No dedicated archive link; source indicates research is still needed.,2026-08-22
827,Otoko Tower,2016,2016,,needs_research,828,No dedicated archive link; source indicates research is still needed.,2026-08-22
828,Out,2016,2016,,needs_research,829,No dedicated archive link; source indicates research is still needed.,2026-08-22
829,Out of Sync,2016,2016,,needs_research,830,No dedicated archive link; source indicates research is still needed.,2026-08-22
830,Overwatch,2016,2016,https://lgbtqgamearchive.com/games/games-by-decade/2010s/overwatch/,researched,831,,2026-08-22
831,Oxenfree,2016,2016,https://lgbtqgamearchive.com/games/games-by-decade/2010s/oxenfree/,researched,832,,2026-08-22
832,Painted in White,2016,2016,,needs_research,833,No dedicated archive link; source indicates research is still needed.,2026-08-22
833,Paranormal Teens,2016,2016,,needs_research,834,No dedicated archive link; source indicates research is still needed.,2026-08-22
834,Party in my Dorm,2016,2016,,needs_research,835,No dedicated archive link; source indicates research is still needed.,2026-08-22
835,Plain,2016,2016,,needs_research,836,No dedicated archive link; source indicates research is still needed.,2026-08-22
836,Pokémon Uranium,2016,2016,,needs_research,837,No dedicated archive link; source indicates research is still needed.,2026-08-22
837,Pretty Witchy Life,2016,2016,,needs_research,838,No dedicated archive link; source indicates research is still needed.,2026-08-22
838,Quantum Break,2016,2016,,needs_research,839,No dedicated archive link; source indicates research is still needed.,2026-08-22
839,Rabi-Rabi,2016,2016,,needs_research,840,No dedicated archive link; source indicates research is still needed.,2026-08-22
840,Re-birth,2016,2016,,needs_research,841,No dedicated archive link; source indicates research is still needed.,2026-08-22
841,Reigns,2016,2016,,needs_research,842,No dedicated archive link; source indicates research is still needed.,2026-08-22
842,Remie and Alana,2016,2016,,needs_research,843,No dedicated archive link; source indicates research is still needed.,2026-08-22
843,Requiescence,2016,2016,,needs_research,844,No dedicated archive link; source indicates research is still needed.,2026-08-22
844,RimWorld,2016,2016,,needs_research,845,No dedicated archive link; source indicates research is still needed.,2026-08-22
845,Rising Angels: Hope,2016,2016,,needs_research,846,No dedicated archive link; source indicates research is still needed.,2026-08-22
846,robo-tea:1cup!,2016,2016,,needs_research,847,No dedicated archive link; source indicates research is still needed.,2026-08-22
847,robo-tea:1sip!,2016,2016,,needs_research,848,No dedicated archive link; source indicates research is still needed.,2026-08-22
848,robo-tea:2ndServing!,2016,2016,,needs_research,849,No dedicated archive link; source indicates research is still needed.,2026-08-22
849,Rosewater,2016,2016,,needs_research,850,No dedicated archive link; source indicates research is still needed.,2026-08-22
850,Rules of Engagement,2016,2016,,needs_research,851,No dedicated archive link; source indicates research is still needed.,2026-08-22
851,Sagebrush,2016,2016,,needs_research,852,No dedicated archive link; source indicates research is still needed.,2026-08-22
852,Sakura Dungeon,2016,2016,,needs_research,853,No dedicated archive link; source indicates research is still needed.,2026-08-22
853,Sakura Space,2016,2016,,needs_research,854,No dedicated archive link; source indicates research is still needed.,2026-08-22
854,Sami Tabi Tabi,2016,2016,,needs_research,855,No dedicated archive link; source indicates research is still needed.,2026-08-22
855,Sava,2016,2016,,needs_research,856,No dedicated archive link; source indicates research is still needed.,2026-08-22
856,"Save the Universe, Please",2016,2016,,needs_research,857,No dedicated archive link; source indicates research is still needed.,2026-08-22
857,Seeds of Chaos,2016,2016,,needs_research,858,No dedicated archive link; source indicates research is still needed.,2026-08-22
858,Self Acceptance = True,2016,2016,,needs_research,859,No dedicated archive link; source indicates research is still needed.,2026-08-22
859,Sentimental Trickster,2016,2016,,needs_research,860,No dedicated archive link; source indicates research is still needed.,2026-08-22
860,Seven Kingdoms: The Princess Problem,2016,2016,,needs_research,861,No dedicated archive link; source indicates research is still needed.,2026-08-22
861,Shake Yer Dix,2016,2016,,needs_research,862,No dedicated archive link; source indicates research is still needed.,2026-08-22
862,Sheltered,2016,2016,,needs_research,863,No dedicated archive link; source indicates research is still needed.,2026-08-22
863,SHINRAI: Broken Beyond Despair,2016,2016,,needs_research,864,No dedicated archive link; source indicates research is still needed.,2026-08-22
864,Slumber Party,2016,2016,,needs_research,865,No dedicated archive link; source indicates research is still needed.,2026-08-22
865,Snapshot,2016,2016,,needs_research,866,No dedicated archive link; source indicates research is still needed.,2026-08-22
866,Solanaceae: Another Time,2016,2016,,needs_research,867,No dedicated archive link; source indicates research is still needed.,2026-08-22
867,Solstice,2016,2016,,needs_research,868,No dedicated archive link; source indicates research is still needed.,2026-08-22
868,SoulSet,2016,2016,,needs_research,869,No dedicated archive link; source indicates research is still needed.,2026-08-22
869,Spade Memory,2016,2016,https://lgbtqgamearchive.com/games/games-by-decade/2010s/spade-memory/,researched,870,,2026-08-22
870,Speakeasy Tonight,2016,2016,,needs_research,871,No dedicated archive link; source indicates research is still needed.,2026-08-22
871,Starbound,2016,2016,,needs_research,872,No dedicated archive link; source indicates research is still needed.,2026-08-22
872,Stardew Valley,2016,2016,https://lgbtqgamearchive.com/games/games-by-decade/2010s/stardew-valley/,researched,873,,2026-08-22
873,Starlight Vega,2016,2016,,needs_research,874,No dedicated archive link; source indicates research is still needed.,2026-08-22
874,Starship Neptune,2016,2016,,needs_research,875,No dedicated archive link; source indicates research is still needed.,2026-08-22
875,SteamWorld Heist,2016,2016,,needs_research,876,No dedicated archive link; source indicates research is still needed.,2026-08-22
876,Stein’s Gate,2016,2016,,needs_research,877,No dedicated archive link; source indicates research is still needed.,2026-08-22
877,Story of Everyone,2016,2016,,needs_research,878,No dedicated archive link; source indicates research is still needed.,2026-08-22
878,Strawberry Vinegar,2016,2016,,needs_research,879,No dedicated archive link; source indicates research is still needed.,2026-08-22
879,Stuck in a Muddle with You,2016,2016,,needs_research,880,No dedicated archive link; source indicates research is still needed.,2026-08-22
880,Super Health Club,2016,2016,,needs_research,881,No dedicated archive link; source indicates research is still needed.,2026-08-22
881,Sweet Volley High,2016,2016,,needs_research,882,No dedicated archive link; source indicates research is still needed.,2026-08-22
882,Take the Dream IX,2016,2016,,needs_research,883,No dedicated archive link; source indicates research is still needed.,2026-08-22
883,Tales of Berseria,2016,2016,https://lgbtqgamearchive.com/games/game-series/tales-series,researched,884,,2026-08-22
884,Technomancer,2016,2016,,needs_research,885,No dedicated archive link; source indicates research is still needed.,2026-08-22
885,That Bitter Taste,2016,2016,,needs_research,886,No dedicated archive link; source indicates research is still needed.,2026-08-22
886,The Crown & The Flame,2016,2016,,needs_research,887,No dedicated archive link; source indicates research is still needed.,2026-08-22
887,The Freshman,2016,2016,,needs_research,888,No dedicated archive link; source indicates research is still needed.,2026-08-22
888,The Freshman / The Sophomore,2016,2016,,needs_research,889,No dedicated archive link; source indicates research is still needed.,2026-08-22
889,The Interactive Adventures of Dog Mendonça & Pizzaboy,2016,2016,,needs_research,890,No dedicated archive link; source indicates research is still needed.,2026-08-22
890,The Lion’s Song,2016,2016,,needs_research,891,No dedicated archive link; source indicates research is still needed.,2026-08-22
891,The Multidimensional Underwear Drawer,2016,2016,,needs_research,892,No dedicated archive link; source indicates research is still needed.,2026-08-22
892,The Quest,2016,2016,,needs_research,893,No dedicated archive link; source indicates research is still needed.,2026-08-22
893,The Sad Story of Emmeline Burns,2016,2016,,needs_research,894,No dedicated archive link; source indicates research is still needed.,2026-08-22
894,The Sea Eternal,2016,2016,,needs_research,895,No dedicated archive link; source indicates research is still needed.,2026-08-22
895,The Sophomore,2016,2016,,needs_research,896,No dedicated archive link; source indicates research is still needed.,2026-08-22
896,The Stargazers,2016,2016,,needs_research,897,No dedicated archive link; source indicates research is still needed.,2026-08-22
897,The Technomancer,2016,2016,,needs_research,898,No dedicated archive link; source indicates research is still needed.,2026-08-22
898,time.,2016,2016,,needs_research,899,No dedicated archive link; source indicates research is still needed.,2026-08-22
899,To Libertad,2016,2016,,needs_research,900,No dedicated archive link; source indicates research is still needed.,2026-08-22
900,Torment: Tides of Numenera,2016,2016,,needs_research,901,No dedicated archive link; source indicates research is still needed.,2026-08-22
901,Tusks: The Orc Dating Sim,2016,2016,,needs_research,902,No dedicated archive link; source indicates research is still needed.,2026-08-22
902,Tyranny,2016,2016,,needs_research,903,No dedicated archive link; source indicates research is still needed.,2026-08-22
903,Unravel,2016,2016,,needs_research,904,No dedicated archive link; source indicates research is still needed.,2026-08-22
904,Upskill Adventurer,2016,2016,,needs_research,905,No dedicated archive link; source indicates research is still needed.,2026-08-22
905,VA-11 Hall-A,2016,2016,,needs_research,906,No dedicated archive link; source indicates research is still needed.,2026-08-22
906,Vicarwissen,2016,2016,,needs_research,907,No dedicated archive link; source indicates research is still needed.,2026-08-22
907,Virginia,2016,2016,,needs_research,908,No dedicated archive link; source indicates research is still needed.,2026-08-22
908,Watch Dogs 2,2016,2016,https://lgbtqgamearchive.com/games/games-by-decade/2010s/watch-dogs-2/,researched,909,,2026-08-22
909,We Know the Devil,2016,2016,https://lgbtqgamearchive.com/games/games-by-decade/2010s/we-know-the-devil/,researched,910,,2026-08-22
910,Wheels of Aurelia,2016,2016,,needs_research,911,No dedicated archive link; source indicates research is still needed.,2026-08-22
911,Where is My Mummy,2016,2016,,needs_research,912,No dedicated archive link; source indicates research is still needed.,2026-08-22
912,Where We Lay Our Scene,2016,2016,,needs_research,913,No dedicated archive link; source indicates research is still needed.,2026-08-22
913,Who Am I?,2016,2016,,needs_research,914,Duplicate source-list entries consolidated (positions 914; 915).,2026-08-22
914,Witches of St. Sayuri,2016,2016,,needs_research,916,No dedicated archive link; source indicates research is still needed.,2026-08-22
915,Witchwood Academy,2016,2016,,needs_research,917,No dedicated archive link; source indicates research is still needed.,2026-08-22
916,Without a Voice,2016,2016,,needs_research,918,No dedicated archive link; source indicates research is still needed.,2026-08-22
917,World’s Dawn,2016,2016,,needs_research,919,No dedicated archive link; source indicates research is still needed.,2026-08-22
918,Worlds Without You,2016,2016,,needs_research,920,No dedicated archive link; source indicates research is still needed.,2026-08-22
919,Wrestling with Emotions,2016,2016,,needs_research,921,No dedicated archive link; source indicates research is still needed.,2026-08-22
920,You Must Be 18 or Older to Enter,2016,2016,,needs_research,922,No dedicated archive link; source indicates research is still needed.,2026-08-22
921,Youtubers Life,2016,2016,,needs_research,923,No dedicated archive link; source indicates research is still needed.,2026-08-22
922,100ft Robot Golf,2017,2017,,needs_research,924,No dedicated archive link; source indicates research is still needed.,2026-08-22
923,404 Error: Connection Not Found,2017,2017,,needs_research,925,No dedicated archive link; source indicates research is still needed.,2026-08-22
924,A Fairy special night,2017,2017,,needs_research,926,No dedicated archive link; source indicates research is still needed.,2026-08-22
925,A Foretold Affair,2017,2017,,needs_research,927,No dedicated archive link; source indicates research is still needed.,2026-08-22
926,A House of Many Doors,2017,2017,,needs_research,928,No dedicated archive link; source indicates research is still needed.,2026-08-22
927,A Meadow of Opal,2017,2017,,needs_research,929,No dedicated archive link; source indicates research is still needed.,2026-08-22
928,A Small Encounter,2017,2017,,needs_research,930,No dedicated archive link; source indicates research is still needed.,2026-08-22
929,AIRIS,2017,2017,,needs_research,931,No dedicated archive link; source indicates research is still needed.,2026-08-22
930,Alexa’s Wild Night,2017,2017,,needs_research,932,No dedicated archive link; source indicates research is still needed.,2026-08-22
931,All That I Touch,2017,2017,,needs_research,933,No dedicated archive link; source indicates research is still needed.,2026-08-22
932,All Walls Must fall,2017,2017,,needs_research,934,No dedicated archive link; source indicates research is still needed.,2026-08-22
933,Amber’s Magic Shop,2017,2017,,needs_research,935,No dedicated archive link; source indicates research is still needed.,2026-08-22
934,Angels with Scaly Wings,2017,2017,,needs_research,936,No dedicated archive link; source indicates research is still needed.,2026-08-22
935,Astronauts,2017,2017,,needs_research,937,No dedicated archive link; source indicates research is still needed.,2026-08-22
936,At the Break of Dawn,2017,2017,,needs_research,938,No dedicated archive link; source indicates research is still needed.,2026-08-22
937,Atom Grrrl!!,2017,2017,,needs_research,939,No dedicated archive link; source indicates research is still needed.,2026-08-22
938,Autumn Leaves,2017,2017,,needs_research,940,No dedicated archive link; source indicates research is still needed.,2026-08-22
939,Barb,2017,2017,,needs_research,941,No dedicated archive link; source indicates research is still needed.,2026-08-22
940,Behold the Kickmen,2017,2017,,needs_research,942,No dedicated archive link; source indicates research is still needed.,2026-08-22
941,Black Lillies,2017,2017,,needs_research,943,No dedicated archive link; source indicates research is still needed.,2026-08-22
942,Blackberry Honey,2017,2017,,needs_research,944,No dedicated archive link; source indicates research is still needed.,2026-08-22
943,Blind Love,2017,2017,,needs_research,945,No dedicated archive link; source indicates research is still needed.,2026-08-22
944,Blooming Nightshade,2017,2017,,needs_research,946,No dedicated archive link; source indicates research is still needed.,2026-08-22
945,Blue Lacuna,2017,2017,,needs_research,947,No dedicated archive link; source indicates research is still needed.,2026-08-22
946,Blue Reflection,2017,2017,,needs_research,948,No dedicated archive link; source indicates research is still needed.,2026-08-22
947,Boy Crush,2017,2017,,needs_research,949,No dedicated archive link; source indicates research is still needed.,2026-08-22
948,Butterfly Soup,2017,2017,,needs_research,950,No dedicated archive link; source indicates research is still needed.,2026-08-22
949,Call of Duty: WWII,2017,2017,,needs_research,951,No dedicated archive link; source indicates research is still needed.,2026-08-22
950,Camp Ravenrock,2017,2017,,needs_research,952,No dedicated archive link; source indicates research is still needed.,2026-08-22
951,can you say my name again,2017,2017,,needs_research,953,No dedicated archive link; source indicates research is still needed.,2026-08-22
952,Cat Girl,2017,2017,,needs_research,954,No dedicated archive link; source indicates research is still needed.,2026-08-22
953,Cattalis,2017,2017,https://lgbtqgamearchive.com/games/games-by-decade/2010s/cattails/,researched,955,,2026-08-22
954,Cerulean Heart,2017,2017,,needs_research,956,No dedicated archive link; source indicates research is still needed.,2026-08-22
955,Chess of Blades,2017,2017,,needs_research,957,No dedicated archive link; source indicates research is still needed.,2026-08-22
956,Claire Chase: Love Struck,2017,2017,,needs_research,958,No dedicated archive link; source indicates research is still needed.,2026-08-22
957,College Days,2017,2017,,needs_research,959,No dedicated archive link; source indicates research is still needed.,2026-08-22
958,Color Me Proud,2017,2017,,needs_research,960,No dedicated archive link; source indicates research is still needed.,2026-08-22
959,convergence,2017,2017,,needs_research,961,No dedicated archive link; source indicates research is still needed.,2026-08-22
960,Criminal Case: Pacific Bay,2017,2017,,needs_research,962,No dedicated archive link; source indicates research is still needed.,2026-08-22
961,Crush Crush,2017,2017,,needs_research,963,No dedicated archive link; source indicates research is still needed.,2026-08-22
962,D8 NITE – a dead girl’s dressup dilemma,2017,2017,,needs_research,964,No dedicated archive link; source indicates research is still needed.,2026-08-22
963,Danganronpa V3: Killing Harmony,2017,2017,https://lgbtqgamearchive.com/games/game-series/danganronpa-series/,researched,965,,2026-08-22
964,Dark Lily,2017,2017,,needs_research,966,No dedicated archive link; source indicates research is still needed.,2026-08-22
965,Defenders of Arcadia,2017,2017,,needs_research,967,No dedicated archive link; source indicates research is still needed.,2026-08-22
966,Demonheart,2017,2017,,needs_research,968,No dedicated archive link; source indicates research is still needed.,2026-08-22
967,Destiny 2,2017,2017,,needs_research,969,No dedicated archive link; source indicates research is still needed.,2026-08-22
968,Disaster Log C,2017,2017,,needs_research,970,No dedicated archive link; source indicates research is still needed.,2026-08-22
969,Distance,2017,2017,,needs_research,971,No dedicated archive link; source indicates research is still needed.,2026-08-22
970,Doors I Locked,2017,2017,,needs_research,972,No dedicated archive link; source indicates research is still needed.,2026-08-22
971,Dreighnhart: Where Dreams Fade,2017,2017,,needs_research,973,No dedicated archive link; source indicates research is still needed.,2026-08-22
972,Dripping with the Waters of SHEOL,2017,2017,,needs_research,974,No dedicated archive link; source indicates research is still needed.,2026-08-22
973,Ecchi Sketch,2017,2017,,needs_research,975,No dedicated archive link; source indicates research is still needed.,2026-08-22
974,England Exchange,2017,2017,,needs_research,976,No dedicated archive link; source indicates research is still needed.,2026-08-22
975,Essence Hunt,2017,2017,,needs_research,977,No dedicated archive link; source indicates research is still needed.,2026-08-22
976,Eternal Hour: Golden Hour,2017,2017,,needs_research,978,No dedicated archive link; source indicates research is still needed.,2026-08-22
977,Ever Oasis,2017,2017,,needs_research,979,No dedicated archive link; source indicates research is still needed.,2026-08-22
978,Expeditions: Viking,2017,2017,,needs_research,980,No dedicated archive link; source indicates research is still needed.,2026-08-22
979,Fallen Times,2017,2017,,needs_research,981,No dedicated archive link; source indicates research is still needed.,2026-08-22
980,Fate/EXTELLA,2017,2017,,needs_research,982,No dedicated archive link; source indicates research is still needed.,2026-08-22
981,Final Theosis,2017,2017,,needs_research,983,No dedicated archive link; source indicates research is still needed.,2026-08-22
982,Fire Emblem Echoes: Shadows of Valentia,2017,2017,https://lgbtqgamearchive.com/games/game-series/fire-emblem-series/,researched,984,,2026-08-22
983,Fire Emblem Heroes,2017,2017,https://lgbtqgamearchive.com/games/game-series/fire-emblem-series/,researched,985,,2026-08-22
984,First Job,2017,2017,,needs_research,986,No dedicated archive link; source indicates research is still needed.,2026-08-22
985,Flirt Tactics,2017,2017,,needs_research,987,No dedicated archive link; source indicates research is still needed.,2026-08-22
986,Flix & Chill 2,2017,2017,,needs_research,988,No dedicated archive link; source indicates research is still needed.,2026-08-22
987,Football Manager 2018,2017,2017,,needs_research,989,No dedicated archive link; source indicates research is still needed.,2026-08-22
988,Free Again,2017,2017,,needs_research,990,No dedicated archive link; source indicates research is still needed.,2026-08-22
989,Frostbites,2017,2017,,needs_research,991,No dedicated archive link; source indicates research is still needed.,2026-08-22
990,Galaxy Girls,2017,2017,,needs_research,992,No dedicated archive link; source indicates research is still needed.,2026-08-22
991,Gay Harem,2017,2017,,needs_research,993,No dedicated archive link; source indicates research is still needed.,2026-08-22
992,Gaydorado,2017,2017,,needs_research,994,No dedicated archive link; source indicates research is still needed.,2026-08-22
993,Gaytective,2017,2017,,needs_research,995,No dedicated archive link; source indicates research is still needed.,2026-08-22
994,Gender Generator,2017,2017,,needs_research,996,No dedicated archive link; source indicates research is still needed.,2026-08-22
995,GenderTrix,2017,2017,,needs_research,997,No dedicated archive link; source indicates research is still needed.,2026-08-22
996,Ghosts of Miami,2017,2017,,needs_research,998,No dedicated archive link; source indicates research is still needed.,2026-08-22
997,Girlfriend Material,2017,2017,,needs_research,999,No dedicated archive link; source indicates research is still needed.,2026-08-22
998,Going Postal,2017,2017,,needs_research,1000,No dedicated archive link; source indicates research is still needed.,2026-08-22
999,Grand Core Release,2017,2017,,needs_research,1001,No dedicated archive link; source indicates research is still needed.,2026-08-22
1000,Hand to Hand,2017,2017,,needs_research,1002,No dedicated archive link; source indicates research is still needed.,2026-08-22
1001,Happy Campers,2017,2017,,needs_research,1003,No dedicated archive link; source indicates research is still needed.,2026-08-22
1002,Haque,2017,2017,,needs_research,1004,No dedicated archive link; source indicates research is still needed.,2026-08-22
1003,Harvest Life,2017,2017,,needs_research,1005,No dedicated archive link; source indicates research is still needed.,2026-08-22
1004,Heartbeats,2017,2017,,needs_research,1006,No dedicated archive link; source indicates research is still needed.,2026-08-22
1005,Hell Girls,2017,2017,,needs_research,1007,No dedicated archive link; source indicates research is still needed.,2026-08-22
1006,Herald: An Interactive Period Drama,2017,2017,,needs_research,1008,No dedicated archive link; source indicates research is still needed.,2026-08-22
1007,Hero,2017,2017,,needs_research,1009,No dedicated archive link; source indicates research is still needed.,2026-08-22
1008,hi no homo,2017,2017,,needs_research,1010,No dedicated archive link; source indicates research is still needed.,2026-08-22
1009,Hollow Knight,2017,2017,https://lgbtqgamearchive.com/?page_id=12296,researched,1011,,2026-08-22
1010,Horizon Zero Dawn,2017,2017,https://lgbtqgamearchive.com/games/games-by-decade/2010s/horizon-zero-dawn/,researched,1012,,2026-08-22
1011,Hot Pool,2017,2017,,needs_research,1013,No dedicated archive link; source indicates research is still needed.,2026-08-22
1012,house,2017,2017,,needs_research,1014,No dedicated archive link; source indicates research is still needed.,2026-08-22
1013,In Dreams,2017,2017,,needs_research,1015,No dedicated archive link; source indicates research is still needed.,2026-08-22
1014,In My Mind,2017,2017,,needs_research,1016,No dedicated archive link; source indicates research is still needed.,2026-08-22
1015,JoJo’s Diner,2017,2017,,needs_research,1017,No dedicated archive link; source indicates research is still needed.,2026-08-22
1016,King Exit,2017,2017,,needs_research,1018,No dedicated archive link; source indicates research is still needed.,2026-08-22
1017,La Maupin to the Rescue,2017,2017,,needs_research,1019,No dedicated archive link; source indicates research is still needed.,2026-08-22
1018,Last Night in Tokyo,2017,2017,,needs_research,1020,No dedicated archive link; source indicates research is still needed.,2026-08-22
1019,Legend of Zelda: Breath of the Wild,2017,2017,https://lgbtqgamearchive.com/games/game-series/the-legend-of-zelda-series/,researched,1021,,2026-08-22
1020,Lesbian Fight Agent 12,2017,2017,,needs_research,1022,No dedicated archive link; source indicates research is still needed.,2026-08-22
1021,LESBIAN VAMPIRE DATING ONLINE,2017,2017,,needs_research,1023,No dedicated archive link; source indicates research is still needed.,2026-08-22
1022,Life is Strange: Before the Storm,2017,2017,https://lgbtqgamearchive.com/?page_id=12177,researched,1024,,2026-08-22
1023,Lilies and Daruma,2017,2017,,needs_research,1025,No dedicated archive link; source indicates research is still needed.,2026-08-22
1024,LilyCon 2017,2017,2017,,needs_research,1026,No dedicated archive link; source indicates research is still needed.,2026-08-22
1025,Love & Legends,2017,2017,,needs_research,1027,No dedicated archive link; source indicates research is still needed.,2026-08-22
1026,Love Awake,2017,2017,,needs_research,1028,No dedicated archive link; source indicates research is still needed.,2026-08-22
1027,Love on the Peacock Express,2017,2017,,needs_research,1029,No dedicated archive link; source indicates research is still needed.,2026-08-22
1028,Love Paradox,2017,2017,,needs_research,1030,No dedicated archive link; source indicates research is still needed.,2026-08-22
1029,Love Ribbon,2017,2017,,needs_research,1031,No dedicated archive link; source indicates research is still needed.,2026-08-22
1030,"Love, Thy Neighbor",2017,2017,,needs_research,1032,No dedicated archive link; source indicates research is still needed.,2026-08-22
1031,Magical Witch Bell and Her Non-Magical Friends,2017,2017,,needs_research,1033,No dedicated archive link; source indicates research is still needed.,2026-08-22
1032,Majotori,2017,2017,,needs_research,1034,No dedicated archive link; source indicates research is still needed.,2026-08-22
1033,Mario + Rabbids Kingdom Battle,2017,2017,,needs_research,1035,No dedicated archive link; source indicates research is still needed.,2026-08-22
1034,Mass Effect: Andromeda,2017,2017,https://lgbtqgamearchive.com/games/game-series/mass-effect/,researched,1036,,2026-08-22
1035,Max’s Big Bust,2017,2017,,needs_research,1037,No dedicated archive link; source indicates research is still needed.,2026-08-22
1036,Melty’s Quest,2017,2017,,needs_research,1038,No dedicated archive link; source indicates research is still needed.,2026-08-22
1037,Mermaid Splash! Passion Festival,2017,2017,,needs_research,1039,No dedicated archive link; source indicates research is still needed.,2026-08-22
1038,Midboss,2017,2017,,needs_research,1040,No dedicated archive link; source indicates research is still needed.,2026-08-22
1039,Miss Fisher and the Deathly Maze,2017,2017,,needs_research,1041,No dedicated archive link; source indicates research is still needed.,2026-08-22
1040,Monitor,2017,2017,,needs_research,1042,No dedicated archive link; source indicates research is still needed.,2026-08-22
1041,Monster Girl Gaynerations: Ghoulfriends for Life,2017,2017,,needs_research,1043,No dedicated archive link; source indicates research is still needed.,2026-08-22
1042,Monster Girl University,2017,2017,,needs_research,1044,No dedicated archive link; source indicates research is still needed.,2026-08-22
1043,Monster Monpiece,2017,2017,,needs_research,1045,No dedicated archive link; source indicates research is still needed.,2026-08-22
1044,Monster Seeking Monster,2017,2017,,needs_research,1046,No dedicated archive link; source indicates research is still needed.,2026-08-22
1045,Morph Girl,2017,2017,,needs_research,1047,No dedicated archive link; source indicates research is still needed.,2026-08-22
1046,Nekojishi,2017,2017,,needs_research,1048,No dedicated archive link; source indicates research is still needed.,2026-08-22
1047,NieR: Automata,2017,2017,https://lgbtqgamearchive.com/games/games-by-decade/2010s/nier/,researched,1049,,2026-08-22
1048,Night in the Woods,2017,2017,https://lgbtqgamearchive.com/games/games-by-decade/2010s/night-in-the-woods/,researched,1050,,2026-08-22
1049,Nights of Azure,2017,2017,,needs_research,1051,No dedicated archive link; source indicates research is still needed.,2026-08-22
1050,Ollpheist High,2017,2017,,needs_research,1052,No dedicated archive link; source indicates research is still needed.,2026-08-22
1051,Once on a Windswept Night,2017,2017,,needs_research,1053,No dedicated archive link; source indicates research is still needed.,2026-08-22
1052,Pale Spectrum,2017,2017,,needs_research,1054,No dedicated archive link; source indicates research is still needed.,2026-08-22
1053,Planet Dysphoria,2017,2017,,needs_research,1055,No dedicated archive link; source indicates research is still needed.,2026-08-22
1054,Port Amadeus,2017,2017,,needs_research,1056,No dedicated archive link; source indicates research is still needed.,2026-08-22
1055,Prey,2017,2017,,needs_research,1057,No dedicated archive link; source indicates research is still needed.,2026-08-22
1056,Purrfect Date,2017,2017,,needs_research,1058,No dedicated archive link; source indicates research is still needed.,2026-08-22
1057,Pyre,2017,2017,,needs_research,1059,No dedicated archive link; source indicates research is still needed.,2026-08-22
1058,Queen of Thieves,2017,2017,,needs_research,1060,No dedicated archive link; source indicates research is still needed.,2026-08-22
1059,Questionable Farm,2017,2017,,needs_research,1061,No dedicated archive link; source indicates research is still needed.,2026-08-22
1060,Rainbow Café,2017,2017,,needs_research,1062,No dedicated archive link; source indicates research is still needed.,2026-08-22
1061,Red and Beauty,2017,2017,,needs_research,1063,No dedicated archive link; source indicates research is still needed.,2026-08-22
1062,Revelation Online,2017,2017,,needs_research,1064,No dedicated archive link; source indicates research is still needed.,2026-08-22
1063,Rising Angels: Fates Allegiance,2017,2017,,needs_research,1065,No dedicated archive link; source indicates research is still needed.,2026-08-22
1064,Robot Consciousness,2017,2017,,needs_research,1066,No dedicated archive link; source indicates research is still needed.,2026-08-22
1065,robo-tea: Misten Minicups!,2017,2017,,needs_research,1067,No dedicated archive link; source indicates research is still needed.,2026-08-22
1066,Rock Band,2017,2017,,needs_research,1068,No dedicated archive link; source indicates research is still needed.,2026-08-22
1067,Sakura Gamer,2017,2017,,needs_research,1069,No dedicated archive link; source indicates research is still needed.,2026-08-22
1068,Sapphica: The Ascension,2017,2017,,needs_research,1070,No dedicated archive link; source indicates research is still needed.,2026-08-22
1069,SeaBed,2017,2017,,needs_research,1071,No dedicated archive link; source indicates research is still needed.,2026-08-22
1070,Secret Satiation,2017,2017,,needs_research,1072,No dedicated archive link; source indicates research is still needed.,2026-08-22
1071,Secret Spaces,2017,2017,,needs_research,1073,No dedicated archive link; source indicates research is still needed.,2026-08-22
1072,Sensory Leakage,2017,2017,,needs_research,1074,No dedicated archive link; source indicates research is still needed.,2026-08-22
1073,Serre,2017,2017,,needs_research,1075,No dedicated archive link; source indicates research is still needed.,2026-08-22
1074,Shark Dating Simulator XL,2017,2017,,needs_research,1076,No dedicated archive link; source indicates research is still needed.,2026-08-22
1075,Simulacra,2017,2017,,needs_research,1077,No dedicated archive link; source indicates research is still needed.,2026-08-22
1076,Skate & Date,2017,2017,,needs_research,1078,No dedicated archive link; source indicates research is still needed.,2026-08-22
1077,Steven Universe: Save the Light,2017,2017,https://lgbtqgamearchive.com/?page_id=11736,researched,1079,,2026-08-22
1078,Straight?!,2017,2017,,needs_research,1080,No dedicated archive link; source indicates research is still needed.,2026-08-22
1079,Strangers of the Power,2017,2017,,needs_research,1081,No dedicated archive link; source indicates research is still needed.,2026-08-22
1080,Sugar Stars,2017,2017,,needs_research,1082,No dedicated archive link; source indicates research is still needed.,2026-08-22
1081,Summertime Saga,2017,2017,,needs_research,1083,No dedicated archive link; source indicates research is still needed.,2026-08-22
1082,Sunday at the Memories,2017,2017,,needs_research,1084,No dedicated archive link; source indicates research is still needed.,2026-08-22
1083,Sweet Fantasy,2017,2017,,needs_research,1085,No dedicated archive link; source indicates research is still needed.,2026-08-22
1084,Sweethearts,2017,2017,,needs_research,1086,No dedicated archive link; source indicates research is still needed.,2026-08-22
1085,Swemark and Denden’s Great Eggventure,2017,2017,,needs_research,1087,No dedicated archive link; source indicates research is still needed.,2026-08-22
1086,Tacoma,2017,2017,,needs_research,1088,No dedicated archive link; source indicates research is still needed.,2026-08-22
1087,Teach Me Onegai,2017,2017,,needs_research,1089,No dedicated archive link; source indicates research is still needed.,2026-08-22
1088,Tell a Demon,2017,2017,,needs_research,1090,No dedicated archive link; source indicates research is still needed.,2026-08-22
1089,Tenta Shooter,2017,2017,,needs_research,1091,No dedicated archive link; source indicates research is still needed.,2026-08-22
1090,"Thank You, Gigi",2017,2017,,needs_research,1092,No dedicated archive link; source indicates research is still needed.,2026-08-22
1091,That Boy is a Monstr,2017,2017,,needs_research,1093,No dedicated archive link; source indicates research is still needed.,2026-08-22
1092,That’s Not My Name,2017,2017,,needs_research,1094,No dedicated archive link; source indicates research is still needed.,2026-08-22
1093,The Arcana: A Mystic Romance,2017,2017,,needs_research,1095,No dedicated archive link; source indicates research is still needed.,2026-08-22
1094,The Echo of Crows at the End of Man,2017,2017,,needs_research,1096,No dedicated archive link; source indicates research is still needed.,2026-08-22
1095,The Girl on the Train,2017,2017,,needs_research,1097,No dedicated archive link; source indicates research is still needed.,2026-08-22
1096,The Haunting of Braidwood Manor,2017,2017,,needs_research,1098,No dedicated archive link; source indicates research is still needed.,2026-08-22
1097,The Last Birdling,2017,2017,,needs_research,1099,No dedicated archive link; source indicates research is still needed.,2026-08-22
1098,The Letter,2017,2017,,needs_research,1100,No dedicated archive link; source indicates research is still needed.,2026-08-22
1099,The Longest Couch,2017,2017,,needs_research,1101,No dedicated archive link; source indicates research is still needed.,2026-08-22
1100,The Monster Inside,2017,2017,,needs_research,1102,No dedicated archive link; source indicates research is still needed.,2026-08-22
1101,The New Generation!,2017,2017,,needs_research,1103,No dedicated archive link; source indicates research is still needed.,2026-08-22
1102,The Palace Guard,2017,2017,,needs_research,1104,No dedicated archive link; source indicates research is still needed.,2026-08-22
1103,The Ritual,2017,2017,,needs_research,1105,No dedicated archive link; source indicates research is still needed.,2026-08-22
1104,The Royal Romance,2017,2017,,needs_research,1106,No dedicated archive link; source indicates research is still needed.,2026-08-22
1105,The Seven Districts of Sin,2017,2017,,needs_research,1107,No dedicated archive link; source indicates research is still needed.,2026-08-22
1106,The Shadows of Pygmalion,2017,2017,,needs_research,1108,No dedicated archive link; source indicates research is still needed.,2026-08-22
1107,The Sims 4: Cats & Dogs,2017,2017,https://lgbtqgamearchive.com/games/game-series/sims/,researched,1109,,2026-08-22
1108,The Sims 4: Vampires,2017,2017,https://lgbtqgamearchive.com/games/game-series/sims/,researched,1110,,2026-08-22
1109,The Trans Zone,2017,2017,,needs_research,1111,No dedicated archive link; source indicates research is still needed.,2026-08-22
1110,The Wilting Amaranth,2017,2017,,needs_research,1112,No dedicated archive link; source indicates research is still needed.,2026-08-22
1111,The Witch in the Forest,2017,2017,,needs_research,1113,No dedicated archive link; source indicates research is still needed.,2026-08-22
1112,The Wolf’s Shepherd,2017,2017,,needs_research,1114,No dedicated archive link; source indicates research is still needed.,2026-08-22
1113,These Nights in Cairo,2017,2017,,needs_research,1115,No dedicated archive link; source indicates research is still needed.,2026-08-22
1114,Third Wheeler,2017,2017,,needs_research,1116,No dedicated archive link; source indicates research is still needed.,2026-08-22
1115,Ticket to Earth,2017,2017,,needs_research,1117,No dedicated archive link; source indicates research is still needed.,2026-08-22
1116,Tigris & Euphelia,2017,2017,,needs_research,1118,No dedicated archive link; source indicates research is still needed.,2026-08-22
1117,To Love and Protect,2017,2017,,needs_research,1119,No dedicated archive link; source indicates research is still needed.,2026-08-22
1118,TODO: today,2017,2017,,needs_research,1120,No dedicated archive link; source indicates research is still needed.,2026-08-22
1119,Tomai,2017,2017,,needs_research,1121,No dedicated archive link; source indicates research is still needed.,2026-08-22
1120,Trance Run!,2017,2017,,needs_research,1122,No dedicated archive link; source indicates research is still needed.,2026-08-22
1121,TwinkBot Grooves,2017,2017,,needs_research,1123,No dedicated archive link; source indicates research is still needed.,2026-08-22
1122,Valentine Panic,2017,2017,,needs_research,1124,No dedicated archive link; source indicates research is still needed.,2026-08-22
1123,Valkyrie Drive,2017,2017,,needs_research,1125,No dedicated archive link; source indicates research is still needed.,2026-08-22
1124,Watershed,2017,2017,,needs_research,1126,No dedicated archive link; source indicates research is still needed.,2026-08-22
1125,Welcome to the Dragon Palace,2017,2017,,needs_research,1127,No dedicated archive link; source indicates research is still needed.,2026-08-22
1126,What Remains of Edith Finch,2017,2017,https://lgbtqgamearchive.com/games/games-by-decade/2010s/what-remains-of-edith-finch/,researched,1128,,2026-08-22
1127,Who Knows (Where They’re Going),2017,2017,,needs_research,1129,No dedicated archive link; source indicates research is still needed.,2026-08-22
1128,Why is this Dragon So Fucking Cute,2017,2017,,needs_research,1130,No dedicated archive link; source indicates research is still needed.,2026-08-22
1129,Wolf hunters,2017,2017,,needs_research,1131,No dedicated archive link; source indicates research is still needed.,2026-08-22
1130,Wonderful Everyday Down the Rabbit-Hole,2017,2017,,needs_research,1132,No dedicated archive link; source indicates research is still needed.,2026-08-22
1131,Xenoblade Chronicles 2,2017,2017,https://lgbtqgamearchive.com/games/game-series/xenoblade-chronicles-series/,researched,1133,,2026-08-22
1132,Yaoi Fetch-Quest,2017,2017,,needs_research,1134,No dedicated archive link; source indicates research is still needed.,2026-08-22
1133,Yonder: The Cloud Catcher Chronicles,2017,2017,,needs_research,1135,No dedicated archive link; source indicates research is still needed.,2026-08-22
1134,Yuri Fidget Spinners,2017,2017,,needs_research,1136,No dedicated archive link; source indicates research is still needed.,2026-08-22
1135,A Fine Night,2018,2018,,needs_research,1137,No dedicated archive link; source indicates research is still needed.,2026-08-22
1136,A Moment Between Us,2018,2018,,needs_research,1138,No dedicated archive link; source indicates research is still needed.,2026-08-22
1137,Amorous,2018,2018,,needs_research,1139,No dedicated archive link; source indicates research is still needed.,2026-08-22
1138,Arcade Spirits,2018,2018,,needs_research,1140,No dedicated archive link; source indicates research is still needed.,2026-08-22
1139,Border of her Heart,2018,2018,,needs_research,1141,No dedicated archive link; source indicates research is still needed.,2026-08-22
1140,Call You Maybe,2018,2018,,needs_research,1142,No dedicated archive link; source indicates research is still needed.,2026-08-22
1141,Changing,2018,2018,,needs_research,1143,No dedicated archive link; source indicates research is still needed.,2026-08-22
1142,Chaotic Quartet,2018,2018,,needs_research,1144,No dedicated archive link; source indicates research is still needed.,2026-08-22
1143,Colorful Monochrome,2018,2018,,needs_research,1145,No dedicated archive link; source indicates research is still needed.,2026-08-22
1144,Cursed Lands,2018,2018,,needs_research,1146,No dedicated archive link; source indicates research is still needed.,2026-08-22
1145,Deltarune,2018,2018,https://lgbtqgamearchive.com/games/games-by-decade/2010s/undertale/,researched,1147,,2026-08-22
1146,Detroit: Become Human,2018,2018,,needs_research,1148,No dedicated archive link; source indicates research is still needed.,2026-08-22
1147,Digital Lovin’,2018,2018,,needs_research,1149,No dedicated archive link; source indicates research is still needed.,2026-08-22
1148,Don’t rape your friend,2018,2018,,needs_research,1150,No dedicated archive link; source indicates research is still needed.,2026-08-22
1149,Dream Daddy: A Dad Dating Simulator,2018,2018,https://lgbtqgamearchive.com/games/games-by-decade/2010s/dream-daddy-a-dad-dating-simulator/,researched,1151,,2026-08-22
1150,Gleaner Heights,2018,2018,,needs_research,1152,No dedicated archive link; source indicates research is still needed.,2026-08-22
1151,I Don’t Have A Cue!,2018,2018,,needs_research,1153,No dedicated archive link; source indicates research is still needed.,2026-08-22
1152,Iconoclasts,2018,2018,,needs_research,1154,No dedicated archive link; source indicates research is still needed.,2026-08-22
1153,Lagoon Lounge,2018,2018,,needs_research,1155,No dedicated archive link; source indicates research is still needed.,2026-08-22
1154,Liebt Mich Nicht,2018,2018,https://lgbtqgamearchive.com/games/games-by-decade/2010s/liebt-mich-nicht/,researched,1156,,2026-08-22
1155,Life is Strange 2,2018,2018,https://lgbtqgamearchive.com/?page_id=12177,researched,1157,,2026-08-22
1156,Love Bites,2018,2018,,needs_research,1158,No dedicated archive link; source indicates research is still needed.,2026-08-22
1157,Magical Mystery Cure,2018,2018,,needs_research,1159,No dedicated archive link; source indicates research is still needed.,2026-08-22
1158,May,2018,2018,,needs_research,1160,No dedicated archive link; source indicates research is still needed.,2026-08-22
1159,Men Bang,2018,2018,https://lgbtqgamearchive.com/games/games-by-decade/2010s/men-bang/,researched,1161,,2026-08-22
1160,Mike Dies,2018,2018,https://lgbtqgamearchive.com/games/games-by-decade/2010s/mike-dies/,researched,1162,,2026-08-22
1161,Miraclr,2018,2018,,needs_research,1163,No dedicated archive link; source indicates research is still needed.,2026-08-22
1162,Monster Prom,2018,2018,https://lgbtqgamearchive.com/games/games-by-decade/2010s/monster-prom/,researched,1164,,2026-08-22
1163,My Beastly Lovers,2018,2018,,needs_research,1165,No dedicated archive link; source indicates research is still needed.,2026-08-22
1164,Norilsk,2018,2018,,needs_research,1166,No dedicated archive link; source indicates research is still needed.,2026-08-22
1165,"One Night, Hot Springs",2018,2018,,needs_research,1167,No dedicated archive link; source indicates research is still needed.,2026-08-22
1166,Part 4: None,2018,2018,,needs_research,1168,No dedicated archive link; source indicates research is still needed.,2026-08-22
1167,Pink White or Blue,2018,2018,,needs_research,1169,No dedicated archive link; source indicates research is still needed.,2026-08-22
1168,Pridissimo,2018,2018,,needs_research,1170,No dedicated archive link; source indicates research is still needed.,2026-08-22
1169,Red Embrace,2018,2018,,needs_research,1171,No dedicated archive link; source indicates research is still needed.,2026-08-22
1170,Remothered: Tormented Fathers,2018,2018,,needs_research,1172,No dedicated archive link; source indicates research is still needed.,2026-08-22
1171,Roguemance,2018,2018,,needs_research,1173,No dedicated archive link; source indicates research is still needed.,2026-08-22
1172,Rose Seed Minigame,2018,2018,,needs_research,1174,No dedicated archive link; source indicates research is still needed.,2026-08-22
1173,routine,2018,2018,,needs_research,1175,No dedicated archive link; source indicates research is still needed.,2026-08-22
1174,Sakura Cupid,2018,2018,,needs_research,1176,No dedicated archive link; source indicates research is still needed.,2026-08-22
1175,Salad Bar,2018,2018,,needs_research,1177,No dedicated archive link; source indicates research is still needed.,2026-08-22
1176,Save me Mr Tako,2018,2018,https://lgbtqgamearchive.com/games/games-by-decade/2010s/save-me-mr-tako/,researched,1178,,2026-08-22
1177,"Saving You, From Yourself",2018,2018,https://lgbtqgamearchive.com/games/games-by-decade/2010s/saving-you-from-yourself-3/,researched,1179,,2026-08-22
1178,Secret Little Haven,2018,2018,,needs_research,1180,No dedicated archive link; source indicates research is still needed.,2026-08-22
1179,Speed Dating for Ghosts,2018,2018,,needs_research,1181,No dedicated archive link; source indicates research is still needed.,2026-08-22
1180,Super Quheeros !,2018,2018,,needs_research,1182,No dedicated archive link; source indicates research is still needed.,2026-08-22
1181,"The Adventures of an Immortal, a War Survivor, and Other Misc. Queers",2018,2018,,needs_research,1183,No dedicated archive link; source indicates research is still needed.,2026-08-22
1182,The Bakery,2018,2018,,needs_research,1184,No dedicated archive link; source indicates research is still needed.,2026-08-22
1183,The Cave of Questioning,2018,2018,,needs_research,1185,No dedicated archive link; source indicates research is still needed.,2026-08-22
1184,The Missing: J.J. Macfield and the Island of Memories,2018,2018,https://lgbtqgamearchive.com/games/games-by-decade/2010s/the-missing-j-j-macfield-and-the-island-of-memories/,researched,1186,,2026-08-22
1185,TRANS Golf,2018,2018,,needs_research,1187,No dedicated archive link; source indicates research is still needed.,2026-08-22
1186,Twin Blue Moons,2018,2018,,needs_research,1188,No dedicated archive link; source indicates research is still needed.,2026-08-22
1187,Unsafe,2018,2018,,needs_research,1189,No dedicated archive link; source indicates research is still needed.,2026-08-22
1188,Verdant Skies,2018,2018,,needs_research,1190,No dedicated archive link; source indicates research is still needed.,2026-08-22
1189,Villainous Nights,2018,2018,,needs_research,1191,No dedicated archive link; source indicates research is still needed.,2026-08-22
1190,Watch Me Jump,2018,2018,,needs_research,1192,No dedicated archive link; source indicates research is still needed.,2026-08-22
1191,Who We Are Now,2018,2018,,needs_research,1193,No dedicated archive link; source indicates research is still needed.,2026-08-22
1192,Winds of Change,2018,2018,,needs_research,1194,No dedicated archive link; source indicates research is still needed.,2026-08-22
1193,Worst Dating Sim,2018,2018,,needs_research,1195,No dedicated archive link; source indicates research is still needed.,2026-08-22
1194,Your Royal Gayness,2018,2018,,needs_research,1196,No dedicated archive link; source indicates research is still needed.,2026-08-22
1195,Zoe Kabloe and the Quest for Brunch,2018,2018,,needs_research,1197,No dedicated archive link; source indicates research is still needed.,2026-08-22
1196,AI: The Somnium Files,2019,2019,https://lgbtqgamearchive.com/?page_id=12570,researched,1198,,2026-08-22
1197,Apex Legends,2019,2019,https://lgbtqgamearchive.com/games/games-by-decade/2010s/apex-legends/,researched,1199,,2026-08-22
1198,Cursed Elements,2019,2019,https://lgbtqgamearchive.com/games/games-by-decade/2010s/cursed-elements/,researched,1200,,2026-08-22
1199,Do I Pass?,2019,2019,https://lgbtqgamearchive.com/?page_id=12144,researched,1201,,2026-08-22
1200,Fire Emblem: Three Houses,2019,2019,https://lgbtqgamearchive.com/games/game-series/fire-emblem-series/,researched,1202,,2026-08-22
1201,Looking Back,2019,2019,https://lgbtqgamearchive.com/games/games-by-decade/2010s/looking-back/,researched,1203,,2026-08-22
1202,Moonrise,2019,2019,https://lgbtqgamearchive.com/games/games-by-decade/2010s/moonrise/,researched,1204,,2026-08-22
1203,Murder by Numbers,2019,2019,,needs_research,1205,No dedicated archive link; source indicates research is still needed.,2026-08-22
1204,The Outer Worlds,2019,2019,,needs_research,1206,No dedicated archive link; source indicates research is still needed.,2026-08-22
1205,Steven Universe: Unleash the Light,2019,2019,https://lgbtqgamearchive.com/?page_id=11736,researched,1207,,2026-08-22
1206,The Sims 4: Island Living,2019,2019,https://lgbtqgamearchive.com/games/game-series/sims/,researched,1208,,2026-08-22
1207,Animal Crossing: New Horizons,2020,2020,https://lgbtqgamearchive.com/games/game-series/animal-crossing-series/,researched,1209,,2026-08-22
1208,Fire Emblem Three Houses: Cindered Shadows,2020,2020,https://lgbtqgamearchive.com/game-series/fire-emblem-series/,researched,1210,,2026-08-22
1209,SpiritFarer,2020,2020,,needs_research,1211,No dedicated archive link; source indicates research is still needed.,2026-08-22
