reference_label,parent_game_titles,parent_release_years,reference_url,reference_page_title,category_names,classification,already_registered,review_status,source_excerpt,request_error,last_reviewed
Birdo,Super Mario Bros; Super Mario Bros 2; Paper Mario: The Thousand Year Door,1985; 1988; 2004,https://lgbtqgamearchive.com/2015/09/11/birdo,Birdo in Super Mario Bros 2,1980s; Changed in localization; Transgender; Transgender (implicit),character_candidate,yes,already_registered,"Birdo Image credit http://en.wikipedia.org/wiki/Birdo Birdo is a character in the Super Mario Bros. game series and Mario franchise. Her first appearance is in Super Mario Bros. 2 (actually a tweaked version of the game Doki Doki Panic ), where she is a miniboss. A pink, anthropomorphic creature, she wears a red bow and large diamond ring, and fires eggs at her enemies. Here is a video showing Birdo in action: Many have asserted that Birdo is the first transgender video game character (see citation list below), largely because when the game came to the US, the manual stated “Birdo thinks he is a girl and likes to be called Birdetta. He likes to wear a bow on his head and shoot eggs from his mouth” (Crowder, 2009). Later reprints omitted that description. Original manual page Image credit http://en.wikipedia.org/wiki/Birdo Birdo’s gender identity has been the subject of much discussion. S",,2026-08-22
Frank N. Furter and the Castle Denizens,The Rocky Horror Picture Show,1985,https://lgbtqgamearchive.com/2018/08/27/frank-n-furter-and-the-castle-denizens,Frank N. Furter and the Castle Denizens,1990s; Bisexual; Bisexual (implicit); Characters; Games by Decade; Gender non-conforming; Intertextual Reference; Queer Men,character_candidate,yes,already_registered,"Image credit: Commodore 64 screenshot: “Frank N. Furter and Magenta Are Here.” (2008, August 15). Retrieved from http://www.mobygames.com/game/c64/rocky-horror-show/screenshots/gameShotId,318762/ In the ​ The Rocky Horror Picture Show movie and stage production, Frank N. Furter is a self-proclaimed transvestite and pansexual (alien) man from Transexual Planet, in the galaxy of Transylvania. In the game, Frank N. Furter and the other castle dwellers will steal and hide the player character’s clothes, regardless of their gender, forcing the player to retrieve them before continuing their search for pieces of the Medusa Machine. Frank N. Furter can be seen walking around the castle in a dress and boots. LGBTQ References in this game : Frank N. Furter and the Castle Denizens Citations: Polaventris. (2011, October 4). The Rocky Horror Show on a Commodore 64. Youtube. Retrieved from https://ww",,2026-08-22
Homophobic AIDS Reference,Mad Party Fucker,1985,https://lgbtqgamearchive.com/2016/07/19/homophobic-aids-reference-in-mad-party-fucker,Homophobic AIDS Reference in Mad Party Fucker,1980s; Homophobia; Homophobia/Transphobia; Mentions; Mentions (explicit),needs_unit_review,no,needs_unit_review,"The first sentence of Mad Party Fucker’s description reads: “The object of this game is to fuck as many women as you can without getting bufu’ed by fags (contracting AIDS).” Image credit: http://girls.c64.org/a__show.php?squery=mad+party+fucker We could find very little information about this game, but found one forum post that described it this way: “mad party fucker, a c64 text adventure where your goal is to rape as many people as possible at a party, but avoid getting aids from the beady-eyed “thing” at the bottom of the stairs, which takes away 20 points each time you get it. on second thought, it’s actually the best game ever because it’s just like real life” ( Pimpin, 2006 ). Citations: Mad Party Fucker (n.d.). Retrieved from http://girls.c64.org/a__show.php?squery=mad+party+fucker Mad Party Fucker v1.0 (n.d.) Retrieved from http://www.gamebase64.com/game.php?id=4503&d=45 Mad Part",,2026-08-22
Toads,Super Mario Bros; Super Mario Bros 2; Paper Mario: The Thousand Year Door,1985; 1988; 2004,https://lgbtqgamearchive.com/2015/09/11/toads-in-super-mario-bros,Toads in Super Mario Bros.,1980s; Non-binary or genderqueer; Non-binary or Genderqueer (implicit),character_candidate,yes,already_registered,"Screen shot Image credit http://gaygamer.net/2014/11/nintendo-toad-and-toadette-may-not-have-set-sexes-genders Toad (the character) and Toads (the species) have been in the Super Mario Bros series since 1985. In 2014, the creator of the series Shigeru Miyamoto revealed that Toads were designed without a specific gender in mind. Nintendo producer Koichi Hayashida similarly said that “Toads are a genderless race that take on gendered characteristics” (Corriea, 2014). LGBTQ references in this game series: Birdo Vivian Toads Citations: Corriea, A.R. (November 17, 2014). Nintendo Reveals the Toads’ Gender Secret. http://www.gamespot.com/articles/nintendo-reveals-the-toads-gender-secret/1100-6423610 iJustine. (2014, December 17). Shigeru Miyamoto Interview. YouTube. https://www.youtube.com/watch?v=dUkU6O4p7Lw&t=8m44s Mattos, S. (November 18, 2014). Nintendo: Toad and Toadette May Not Have Set ",,2026-08-22
Vivian,Super Mario Bros; Super Mario Bros 2; Paper Mario: The Thousand Year Door,1985; 1988; 2004,https://lgbtqgamearchive.com/2015/09/11/vivian,Vivian in Paper Mario,2000s; Transgender; Transgender (implicit),character_candidate,yes,already_registered,"Vivian Image credit: http://www.mariowiki.com/vivian Though less famous than Birdo , Vivian from Paper Mario: The Thousand-Year Door (an off-shoot of the Super Mario Bros series ) is also described as a trans woman in the Japanese version of the game (as well as games that were directly translated from Japanese to another language) but appears to be a cis woman in the English version. Characters in the game repeatedly make fun of her for her gender, calling her a boy or cross-dresser. In the English version, these lines are altered to call her ugly instead. Here is a video of one such instance of the game with a direct translation from Japanese to Spanish (without the English localization process that removes these references): LGBTQ references in this game series: Birdo Vivian Toads Citations: Easmodx. (2007, December 11). Paper Mario TTY: Vivian’s secret! YouTube. https://www.youtube.c",,2026-08-22
Leather Goddessess,Leather Goddesses of Phobos,1986,https://lgbtqgamearchive.com/2016/07/19/leather-goddesses-in-leather-goddesses-of-phobos,Leather Goddesses in Leather Goddesses of Phobos,1980s; Bisexual; Bisexual (implicit); Characters; Queer Women; Relationships/Romance/Sex,character_candidate,yes,already_registered,"Although Leather Goddesses of Phobos allows you to play as a male or female player character (PC), leading to minor changes in the game, the titular Leather Goddesses do not change and “remain equally interested in you whether you play as male or female” ( Maher, 2015 ). This indicates that the Leather Goddesses could be read as potentially bisexual, but we’ve found no other references to this. Still, the other sexual conquests in the game are always male if the PC is female, and female if the PC is male ( Kalata, 2010 ). Citations: Kalata, K. (2010, September 4). Leather Goddesses of Phobos. Hardcore Gaming 101. Retrieved from http://www.hardcoregaming101.net/lgop/lgop.htm Maher, J. (2015, March 5). Leather Goddesses of Phobos (or, Sex Comes ot the Micros—Again). The Digital Antiquarian. Retrieved from http://www.filfre.net/2015/03/leather-goddesses-of-phobos-or-sex-comes-to-the-micros-",,2026-08-22
Samus Aran,Metroid,1986,https://lgbtqgamearchive.com/2015/09/04/samus-aran-in-metroid,Samus Aran in Metroid,1980s; Gender non-conforming; Playable Character; Queerly Read/Rumored,queer_reading_candidate,no,queer_reading_candidate,"“Metroidprime3 1” by Modified from [1]. Samus Aran and Metroid Prime 3: Corruption copyright Nintendo.. Via Wikipedia – https://en.wikipedia.org/wiki/File:Metroidprime3_1.png#/media/File:Metroidprime3_1.png Samus Aran is perhaps one of the most well known female game protagonists and is said to have “a cult following unlike nearly any other female game character” ( IGN, 2001 ). She also makes many cameos in other Nintendo games. In the original Metroid game, Samus’s gender is not revealed until the very end of the game. In the US manuals, the player-character was referred to as a “he” and in Japanese manuals, they were referred to as “it.” The character wears a complete space suit, until the end of the game, when the suit is removed and Samus appears wearing a bikini and boots. Screenshot 1986’s Metroid Ending Image credit http://fashionapocalypse.blogspot.com/2011/05/guest-blog-samus-ar",,2026-08-22
Vivien,Moonmist,1986,https://lgbtqgamearchive.com/2015/09/11/vivien-in-moonmist,Vivien in Moonmist,1980s; Lesbian; Lesbian (explicit); Queer Women,character_candidate,yes,already_registered,"Moonmist is allegedly the first video game to feature a lesbian character: Vivien Pentreath. She is described as “A female artist who is also a criminal was jealous about her girlfriend marrying a man” ( Harriet, 2013 ). However, in the game she is is never explicitly referred to as a lesbian . In blue plot-line Vivien is the villain . Citations: 1986: Moonmist (n.d.) Retrieved from http://www.connextionsmagazine.com/gaymers–techies/1986-moonmist Cree, G. (1970, January 1) Moonmist Walkthrough– All Four Variations. GameFAQs. http://www.gamefaqs.com/pc/564468-moonmist/faqs/1619 GLBT History in Video Games: 1980s. (June 5, 2012). Retrieved from http://www.gamingbus.com/2012/06/05/glbt-history-video-games-1980s/ Harriet. (2013, November 13). Check out These Lesbian Content in Video Games. (13 November, 2013). GameGuyz. http://www.gameguyz.com/news/gossips/check-out-these-lesbian-content-in-",,2026-08-22
Abel,Street Fighter; Street Fighter II: The World Warrior; Street Fighter IV,1987; 1991; 2008,https://lgbtqgamearchive.com/2015/09/11/abel-in-street-fighter-iv,Abel in Street Fighter IV,2000s; Playable Character; Queer Men; Queerly Read/Rumored,queer_reading_candidate,yes,already_registered,"Abel Image credit http://streetfighter.wikia.com/wiki/Abel Abel first appears in Street Fighter IV as a mixed martial artist. Originally he was meant to be a small male character who looked effeminate and might be mistaken for a young girl. He became an ex-mercenary character with memory loss somewhere in the design process. It is claimed by some (see here and here ) that in his prologe scene he hints at wanting to settle down with a fellow French mercenary, but in the video of the scene we found it is a puppy he intends to come home to. LGBTQ references in this game series: Street Fighter (1987): Eagle Street Fighter II (1991): The World Warrior: Zangief Street Fighter IV (2008): Poison (originally from Final Fight ); Abel ; Juri Han Citations: Abel. (n.d.). Retrieved from http://streetfighter.wikia.com/wiki/Abel Grey, J. (2009, October 13). The original concept for Abel was…different. ",,2026-08-22
Bobbi and Kalalau,Leisure Suit Larry in the Land of the Lounge Lizards; Leisure Suit Larry 3: Passionate Patti in Pursuit of the Pulsating Pectorals; Leisure Suit Larry 5: Passionate Patti Does a Little Undercover Work; Leisure Suit Larry 6: Shape Up or Slip Out; Leisure Suit Larry: Magna Cum Laude; Leisure Suit Larry: Box Office Bust,1987; 1989; 1991; 1993; 2004; 2009,https://lgbtqgamearchive.com/2015/09/10/bobbi-and-kalalau-in-leisure-suit-larry-3,Bobbi and Kalalau in Leisure Suit Larry 3,1980s; Lesbian; Lesbian (explicit); Queer Women,character_candidate,yes,already_registered,"At the start of Leisure Suit Larry 3, the player is told that Larry’s love Kalalau has left him for a for a woman named Bobbi who is described as “an Amazonian Harley-riding former-cannibal lesbian slot-machine repairwoman.” Screenshot from https://www.youtube.com/watch?v=lk5l7MHGZAQ LGBTQ references in this game series : Leisure Suit Larry (1987): Comedian’s jokes Leisure Suit Larry 3 (1989): Bobbi and Kalalau ; Suzi ; Cross-dressing ; Lesbian Cannibals Leisure Suit Larry 5 (1991): Sign in airport Leisure Suit Larry 6 (1993): Gary ; Gay Game Over ; Cavaricchi ; Shablee ; Larry’s Reaction to Shablee Leisure Suit Larry: Magna Cum Laude (2004): Spartacus gay bar , Ione , Luba Leisure Suit Larry: Box Office Bust (2009): Damone LaCoque Citations Bobbi (n.d.). Retrived from http://leisuresuitlarry.wikia.com/wiki/Bobbi Kalalau. (n.d.) Retrived from http://leisuresuitlarry.wikia.com/wiki/Kalala",,2026-08-22
Cavaricchi,Leisure Suit Larry in the Land of the Lounge Lizards; Leisure Suit Larry 3: Passionate Patti in Pursuit of the Pulsating Pectorals; Leisure Suit Larry 5: Passionate Patti Does a Little Undercover Work; Leisure Suit Larry 6: Shape Up or Slip Out; Leisure Suit Larry: Magna Cum Laude; Leisure Suit Larry: Box Office Bust,1987; 1989; 1991; 1993; 2004; 2009,https://lgbtqgamearchive.com/2015/09/10/cavaricchi-in-leisure-suit-larry-6,Cavaricchi in Leisure Suit Larry 6,1990s; Queer Women; Queerly Read/Rumored,queer_reading_candidate,no,queer_reading_candidate,"Cavaricchi Image credit: JeffCentaur, http://leisuresuitlarry.wikia.com/wiki/Cavaricchi_Vuarnet?file=6-5_Cavaricchi_Vuarnet.png Cavaricchi, the aerobic instructor in La Costa Lotta, is described as both a lesbian and as bisexual in the same wiki article , and again as bisexual here . We could find no definitive information on this character’s sexuality however. LGBTQ references in this game series : Leisure Suit Larry (1987): Comedian’s jokes Leisure Suit Larry 3 (1989): Bobbi and Kalalau ; Suzi ; Cross-dressing ; Lesbian Cannibals Leisure Suit Larry 5 (1991): Sign in airport Leisure Suit Larry 6 (1993): Gary ; Gay Game Over ; Cavaricchi ; Shablee ; Larry’s Reaction to Shablee Leisure Suit Larry: Magna Cum Laude (2004): Spartacus gay bar , Ione , Luba Leisure Suit Larry: Box Office Bust (2009): Damone LaCoque Citations: Leisure Suit Larry 6: Shape Up or Slip Out! (n.d.) Retrived from htt",,2026-08-22
Comedian’s jokes; Lesbian Cannibals; Sign in airport,Leisure Suit Larry in the Land of the Lounge Lizards; Leisure Suit Larry 3: Passionate Patti in Pursuit of the Pulsating Pectorals; Leisure Suit Larry 5: Passionate Patti Does a Little Undercover Work; Leisure Suit Larry 6: Shape Up or Slip Out; Leisure Suit Larry: Magna Cum Laude; Leisure Suit Larry: Box Office Bust,1987; 1989; 1991; 1993; 2004; 2009,https://lgbtqgamearchive.com/2015/09/08/lgbtq-mentions-in-leisure-suit-larry-series,LGBTQ Mentions in Leisure Suit Larry Series,1980s; 1990s; Artifacts; Homophobia; Mentions (explicit),non_character_reference,no,non_character_reference,"This is a list of reported moments in which LGBTQ characters or topics are mentioned in the Leisure Suit Larry Series . We have also included characters here who were mentioned by one author or another as possibly LGBTQ but for whom we could not find any confirmation. If you know of more or can provide a source confirming the sexualities of any of the characters below, please let us know! Leisure Suit Larry in the Land of the Lounge Lizards (1987) In the original Leisure Suit Larry, there are comedians who the player can watch perform. Several of the jokes make fun of homosexuals, and all are designed to be tasteless. Leisure Suit Larry 3 (1989) At the end of the game, Larry and a female character named Patti are lost in the “Bamboo Forest.” They escape the forest, but the game ends with them being caught by “lesbian cannibals.” Leisure Suit Larry 5 (1991) There is a sign in the New York",,2026-08-22
Cross-dressing,Leisure Suit Larry in the Land of the Lounge Lizards; Leisure Suit Larry 3: Passionate Patti in Pursuit of the Pulsating Pectorals; Leisure Suit Larry 5: Passionate Patti Does a Little Undercover Work; Leisure Suit Larry 6: Shape Up or Slip Out; Leisure Suit Larry: Magna Cum Laude; Leisure Suit Larry: Box Office Bust,1987; 1989; 1991; 1993; 2004; 2009,https://lgbtqgamearchive.com/2015/09/10/cross-dressing-in-leisure-suit-larry-3,Cross-dressing in Leisure Suit Larry 3,1980s; Actions; Cross-dressing,non_character_reference,no,non_character_reference,"In Leisure Suit Larry 3 , Larry has sex with performer Cherri backstage between acts. Afterwards, Larry puts on the wrong clothes and performs on stage in a woman’s costume. Screenshot from https://www.youtube.com/watch?v=nSdHmYzxhNQ He goes straight from the performance to his divorce lawyer’s office. The lawyer, Suzi Cheatem of the law firm Dewey, Cheatem, & Howe, is claimed in one wiki entry to be a lesbian, but there is no confirmation of this. When Larry arrives in her office, she indicates she enjoys cross-dressing as well and has sex with Larry. Screenshot from https://www.youtube.com/watch?v=nSdHmYzxhNQ LGBTQ references in this game series : Leisure Suit Larry (1987): Comedian’s jokes Leisure Suit Larry 3 (1989): Bobbi and Kalalau ; Suzi ; Cross-dressing ; Lesbian Cannibals Leisure Suit Larry 5 (1991): Sign in airport Leisure Suit Larry 6 (1993): Gary ; Gay Game Over ; Cavaricchi",,2026-08-22
Damone LaCoque,Leisure Suit Larry in the Land of the Lounge Lizards; Leisure Suit Larry 3: Passionate Patti in Pursuit of the Pulsating Pectorals; Leisure Suit Larry 5: Passionate Patti Does a Little Undercover Work; Leisure Suit Larry 6: Shape Up or Slip Out; Leisure Suit Larry: Magna Cum Laude; Leisure Suit Larry: Box Office Bust,1987; 1989; 1991; 1993; 2004; 2009,https://lgbtqgamearchive.com/2015/09/10/damone-lacoque-in-leisure-suit-larry-box-office-bust,Damone LaCoque in Leisure Suit Larry: Box Office Bust,2000s; Bisexual; Bisexual (implicit); Queer Men,character_candidate,yes,already_registered,"Screenshot Image credit: http://www.mobygames.com/game/windows/leisure-suit-larry-box-office-bust/screenshots/gameShotId,363357/ In this game, pornagraphic film star Damone LaCoque is represented as bisexual, but it is unclear if that is just with regards to what he is willing to do in the films he works on. A scene with Larry suggesting he is potentially interested in men can be seen here around 0:35. He is also represented as potentially into beastiality, as in this video around 0:17 . LGBTQ references in this game series : Leisure Suit Larry (1987): Comedian’s jokes Leisure Suit Larry 3 (1989): Bobbi and Kalalau ; Suzi ; Cross-dressing ; Lesbian Cannibals Leisure Suit Larry 5 (1991): Sign in airport Leisure Suit Larry 6 (1993): Gary ; Gay Game Over ; Cavaricchi ; Shablee ; Larry’s Reaction to Shablee Leisure Suit Larry: Magna Cum Laude (2004): Spartacus gay bar , Ione , Luba Leisure S",,2026-08-22
Don Flamenco,Mike Tyson’s Punch-Out!,1987,https://lgbtqgamearchive.com/2015/09/08/don-flamenco-from-mike-tysons-punch-out,Don Flamenco from Mike Tyson’s Punch-Out!!,1980s; Queer Men; Queerly Read/Rumored,queer_reading_candidate,no,queer_reading_candidate,"Don Flamenco in Mike Tyson’s Punch-Out!! Image credit: http://punchout.wikia.com/wiki/Don_Flamenco Don Flamenco is known for being the fighter that players can knock out the fastest in Mike Tyson’s Punch Out!! (see video below). He is a Spanish fighter who enters the ring with a rose in his mouth, dancing to the opera Carmen . His effeminacy and references to his hair lead some to read him as implicitly gay. One reviewer of the game Cho Aniki references the gay undertones of his character, for example. Still, there is no explicit representation of his sexuality and the implicit evidence is a little too implicit to move him out of the “rumored” category. LGBTQ References in this game : Don Flamenco Citations: Don Flamenco. (n.d.). Retrieved from http://punchout.wikia.com/wiki/Don_Flamenco HalDanGhor. (2007, June 1). Don Flamenco Defeated in 34 Seconds!! https://www.youtube.com/watch?v=sUG",,2026-08-22
Eagle,Street Fighter; Street Fighter II: The World Warrior; Street Fighter IV,1987; 1991; 2008,https://lgbtqgamearchive.com/2015/09/11/eagle-in-street-fighter,Eagle in Street Fighter,1980s; Playable Character; Queer Men; Queerly Read/Rumored,queer_reading_candidate,yes,already_registered,"Eagle Image credit http://streetfighter.wikia.com/wiki/Eagle Eagle appeared in the first Street Fighter game as a computer controlled opponent, but later appeared as a playable character in the 2001 game Capcom vs. SNK 2 . He is a bouncer from England, and his character is reportedly designed as a tribute to Freddie Mercury of the band Queen (something which is also claimed for Sol Badguy from Guilty Gear). This and some of his Japanese win-quotes have lead some to believe he is homosexual or at least readable as such . There is still some debate on the matter. LGBTQ references in this game series: Street Fighter (1987): Eagle Street Fighter II (1991): The World Warrior: Zangief Street Fighter IV (2008): Poison (originally from Final Fight ); Abel ; Juri Han Citations: Capcom vs. SNK 2. (n.d.). Retrieved from https://en.wikipedia.org/wiki/Capcom_vs._SNK_2 Eagle. (n.d.). Retrieved from ht",,2026-08-22
Final Fight,Street Fighter; Street Fighter II: The World Warrior; Street Fighter IV,1987; 1991; 2008,https://lgbtqgamearchive.com/final-fight,Final Fight,,needs_unit_review,no,needs_unit_review,"Year: 1989 Publisher: Capcom Developer: Capcom Country: Japan Genre: Beat ’em up Platform: Various Box art Image credits http://en.wikipedia.org/wiki/Final_Fight Final Fight is a side-scroller set in “Metro City.” The player controls three characters (Mike Haggar, Cody, and Guy), and beats up members of the Mad Gear gang in an attempt to rescue Jessica, Haggar’s daughter. Some of the game characters appear later in the Street Fighter series. LGBTQ references in this game : Poison and Roxy See also, LGBTQ references in Street Fighter series Citations: Final Fight. (n.d.). Retrieved from http://en.wikipedia.org/wiki/Final_Fight McFerran, D. (October 11, 2013). Review. Retrieved from http://www.nintendolife.com/reviews/wiiu-eshop/final_fight_snes",,2026-08-22
Gary,Leisure Suit Larry in the Land of the Lounge Lizards; Leisure Suit Larry 3: Passionate Patti in Pursuit of the Pulsating Pectorals; Leisure Suit Larry 5: Passionate Patti Does a Little Undercover Work; Leisure Suit Larry 6: Shape Up or Slip Out; Leisure Suit Larry: Magna Cum Laude; Leisure Suit Larry: Box Office Bust,1987; 1989; 1991; 1993; 2004; 2009,https://lgbtqgamearchive.com/2015/09/10/gary-in-leisure-suit-larry-6,Gary in Leisure Suit Larry 6,1990s; Gay; Gay (explicit); Queer Men,character_candidate,yes,already_registered,"Screenshot of Gary and Larry from https://www.youtube.com/watch?v=7s_f-H7x0iQ Gary is a towel attendant in Leisure Suit Larry 6 . He is extremely flamboyant and actively flirts with Larry, as seen in the video below. If the player engages in any act that is interpreted as a sexual invitation to Gary , the game ends (see here for a description). LGBTQ references in this game series : Leisure Suit Larry (1987): Comedian’s jokes Leisure Suit Larry 3 (1989): Bobbi and Kalalau ; Suzi ; Cross-dressing ; Lesbian Cannibals Leisure Suit Larry 5 (1991): Sign in airport Leisure Suit Larry 6 (1993): Gary ; Gay Game Over ; Cavaricchi ; Shablee ; Larry’s Reaction to Shablee Leisure Suit Larry: Magna Cum Laude (2004): Spartacus gay bar , Ione , Luba Leisure Suit Larry: Box Office Bust (2009): Damone LaCoque Citations: Gay Option. (n.d.). Retrieved from http://tvtropes.org/pmwiki/pmwiki.php/Main/GayOpti",,2026-08-22
Gay Game Over,Leisure Suit Larry in the Land of the Lounge Lizards; Leisure Suit Larry 3: Passionate Patti in Pursuit of the Pulsating Pectorals; Leisure Suit Larry 5: Passionate Patti Does a Little Undercover Work; Leisure Suit Larry 6: Shape Up or Slip Out; Leisure Suit Larry: Magna Cum Laude; Leisure Suit Larry: Box Office Bust,1987; 1989; 1991; 1993; 2004; 2009,https://lgbtqgamearchive.com/2015/09/10/gay-game-over-in-leisure-suit-larry-6,Gay Game Over in Leisure Suit Larry 6,1990s; Homophobia; Homophobia/Transphobia; Optional Relationship; Relationships/Romance/Sex,needs_unit_review,no,needs_unit_review,"According to some (see here , here , and here ), flirting with a male bartender or male patrons results in Larry’s death in the first game of the series . However, lists and videos of all available deaths or ways to fail in the game do not list this as a possibility. The only confirmed case of flirting with a male character resulting in a “game over” we could find is in Leisure Suit Larry 6. If Larry flirts with Gary the towel attendant, the game ends with the following screen. You can see the full scene in this video (at about 2:30). Screenshot from this video https://www.youtube.com/watch?v=dQ9398qFfRY LGBTQ references in this game series : Leisure Suit Larry (1987): Comedian’s jokes Leisure Suit Larry 3 (1989): Bobbi and Kalalau ; Suzi ; Cross-dressing ; Lesbian Cannibals Leisure Suit Larry 5 (1991): Sign in airport Leisure Suit Larry 6 (1993): Gary ; Gay Game Over ; Cavaricchi ; Shab",,2026-08-22
Ione,Leisure Suit Larry in the Land of the Lounge Lizards; Leisure Suit Larry 3: Passionate Patti in Pursuit of the Pulsating Pectorals; Leisure Suit Larry 5: Passionate Patti Does a Little Undercover Work; Leisure Suit Larry 6: Shape Up or Slip Out; Leisure Suit Larry: Magna Cum Laude; Leisure Suit Larry: Box Office Bust,1987; 1989; 1991; 1993; 2004; 2009,https://lgbtqgamearchive.com/2015/09/10/ione-in-leisure-suit-larry-magna-cum-laude,Ione in Leisure Suit Larry: Magna Cum Laude,2000s; Lesbian; Lesbian (explicit); Queer Women,character_candidate,yes,already_registered,"Ione at first, screenshot from http://bd.baldurk.org/1661#title One of the women Larry Lovage (the college-aged nephew of Larry Laffer) has to interact with in Leisure Suit Larry: Magna Cum Laude , is Ione who introduces herself as being into feminist poetry, though many men do not like that. Larry responds that “well, feminism is a waste of time…but it’s cool that you are into poetry.” As part of a chat game (see this video , around 24:00) he recites a poem that mocks feminism. If the player completes the game successfully, Ione declares it “brilliant.” Ione agree to go play quarters, a drinking game, with Larry (which triggers another minigame). If he wins, she gets drunk and they they go back to her room. He talks her into letting him give her a makeover (another minigame). Ione after Larry’s makeover, screenshot from http://bd.baldurk.org/1661#title After this, Ione becomes “stimulat",,2026-08-22
Juri Han,Street Fighter; Street Fighter II: The World Warrior; Street Fighter IV,1987; 1991; 2008,https://lgbtqgamearchive.com/2015/09/11/juri-han-in-street-fighter-iv,Juri Han in Street Fighter IV,2000s; Bisexual; Bisexual (implicit); Queer Women,character_candidate,yes,already_registered,"Juri Han Image credit http://streetfighter.wikia.com/wiki/File:SFXT-Street-Fighter-X-Tekken-Art-Juri_Han.jpg Juri Han first appears in 2010’s Super Street Fighter IV. She is a South Korean character, the first in the series. Some have claimed she is a lesbian because she seems to flirt with her female rivals (though in one of those scenes, she accuses Chun-Li of having a crush on her ). She flirts with male characters as well, however, making her potentially an implicitly bisexual character. LGBTQ references in this game series: Street Fighter (1987): Eagle Street Fighter II (1991): The World Warrior: Zangief Street Fighter IV (2008): Poison (originally from Final Fight ); Abel ; Juri Han Citations: Juri. (n.d.). Retrieved from http://streetfighter.wikia.com/wiki/Juri Juri. (n.d.). Retrieved from http://streetfighter.wikia.com/wiki/Juri Juri a lesbian? (n.d.). Retrieved from http://www.g",,2026-08-22
Larry’s Reaction to Shablee,Leisure Suit Larry in the Land of the Lounge Lizards; Leisure Suit Larry 3: Passionate Patti in Pursuit of the Pulsating Pectorals; Leisure Suit Larry 5: Passionate Patti Does a Little Undercover Work; Leisure Suit Larry 6: Shape Up or Slip Out; Leisure Suit Larry: Magna Cum Laude; Leisure Suit Larry: Box Office Bust,1987; 1989; 1991; 1993; 2004; 2009,https://lgbtqgamearchive.com/2015/09/10/larrys-reaction-to-shablee,Larry’s Reaction to Shablee,1990s; Homophobia/Transphobia; Transphobia,needs_unit_review,no,needs_unit_review,"In Leisure Suit Larry 6, there is a scene where Larry tries to seduce Shablee on the beach. As they are about to have sex, he finds out she is a trans woman and has a very transphobic reaction which can be seen at the end of the video below. LGBTQ references in this game series : Leisure Suit Larry (1987): Comedian’s jokes Leisure Suit Larry 3 (1989): Bobbi and Kalalau ; Suzi ; Cross-dressing ; Lesbian Cannibals Leisure Suit Larry 5 (1991): Sign in airport Leisure Suit Larry 6 (1993): Gary ; Gay Game Over ; Cavaricchi ; Shablee ; Larry’s Reaction to Shablee Leisure Suit Larry: Magna Cum Laude (2004): Spartacus gay bar , Ione , Luba Leisure Suit Larry: Box Office Bust (2009): Damone LaCoque Citations: Shablee. (n.d.). Retrieved from http://leisuresuitlarry.wikia.com/wiki/Shablee Sierra Chest. (2009, December 21). Leisure Suit Larry 6 (part 11/25): Larry and Shablee on the beach. YouTube. ",,2026-08-22
Luba,Leisure Suit Larry in the Land of the Lounge Lizards; Leisure Suit Larry 3: Passionate Patti in Pursuit of the Pulsating Pectorals; Leisure Suit Larry 5: Passionate Patti Does a Little Undercover Work; Leisure Suit Larry 6: Shape Up or Slip Out; Leisure Suit Larry: Magna Cum Laude; Leisure Suit Larry: Box Office Bust,1987; 1989; 1991; 1993; 2004; 2009,https://lgbtqgamearchive.com/2015/09/10/luba-in-leisure-suit-larry-magna-cum-laude,Luba in Leisure Suit Larry: Magna Cum Laude,2000s; Bisexual; Bisexual (implicit); Queer Women,character_candidate,yes,already_registered,"Luba Image Credit: http://www.ign.com/articles/2004/10/02/the-ladies-of-leisure-suit-larry-october-2004 Luba is Ione ‘s roommate in Leisure Suit Larry: Magna Cum Laude . In the scene where it is revealed that they are now a couple, Ione says that Luba is bisexual. This appears to be the only reference to her bisexuality in the game, however. LGBTQ references in this game series : Leisure Suit Larry (1987): Comedian’s jokes Leisure Suit Larry 3 (1989): Bobbi and Kalalau ; Suzi ; Cross-dressing ; Lesbian Cannibals Leisure Suit Larry 5 (1991): Sign in airport Leisure Suit Larry 6 (1993): Gary ; Gay Game Over ; Cavaricchi ; Shablee ; Larry’s Reaction to Shablee Leisure Suit Larry: Magna Cum Laude (2004): Spartacus gay bar , Ione , Luba Leisure Suit Larry: Box Office Bust (2009): Damone LaCoque Citations: FLuffee4theWin. (2013, January 8). Lesbian Ione Cut scne- Leisure Suit Larry MCL Ep 57. ",,2026-08-22
Poison; Poison and Roxy,Street Fighter; Final Fight; Street Fighter II: The World Warrior; Tekken; Tekken 5; Tekken 6; Street Fighter IV,1987; 1989; 1991; 1994; 2004; 2007; 2008,https://lgbtqgamearchive.com/2015/09/10/poison-and-roxy-in-final-fight-and-street-fighter,Poison and Roxy in Final Fight and Street Fighter,1980s; Changed in localization; Playable Character; Transgender; Transgender (implicit),character_candidate,yes,already_registered,"Poison and Roxy appear as two minor enemies in the game Final Fight . They are “ palette swaps ” for one another, simply meaning that they are the same basic design element with different hair and clothing colors to make them visually distinct. Reportedly, the characters were originally going to be women, but developers thought that this would lead the game to do poorly and be protested in America—the developers thought that Americans would find hitting women distasteful. Instead, the characters were described as transvestites, oddly enough to appease feminists, as Austen Crowder points out . When the game was released for the Super Nintendo, Poison and Roxy were swapped out for male characters (Billy and Sid), because a playtester read the women as cisgendered women (Crowder, 2009). There has been a great deal of ongoing debate as to whether Poison and Roxy are transvestites, trans wome",,2026-08-22
Shablee,Leisure Suit Larry in the Land of the Lounge Lizards; Leisure Suit Larry 3: Passionate Patti in Pursuit of the Pulsating Pectorals; Leisure Suit Larry 5: Passionate Patti Does a Little Undercover Work; Leisure Suit Larry 6: Shape Up or Slip Out; Leisure Suit Larry: Magna Cum Laude; Leisure Suit Larry: Box Office Bust,1987; 1989; 1991; 1993; 2004; 2009,https://lgbtqgamearchive.com/2015/09/10/shablee-in-leisure-suit-larry-6,Shablee in Leisure Suit Larry 6,1990s; Transgender; Transgender (explicit),character_candidate,yes,already_registered,"Shablee Image credit: http://vignette4.wikia.nocookie.net/leisuresuitlarry/images/6/6e/6-6_Shablee.png/revision/latest?cb=20130328113813 Shablee is described as a “ dark-skinned make-up artist ” in the resort Larry stays in during Leisure Suit Larry 6 . When they first meet, Shablee asks Larry to find her a dress (scene below). He does, and she invites him for a midnight swim. When they begin to have sex, Larry discovers she is a trans woman and he has a very transphobic reaction. LGBTQ references in this game series : Leisure Suit Larry (1987): Comedian’s jokes Leisure Suit Larry 3 (1989): Bobbi and Kalalau ; Suzi ; Cross-dressing ; Lesbian Cannibals Leisure Suit Larry 5 (1991): Sign in airport Leisure Suit Larry 6 (1993): Gary ; Gay Game Over ; Cavaricchi ; Shablee ; Larry’s Reaction to Shablee Leisure Suit Larry: Magna Cum Laude (2004): Spartacus gay bar , Ione , Luba Leisure Suit Lar",,2026-08-22
Spartacus gay bar,Leisure Suit Larry in the Land of the Lounge Lizards; Leisure Suit Larry 3: Passionate Patti in Pursuit of the Pulsating Pectorals; Leisure Suit Larry 5: Passionate Patti Does a Little Undercover Work; Leisure Suit Larry 6: Shape Up or Slip Out; Leisure Suit Larry: Magna Cum Laude; Leisure Suit Larry: Box Office Bust,1987; 1989; 1991; 1993; 2004; 2009,https://lgbtqgamearchive.com/2015/09/10/spartacus-gay-bar-in-leisure-suit-larry-magna-cum-laude,Spartacus gay bar in Leisure Suit Larry: Magna Cum Laude,2000s; Locations; Locations (explicit),non_character_reference,no,non_character_reference,"In Leisure Suit Larry: Magna Cum Laude , there is a gay bar called Spartacus , located on the “Crappy Street” (as opposed to the “Nice Street”). You can watch Larry explore the space here . He also runs into Ione at this bar, standing next to a butch woman. A conversation with her results in a mini-game parody of Grease’s “Summer Lovin’” in which she indicates she now identifies as a lesbian. There are few different activities players can engage in in this space: Taking photos of a stripper named Helmut (they can then sell these photos to bar patrons). A rhythm dance with Helmut (seen in this video ) Making cocktails in a bartending mini-game LGBTQ references in this game series : Leisure Suit Larry (1987): Comedian’s jokes Leisure Suit Larry 3 (1989): Bobbi and Kalalau ; Suzi ; Cross-dressing ; Lesbian Cannibals Leisure Suit Larry 5 (1991): Sign in airport Leisure Suit Larry 6 (1993): G",,2026-08-22
Suzi,Leisure Suit Larry in the Land of the Lounge Lizards; Leisure Suit Larry 3: Passionate Patti in Pursuit of the Pulsating Pectorals; Leisure Suit Larry 5: Passionate Patti Does a Little Undercover Work; Leisure Suit Larry 6: Shape Up or Slip Out; Leisure Suit Larry: Magna Cum Laude; Leisure Suit Larry: Box Office Bust,1987; 1989; 1991; 1993; 2004; 2009,https://lgbtqgamearchive.com/2015/09/10/suzi-in-leisure-suit-larry-3,Suzi in Leisure Suit Larry 3,1980s; Cross-dressing; Gender non-conforming,needs_unit_review,no,needs_unit_review,"Suzi is Larry’s divorce lawyer in Leisure Suit Larry 3 . She is claimed in one wiki entry to be a lesbian, but there is no confirmation of this. When Larry arrives in her office, however, she indicates she enjoys cross-dressing , and has sex with Larry. Screenshot from https://www.youtube.com/watch?v=nSdHmYzxhNQ LGBTQ references in this game series : Leisure Suit Larry (1987): Comedian’s jokes Leisure Suit Larry 3 (1989): Bobbi and Kalalau ; Suzi ; Cross-dressing ; Lesbian Cannibals Leisure Suit Larry 5 (1991): Sign in airport Leisure Suit Larry 6 (1993): Gary ; Gay Game Over ; Cavaricchi ; Shablee ; Larry’s Reaction to Shablee Leisure Suit Larry: Magna Cum Laude (2004): Spartacus gay bar , Ione , Luba Leisure Suit Larry: Box Office Bust (2009): Damone LaCoque Citations: GreggZolon. (2008, February 14). Leisure Suit Larry 3 funny cross dressing sex scene. YouTube. https://www.youtube.com",,2026-08-22
The Warden Game,The Warden Game,1987,https://lgbtqgamearchive.com/?p=10449,The Warden Game,1980s; Games by Decade; Mentions; Mentions (explicit),needs_unit_review,no,needs_unit_review,"Year: 1987 Designer: Ed Mead Country: USA Platform: Online game Image Credit: The Warden Game (n.d.). Retrieved from http://www.waprisonhistory.org/WardenGame/ The Warden Game is a text-adventure style game that helps players understand the contradictions of prison life in an age of mass incarceration. Designed by Ed Mead around 1987, while he was incarcerated at the Washington State Reformatory at Monroe, the game explores power in prison and how individuals exercise it. Being a queer prisoner himself, Mead included mentions of anti-sexist education, since in 1977, Mead cofounded “Men Against Sexism” at Walla Walla state prison. MAS used methods such as peer education and direct confrontation to stop the rape and abuse of gay and effeminate prisoners. The Warden Game was adapted from Ed Mead’s original programming and developed for the web in 2017 by Magdalena Donea and Dan Berger . LGB",,2026-08-22
Zangief,Street Fighter; Street Fighter II: The World Warrior; Street Fighter IV,1987; 1991; 2008,https://lgbtqgamearchive.com/2015/09/11/zangief-in-street-fighter-ii,Zangief in Street Fighter II,1990s; Playable Character; Queer Men; Queerly Read/Rumored,queer_reading_candidate,yes,already_registered,"Zangief Image credit http://forums.shoryuken.com/discussion/195551/why-no-love-for-the-sfi-cast-the-ones-that-started-it-all/p2 Zangief first appeared in 1991’s Street Fighter II: The World Warrior . He is a proud Russian , often portrayed as fighting for his country. He is often interpreted as a potentially gay character (see here , here , and here ). While we can’t find any definitive confirmation, several comment sections (like this one ) have users suggesting that Capcom confirmed his sexuality at some point in time, but no links are provided. LGBTQ references in this game series: Street Fighter (1987): Eagle Street Fighter II (1991): The World Warrior: Zangief Street Fighter IV (2008): Poison (originally from Final Fight ); Abel ; Juri Han Citations: Fruit Brute. (2006, July 14). Top 20 Gayest Video Game Characters- #13. GayGamer.Net. http://gaygamer.net/2006/07/top_20_gayest_video_",,2026-08-22
Cafe Patrons; Castro; Queer Game/Narrative; Tessy LaFemme; Tracker McDyke,Caper in the Castro,1989,https://lgbtqgamearchive.com/2015/08/23/caper-in-the-castro,Caper in the Castro,1980s; Gender non-conforming; Lesbian; Lesbian (explicit); Locations; Locations (explicit); Playable Character; Queer Game/Narrative; Queer Women,non_character_reference,yes,already_registered,"A note from CM, January 2023 – I regret the spelling errors found in the game. I am mildly dyslexic and suck at spelling. Back in 1988, I had no one to edit my writing. I also regret some of the more “cringe-worthy” humor that is inappropriate by today’s standards. In some older video reviews as well as interviews, people have used the pronouns “she and her” when describing me. I am transgender and my preferred pronouns are “They, Them, and Their.” COPYRIGHT NOTICE: Images from the game are used here with permission from the artist. Should you wish to use images from the, you must obtain permission from C.M. Ralph. Copyright and Licensing information for this game are available here: https://www.cmralph.com/caper-in-the-castro-legal-info Year: 1989 Designer: C.M. Ralph Country: USA Platform: Mac Advertisment for the game appearing the the Washington Blade in the June 30th issue Caper in ",,2026-08-22
Usvestia,Phantasy Star II,1989,https://lgbtqgamearchive.com/2015/09/11/ustvestia-in-phantasy-star-ii,Ustvestia in Phantasy Star II,1980s; Changed in localization; Gay; Gay (implicit); Queer Men,character_candidate,yes,already_registered,"Phantasy Star II features the piano teacher Ustvestia . In the Japanese version of the game, if the character Rolf asks to be taught, Ustvestia charges him less than any other character. In the Japanese version of the game, he also reportedly says of Rolf “He looks cute,” but in the English version of the game says “He looks smart.” This has been read as evidence of this character being more overly gay in the Japanese version than the English version. Ustvestia Image credit http://phantasystar.wikia.com/wiki/Ustvestia Citations: LGBT Themes in Video Games. (n.d.). Retrieved from http://en.wikipedia.org/wiki/LGBT_themes_in_video_games Phantasy Star. (n.d.). Retrieved from http://web.archive.org/web/20080204060641/http://www.camineet.net/camineet/theories/twophantasystars.asp Ustvestia. (n.d.). Retrieved from http://phantasystar.wikia.com/wiki/Ustvestia",,2026-08-22
“Bad” Gypsies,Ultima VI: The False Prophet; Ultima VII: The Black Gate; Ultima VII Part II: Serpent Isle; Ultima V: Lazarus,1990; 1992; 1993; 2005,https://lgbtqgamearchive.com/2015/09/11/bad-gypsies-in-ultima-vi,“Bad” Gypsies in Ultima VI,1990s; Sex Workers and Bisexuality,character_candidate,yes,already_registered,"In Ultima VI , players can meet so-called “good” and “bad” gypsies . The “bad” gypsies, like Wanda and Andreas “prince of the gypsies” (pictured below), will accept money in exchange for sex, regardless of the avatar’s gender. Anrdreas says he normally does not have sex with men, but will do so for money. Andreas and Wanda Image credit: http://crpgaddict.blogspot.com/2014/03/ultima-vi-playing-in-sandbox.html You can see a video of how this works below: LGBTQ references in this game series : Ultima VI: The False Prophet (1990): “Bad” Gypsies Ultima VII: The Black Gate (1992): Baths at Buccaneer’s Den Ultima VII: Serpent Isle (1993): Fridigazzi Ultima V: Lazarus (2005): Possible gay encounter Citations: Andreas. (n.d.). Retrieved from http://ultima.wikia.com/wiki/Andreas Gay Option. (n.d.). Retrieved from http://tvtropes.org/pmwiki/pmwiki.php/Main/GayOption CRPG Addict. (2014, March 13). U",,2026-08-22
Baths at Buccaneer’s Den,Ultima VI: The False Prophet; Ultima VII: The Black Gate; Ultima VII Part II: Serpent Isle; Ultima V: Lazarus,1990; 1992; 1993; 2005,https://lgbtqgamearchive.com/2015/09/11/baths-at-buccaneers-den-in-ultima-vii-black-gate,Baths at Buccaneer’s Den in Ultima VII: Black Gate,1990s; Relationships/Romance/Sex; Sex Workers and Bisexuality,character_candidate,no,needs_character_review,"In Ultima VII: Black Gate , the player encounters a bath house in Buccaneer’s Den . In this bath house the player can pay for the services of male and female sex workers, regardless of their avatar’s gender. Baths in Ultima VII Image credit http://wiki.ultimacodex.com/wiki/The_Baths LGBTQ references in this game series : Ultima VI: The False Prophet (1990): “Bad” Gypsies Ultima VII: The Black Gate (1992): Baths at Buccaneer’s Den Ultima VII: Serpent Isle (1993): Fridigazzi Ultima V: Lazarus (2005): Possible gay encounter Citations: Adam and Steve, dragon slayers. (March 14, 2011). Retrieved from http://queerious.com/2011/03/14/adam-and-steve-dragon-slayers/#more-2055 Big Gay WooHoo: Same-Sex Moments In Video Games. (October 23, 2010). Retrieved from http://geeksdreamgirl.com/2010/10/23/big-gay-woohoo-same-sex-moments-in-video-games Buccaneer’s Den. (n.d.). Retrieved from http://ultima.wi",,2026-08-22
Fridigazzi,Ultima VI: The False Prophet; Ultima VII: The Black Gate; Ultima VII Part II: Serpent Isle; Ultima V: Lazarus,1990; 1992; 1993; 2005,https://lgbtqgamearchive.com/2015/09/11/fridigazzi-in-ultima-vii,Fridigazzi in Ultima VII,1990s; Bisexual; Bisexual (implicit); Queer Women,character_candidate,yes,already_registered,"Fridigazzi Flirting Image credit: https://extralives.wordpress.com/2013/04/06/from-the-pages-of-the-past-games-of-yesteryear-ultima-vii-part-two-serpent-isle/ Fridigazzi in Ultima VII Part II: Serpent Isle is an adept (powerful mage). She is the consort of the MageLord Filbercio . In the game, Fridigazzi seduces the player’s avatar regardless of their gender . If the player rejects her advances, she casts a spell to remove their clothes and does the “ Dance of Passion, which no mortal can resist! ” At this moment, Filbercio enters the room and becomes enraged. He then transports the avatar to his court for trial. As one is only aware of Fridigazzi’s bisexuality if one plays the game as both a male and female avatar, and because it is possible that this was a default male storyline that simply wasn’t changed for a female avatar selection, we are classifying this as “Bisexual-Vague.” Fridi",,2026-08-22
Sexuality and gender in Circuit’s Edge,Circuit’s Edge,1990,https://lgbtqgamearchive.com/2015/08/29/sexuality-and-gender-in-circuits-edge,Sexuality and gender in Circuit’s Edge,1990s; Gay; Gay (explicit); Queer Men; Transgender; Transgender (explicit),character_candidate,yes,already_registered,"Saied and Yasmin Image credit http://advgamer.blogspot.com/2013/12/guest-game-1-circuits-edge-another.html According to many reviews, Circuit’s Edge , has a variety of homosexual and transgender characters. For example, Marîd’s friend Saied is homosexual, and Yasmin, his ex-girlfriend, is a trans woman (pictured above). A full cataloging of the game is required to assess their role in the game and what other characters exist. Citations Circuit’s Edge. (2015, April 22). The Encyclopedia of Science Fiction. http://www.sf-encyclopedia.com/entry/circuits_edge Crystal. (2012, June 5). GLBT History in Video Games: 1980s. Gaming Bus. http://www.gamingbus.com/2012/06/05/glbt-history-video-games-1980s/ LGBT Characters in Video Games. (n.d.). Retrieved from https://en.wikipedia.org/wiki/LGBT_characters_in_video_games ZenicReverie. (2013, December 23). Guest Game 1: Circuit’s Edge- Introduction. Th",,2026-08-22
Sven,Ultima VI: The False Prophet; Ultima VII: The Black Gate; Ultima VII Part II: Serpent Isle; Ultima V: Lazarus,1990; 1992; 1993; 2005,https://lgbtqgamearchive.com/2015/09/11/ultima-v-lazarus,Ultima V: Lazarus,2000s; Queerly Read/Rumored,queer_reading_candidate,yes,already_registered,"Year: 2008 Publisher: N/A Developer: Team Lazarus Designer: Ian S. Fraizer Country: Various Genre: Role-playing Platform: PC/Mac Image Credit: Sven, from Ultima V: Lazarus. Retrieved from https://ultima.fandom.com/wiki/Sven Ultima V: Lazarus is a fan remake of the Origin’s 1988 Ultima V . In the game, Sven is a non-player character and pirate that can be found in Buccaneer’s Den. It is possible for the player-character to “go all the way” with Sven regardless of the player-character’s gender. This is part of the quest “Go All The Way.” LGBTQ references in this game series : Ultima VI: The False Prophet (1990): “Bad” Gypsies Ultima VII: The Black Gate (1992): Baths at Buccaneer’s Den Ultima VII: Serpent Isle (1993): Fridigazzi Ultima V: Lazarus (2005): Sven Citations: Gay Option. (n.d.). Retrieved from http://tvtropes.org/pmwiki/pmwiki.php/Main/GayOption Quests in Ultima V: Lazarus. (n.d.",,2026-08-22
Gay villains,Vendetta,1991,https://lgbtqgamearchive.com/2015/08/25/gay-villains-in-vendetta,Gay villains in Vendetta,1990s; Changed in localization; Gay; Gay (explicit); Homophobia; Homophobia/Transphobia; Queer Men,character_candidate,no,needs_character_review,"Gay Villan in Vendetta Image credit http://www.i-mockery.com/minimocks/sexual-games/21.php In the third stage of Vendetta , there are minor villain characters who appear to be caricatures of gay men. They are dressed as leather daddies with black leather hats and pants, suspenders,and naked torsos. Their attacks consist of dry humping the player and licking them. During the fight they also hump a light pole until the bulbs fall down on their heads. This can be seen in the video below. In 1992, when Vendetta was released for the Sega Genesis, these characters were removed . Citations: LGBT themes in video games. (n.d.). Retrieved from http://en.wikipedia.org/wiki/LGBT_themes_in_video_games Neoronthe (2010, December 23). Crime fighters 2 gay scane. Daily Motion. http://www.dailymotion.com/video/xg97nj_crime-fighters-2-gay-scane_videogames Plombon, J. (2008). The 6 most politically incorrec",,2026-08-22
Roger cross-dressing,Space Quest IV: Roger Wilco and the Time Rippers,1991,https://lgbtqgamearchive.com/2015/08/30/cross-dressing-in-space-quest-iv,Cross-Dressing in Space Quest IV,1990s; Cross-dressing; Homophobia/Transphobia; Transphobia,non_character_reference,no,non_character_reference,"Roger in drag Image credit http://www.sierraclassicgaming.com/game/space-quest-iv/ In Space Quest IV, Roger must dress up as a “blond woman” to access an ATM machine in Galexy Galleria shopping mall. The author of a 1993 review commented on this: “at one point Roger has to cross-dress to fool a computer” (Ardai, 1993, p. 34). Another author suggests that “SQIV must be the first game to include the main character dressing in drag in order to solve a puzzle (Sorry Cloud from Final Fantasy VII , but Roger got there first)” (Spaul, 1999). This scene is available in this video starting around 13:00 (set up) and about 27:00 (for actual drag scene; *content warning* there is some transphobic dialog at the end of the scene). The image above shows Roger in the dress and wig required for this puzzle. *Content Warning* Transphobic dialog: The robot clerk who sells Roger the required dress and wig g",,2026-08-22
Smithers,The Simpsons Arcade Game,1991,https://lgbtqgamearchive.com/2015/08/25/smithers,Smithers in The Simpsons Video Games,1990s; Gay; Gay (implicit); Intertextual Reference; Queer Men,character_candidate,yes,already_registered,"Wayland Smithers , Mr. Burns’s loyal assistant, appears in many of The Simpsons video games . In the original arcade game he is the main antagonist. In the TV series, Smithers’s sexual orientation is ambiguous, though it is often hinted that he is in love with his boss. The games (as far as we have found) say nothing specific about his sexual orientation. Smithers’ sprite from The Simpsons Arcade Game Image credit: http://vignette2.wikia.nocookie.net/simpsons/images/0/0a/Smithers_Sprite.PNG/revision/latest?cb=20120722022504 Citations: Smithers, what are you doing this weekend? (n.d.). Retrieved from http://www.gamefaqs.com/boards/563456-the-simpsons-bart-vs-the-world/66521825 The Simpsons. (n.d.). Retrieved from http://en.wikipedia.org/wiki/The_Simpsons Waylon Smithers. (n.d.). Retrieved from http://en.wikipedia.org/wiki/Waylon_Smithers List of The Simpsons video games. (n.d.). Retrieved",,2026-08-22
Adel,Final Fantasy V; Final Fantasy VII; Final Fantasy VIII; Final Fantasy IX; Final Fantasy X; Final Fantasy XIII; Final Fantasy XIV: A Realm Reborn,1992; 1997; 1999; 2000; 2001; 2009; 2014,https://lgbtqgamearchive.com/2015/12/10/adel-in-final-fantasy-viii,Adel in Final Fantasy VIII,1990s; Characters; Gender non-conforming,character_candidate,no,needs_character_review,"Image credit http://finalfantasy.wikia.com/wiki/Adel?file=Adel_in_the_Sorceress_Memorial.jpg Adel is a sorceress and minor antagonist in Final Fantasy VIII. There is a great deal of debate about this character’s gender identity. Adel has a very masculine form, but is referred to with female pronouns throughout the game. Players have read this character as a cisgendered woman who is meant to look “disfigured,” a transgender woman, and a cisgendered man whose gender was swapped in translation. LGBTQ references in this game series : Final Fantasy V (1992): Faris Scherwiz , Bartz Klauser Final Fantasy VII (1997): Ambiguous Characters; Cross-Dressing; Mukki Final Fantasy VIII (1999): Adel Final Fantasy IX (2000): Quina Quen Final Fantasy X (2001): Tidus, Brother and Wakka Final Fantasy XIII (2009): Fang and Vanille Final Fantasy XIV (2014): Same-sex marriage , Gay NPC couple Citations: Adel. ",,2026-08-22
Ambiguous Characters;,Final Fantasy V; Final Fantasy VII; Final Fantasy VIII; Final Fantasy IX; Final Fantasy X; Final Fantasy XIII; Final Fantasy XIV: A Realm Reborn,1992; 1997; 1999; 2000; 2001; 2009; 2014,https://lgbtqgamearchive.com/2015/09/10/cloud-and-sephiroth-in-final-fantasy-vii,Cloud and Sephiroth in Final Fantasy VII,1990s; Playable Character; Queer Men; Queerly Read/Rumored,queer_reading_candidate,no,queer_reading_candidate,"Ambiguous characters in Final Fantasy VII Cloud Strife is the main protagonist in Final Fantasy VII, while Sephiroth is the main antagonist. Fans of the game have debated both characters’ sexuality. There is a great deal of fan-produced media showing them in a relationship, like this recording of two Sims [Link to Sims page] wearing Final Fantasy skins: Others have pointed to Cloud’s “cross dressing” mission as further evidence of his sexuality. However, there is no indication in the game or in the official game description that either is gay or bisexual. It has been pointed out that some male characters in Final Fantasy VII can be “characterized as bishonen, a Japanese term for young male characters with a beauty aesthetic that is traditionally interpreted as feminine,” which is a frequent archetype in Japanese pop culture (Greene, 2013). LGBTQ references in this game series : Final Fan",,2026-08-22
Bartz Klauser,Final Fantasy V; Final Fantasy VII; Final Fantasy VIII; Final Fantasy IX; Final Fantasy X; Final Fantasy XIII; Final Fantasy XIV: A Realm Reborn,1992; 1997; 1999; 2000; 2001; 2009; 2014,https://lgbtqgamearchive.com/2017/02/10/bartz-klauser-in-final-fantasy-v,Bartz Klauser in Final Fantasy V,1990s; Bisexual; Bisexual (implicit); Characters; Playable Character; Queer Men; Queerly Read/Rumored,queer_reading_candidate,no,queer_reading_candidate,"In Final Fantasy V, main character Bartz Klauser has been interpreted as gay or bisexual , particularly after his depictions in Dissidia Final Fantasy (2008), in which Bartz mimics male and female mannerisms, and in Dissidia 012 Final Fantasy (2011), in which he has one outfit that consists of a dancer’s red shirt, open at the top and tied at his waist, and is depicted in official art for said costume somewhat flamboyantly. In the original Final Fantasy V, Bartz is attracted to a sleeping Faris before the characters realise that she is a woman (see excerpt from Final Fantasy 20 th Anniversary Ultimania File 2: Scenario below). The text of the book positions this as foreshadowing of the revelation of Faris being a biological female, and is unfazed by the revelation that she is a woman. Bartz also finds Faris attractive when she later wears an elegant dress, which some fans further interpr",,2026-08-22
Cross-Dressing;,Final Fantasy V; Final Fantasy VII; Final Fantasy VIII; Final Fantasy IX; Final Fantasy X; Final Fantasy XIII; Final Fantasy XIV: A Realm Reborn,1992; 1997; 1999; 2000; 2001; 2009; 2014,https://lgbtqgamearchive.com/2015/09/10/cross-dressing-challenge-in-final-fantasy-vii,Cross-dressing challenge in Final Fantasy VII,1990s; Actions; Cross-dressing; Gender non-conforming,non_character_reference,no,non_character_reference,"Screen Shot Image credit: (Image credit http://gaygamer.net/2013/12/the-young-bubbys-club-a-reason-why-we-havent-had-final-fantasy-vii-hd-yet) At one point in Final Fantasy VII , Cloud has to dress up like a woman to infiltrate a brothel and get some information from its owner. While undercover in the brothel, Cloud has to flirt with several male customers and even a bath with them. It is not clear what physical interaction takes place while Cloud is in the tub with the men. One of the bathers is Mukki (read more about Cloud’s interaction with Mukki here ). LGBTQ references in this game series : Final Fantasy V (1992): Faris Scherwiz , Bartz Klauser Final Fantasy VII (1997): Ambiguous Characters; Cross-Dressing; Mukki Final Fantasy VIII (1999): Adel Final Fantasy IX (2000): Quina Quen Final Fantasy X (2001): Tidus, Brother and Wakka Final Fantasy XIII (2009): Fang and Vanille Final Fanta",,2026-08-22
Fang and Vanille,Final Fantasy V; Final Fantasy VII; Final Fantasy VIII; Final Fantasy IX; Final Fantasy X; Final Fantasy XIII; Final Fantasy XIV: A Realm Reborn,1992; 1997; 1999; 2000; 2001; 2009; 2014,https://lgbtqgamearchive.com/2018/06/24/fang-and-vanille-in-final-fantasy-iii,Fang and Vanille in Final Fantasy III,2000s; Characters; Games by Decade; Lesbian; Lesbian (implicit); Playable Character; Queer Women,character_candidate,yes,already_registered,"Image credit: http://finalfantasy.wikia.com/wiki/Oerba_Yun_Fang?file=Fang_Vanille_Reunited.png Oerba Yun Fang and Oerba Dia Vanille are both playable characters in Final Fantasy XIII. Fans have read their closeness, evident in scenes like this , as evidence that they might have a romantic rather than purely platonic relationship (see here , here , here , here , and here) . This article from Gay Nerds offers a stronger case for them to be read as implicitly in a relationship than as friends or sisters as some fans have speculated. According to this fan wiki, Fang was originally intended to be a male character and the pair were based on the two humans left alive in the Ragnarok myth (who are intended to repopulate the world after it’s destruction). LGBTQ references in this game series : Final Fantasy V (1992): Faris Scherwiz , Bartz Klauser Final Fantasy VII (1997): Ambiguous Characters; C",,2026-08-22
Faris Scherwiz,Final Fantasy V; Final Fantasy VII; Final Fantasy VIII; Final Fantasy IX; Final Fantasy X; Final Fantasy XIII; Final Fantasy XIV: A Realm Reborn,1992; 1997; 1999; 2000; 2001; 2009; 2014,https://lgbtqgamearchive.com/2015/12/10/faris-scherwiz-in-final-fantasy-v,Faris Scherwiz in Final Fantasy V,1990s; Characters; Gender non-conforming,character_candidate,yes,already_registered,"Image credit http://finalfantasy.wikia.com/wiki/Faris_Scherwiz?file=Faris-ffv-ios-portrait.png The first picture above is what the main model for Fairs’s speaking looks like. The smaller sprite is how Faris appears on the game map (i mage credit ). Faris is a pirate captain and playable character in Final Fantasy V. Although the character appears fairly androgynous, it is revealed later in the game that she is female but was raised male by the pirates. She reportedly refers to herself as male and female throughout the game. In one scene , two of the other player characters, Bartz and Gaulf, realize Faris is a woman while walking in on her while she is sleeping. Both also immediately seem to fall in love with her, though the video show her kicking them out. Later it is revealed that she is the long-lost sister of Lenna. LGBTQ references in this game series : Final Fantasy V (1992): Faris ",,2026-08-22
Gay NPC couple,Final Fantasy V; Final Fantasy VII; Final Fantasy VIII; Final Fantasy IX; Final Fantasy X; Final Fantasy XIII; Final Fantasy XIV: A Realm Reborn,1992; 1997; 1999; 2000; 2001; 2009; 2014,https://lgbtqgamearchive.com/2015/09/10/gay-npcs-in-final-fantasy-xiv,Gay NPCs in Final Fantasy XIV,2010s; Gay; Gay (explicit); Queer Men,character_candidate,no,needs_character_review,"Screenshot image credit: http://forum.square-enix.com/ffxiv/threads/219866-First-ever-gay-couple-NPC-s In the MMORPG Final Fantasy XIV , there is at least one recorded gay NPC couple. The video showing this scene is below. The comment section on the video suggests there are lesbian NPCs elsewhere in the game, but we have not yet found video or images to support this. LGBTQ references in this game series : Final Fantasy V (1992): Faris Scherwiz , Bartz Klauser Final Fantasy VII (1997): Ambiguous Characters; Cross-Dressing; Mukki Final Fantasy VIII (1999): Adel Final Fantasy IX (2000): Quina Quen Final Fantasy X (2001): Tidus, Brother and Wakka Final Fantasy XIII (2009): Fang and Vanille Final Fantasy XIV (2014): Same-sex marriage , Gay NPC couple Citations: Brooke TF. (2015, January 20). First openly gay NPC couple in Final Fantasy XIV ?! YouTube. https://www.youtube.com/watch?v=zYPF_bOim",,2026-08-22
Gender swapping,Rex Nebular and the Cosmic Gender Bender,1992,https://lgbtqgamearchive.com/2015/08/30/gender-swapping-in-rex-nebular-and-the-cosmic-gender-bender,Gender Swapping in Rex Nebular and the Cosmic Gender Bender,Artifacts; Gender non-conforming; Homophobia/Transphobia; Transphobia,non_character_reference,no,non_character_reference,"Screen Shot of Cosmic Gender Bender from https://www.youtube.com/watch?v=VwL97XBCmIw&index=8&list=PLDAE8E56EA9034CF0 The Cosmic Gender Bender is a machine developed by the women of the planet that Rex has crashed on in the game . It allows the Keepers to change into biological men for short periods of time so they may impregnate the Stock women. This is described as “unpleasant” for the women, however, and because it “wears off at unpredictable times” there are apparently “awkward moments” (image below). Moreover, the Stock women don’t think much of the “transmorphs” who have used the Gender Bender. The scene showing this backstory can be viewed here . Screenshot from https://www.youtube.com/watch?v=uaN6wMMVCnQ&index=4&list=PLDAE8E56EA9034CF0 In an effort to escape, Rex stumbles into the Gender Bender and is changed into a woman (images below). The full scene can be viewed here . Screens",,2026-08-22
Lesbian Flapper,The Dagger of Amon Ra,1992,https://lgbtqgamearchive.com/2015/08/25/lesbian-flapper-in-the-dagger-of-amon-ra,Lesbian Flapper in The Dagger of Amon Ra,1990s; Lesbian; Lesbian (explicit); Queer Women,character_candidate,yes,already_registered,"Screenshot of conversation with flapper from https://www.youtube.com/watch?v=Mr3gH88aw8c The Dagger of Amon Ra features a flapper who flirts with Laura in the ladies’ room. This video shows the whole scene (starting at 7:20): A few authors also say the game features a “ lesbian couple living in the 1920s and having to hide their affair for fear of prejudice ” but we could find no additional confirmation of this. Citations: Crystal. (2012, June 12). GLBT History in Video Games: 1990s. Gaming Bus. http://www.gamingbus.com/2012/06/12/glbt-history-video-games-1990s/ Diverse gaming Lists. (2015, February 26). Lesbians in Video Games. Tumblr. http://diversegaminglists.tumblr.com/post/112131061857/lesbians-in-video-games-i-have-seen-a-post-going Ford, J. (2012, June 13). Laura Bow: The Dagger of Amon Ra. The Sanctum. http://joforeviews.blogspot.com/2012/06/its-no-mystery-that-this-is-great.html",,2026-08-22
Mukki,Final Fantasy V; Final Fantasy VII; Final Fantasy VIII; Final Fantasy IX; Final Fantasy X; Final Fantasy XIII; Final Fantasy XIV: A Realm Reborn,1992; 1997; 1999; 2000; 2001; 2009; 2014,https://lgbtqgamearchive.com/2015/09/10/mukki-in-final-fantasy-vii,Mukki in Final Fantasy VII,1990s; Gay; Gay (explicit); Queer Men,character_candidate,yes,already_registered,"Content Warning: implied rape Mukki Image credit: http://finalfantasy.wikia.com/wiki/Mukki Mukki is a non-playable, gay (vague) bodybuilder in Final Fantasy VII. Cloud meets him at the Honey Bee Inn . If Cloud goes into the “group room,” he joins Mukki and several other men in a tub. Mukki flirts aggressively with an uncomfortable Cloud. At the end of the scene, however, Cloud gets one of the final pieces of his cross-dressing costume. The Video below shows this scene: If, however, the player encounters Mukki in the “‘&$#% Room,” it appears that Mukki sexually assaults Cloud. Here is how Final Fantasy Wiki describes the scene : “Cloud experiences a bizarre hallucination of himself and faints, to the horror of the girl he entered with. As he wakes up, he feels pain, but his HP and MP are mysteriously restored. When he comes to he is lying on a bed and Mukki is on top of him, hitting him r",,2026-08-22
Queer game/narrative,Cho Aniki,1992,https://lgbtqgamearchive.com/2015/08/25/cho-aniki-as-a-queer-game,Cho Aniki as a queer game,1990s; Queer Game/Narrative,needs_unit_review,no,needs_unit_review,"Box art Image credit: (Image credit http://www.hardcoregaming101.net/choaniki/choaniki.html Cho Aniki (literally, “Super Big Brother”) is a Japanese video game series of side-scrolling, shoot ’em up games. It is an example of baka-ge (literally, “idiot game”), a subgenre of kuso-ge (literally, “shit game”). Few of the games are available outside of Japan. Screenshot Image credit http://www.hardcoregaming101.net/choaniki/choaniki.htm The series is most well-known for its surreal imagery, kitschy/campy humor, and homoerotic imagery and gameplay. The game features many muscular, nearly naked men . One of the main characters, Samons, shoots globs of “protein” out of a hole on the top of his head . Given the extensive homoeroticism of the game and its mechanics we are listing it as a queer game (broadly). A video the the trailer for the PlayStation game in the series appears below. Citations:",,2026-08-22
Quina Quen,Final Fantasy V; Final Fantasy VII; Final Fantasy VIII; Final Fantasy IX; Final Fantasy X; Final Fantasy XIII; Final Fantasy XIV: A Realm Reborn,1992; 1997; 1999; 2000; 2001; 2009; 2014,https://lgbtqgamearchive.com/2015/12/12/quina-quen-in-final-fantasy-ix,Quina Quen in Final Fantasy IX,2000s; Characters; Non-binary or genderqueer; Non-binary or Genderqueer (explicit); Playable Character,character_candidate,yes,already_registered,"Image credit http://finalfantasy.wikia.com/wiki/Quina_Quen?file=Quina_Quen_character.jpg Quina Quen is a playable character in Final Fantasy IX. Quina is from a genderless race, and is on a quest to consume new cuisine (and enemies). The character is referred to with male and female pronouns throughout the game, and, according to most descriptions, acts as comic relief in the game. Quina possess a “ childlike curiosity ” and also speaks in broken English in the translated version and Japanese with a Chinese accent in the original version. At one point in the game, it is possible for Quina to marry a male character named Vivi. LGBTQ references in this game series : Final Fantasy V (1992): Faris Scherwiz , Bartz Klauser Final Fantasy VII (1997): Ambiguous Characters; Cross-Dressing; Mukki Final Fantasy VIII (1999): Adel Final Fantasy IX (2000): Quina Quen Final Fantasy X (2001): Tidus, Bro",,2026-08-22
Rasputin,World Heroes,1992,https://lgbtqgamearchive.com/2015/08/25/rasputin-in-world-heroes,Rasputin in World Heroes,1990s; Actions; Gay; Gay (implicit); Playable Character; Queer Men,character_candidate,yes,already_registered,"One of the playable characters in World Heroes is Rasputin . He is roughly based on Grigori Rasputin , the infamous 20th century Russian mystic and faith healer. The game’s Rasputin is a 13th century Russian philosopher, alchemist, and sorcerer, according to one Wikipedia page. Other game wikis describe him as “the leader of a pansexual love cult ” and indicate he was born in the 19th century . He is often assumed to be homosexual because of his effeminate mannerisms (see image below). Rasputin win pose Image credit http://www.fightersgeneration.com/characters3/rasputin.html He also invites players to spend the night in his Garden of Love. Screenshot Image credit http://www.fightersgeneration.com/characters3/rasputin.html This may be a reference to his special move , called “The Secret Garden” in which he pulls the other fighters (nearly all men) into bushes. Hearts emanate from the bush",,2026-08-22
Same-sex marriage,Final Fantasy V; Final Fantasy VII; Final Fantasy VIII; Final Fantasy IX; Final Fantasy X; Final Fantasy XIII; Final Fantasy XIV: A Realm Reborn,1992; 1997; 1999; 2000; 2001; 2009; 2014,https://lgbtqgamearchive.com/2015/09/10/same-sex-marriage-in-final-fantasy-xiv,Same-sex marriage in Final Fantasy XIV,2010s; Optional Relationship,non_character_reference,no,non_character_reference,"‘Final Fantasy XIV’ , a massively multiplayer online version of the series, included same-sex marriage . Screenshot Image credit http://en.wikipedia.org/wiki/Final_Fantasy_XIV This inspired a group of players to participate in a pride parade in the game. The parade was organized by the Rough Trade Gaming Community (RTGC), a network that spans multiple games and describes itself as “the world’s biggest LGBT guild.” A video of the parade is available here . LGBTQ references in this game series : Final Fantasy V (1992): Faris Scherwiz , Bartz Klauser Final Fantasy VII (1997): Ambiguous Characters; Cross-Dressing; Mukki Final Fantasy VIII (1999): Adel Final Fantasy IX (2000): Quina Quen Final Fantasy X (2001): Tidus, Brother and Wakka Final Fantasy XIII (2009): Fang and Vanille Final Fantasy XIV (2014): Same-sex marriage , Gay NPC couple Citations: Galbreath, L. (2014, July 19). FFXIV Pixel ",,2026-08-22
Same-sex marriage option,Great Greed,1992,https://lgbtqgamearchive.com/2015/11/24/same-sex-marriage-in-great-greed,Same-sex Marriage in Great Greed,1990s; Optional Relationship; Relationships/Romance/Sex,non_character_reference,no,non_character_reference,"At the end of Great Greed , after the player has defeated Biohazard Harry, King Greene asks the player-character to marry one of his five daughters. However, if the player continues to speak to any of the other characters in the room (including male characters) they can opt to marry any of those characters. The ending scene will reflect that pairing, as can be seen in this video of several possible ending combinations. Citations GenStrike1. (2012, July 21). The Ending of Great Greed! YouTube. https://www.youtube.com/watch?v=_mnXr-WeXcg Great Greed. (n.d.). Retrieved from https://en.wikipedia.org/wiki/Great_Greed Kojiro, A. (2012, December 21). Style. Gaming Symmertry. http://www.gamingsymmetry.com/style/ Mawhinney, M. (2000, January 21). Great Greed Walkthrough. GameFAQs. http://www.gamefaqs.com/gameboy/585735-great-greed/faqs/6493 ReyVGM. (2012, August 23). Gay/Pedo marriage? Pfft, Grea",,2026-08-22
Tails,Sonic the Hedgehog 2,1992,https://lgbtqgamearchive.com/2015/08/30/tails-from-sonic-the-hedgehog-2,Tails from Sonic the Hedgehog 2,1990s; Queer Men; Queerly Read/Rumored,queer_reading_candidate,no,queer_reading_candidate,"Tails Image credit https://en.wikipedia.org/wiki/File:Sonicchannel_tails_cg.png Tails (Miles “Tails” Power) originally appeared in Sonic the Hedgehog 2. He has appeared on some LGBT video game character lists. Though debated, there is no conclusive evidence that his relationship with Sonic is anything more than platonic. His potential homosexuality is tied to his effeminacy and the fact that Tails is said to have “ a deep admiration for Sonic .” Citations: Graves, W. (n.d.). 7 Probably gay video game couple who should get married. Ranker. http://www.ranker.com/list/7-probably-gay-video-game-couples-who-should-get-married/walter-graves?page=2 Interview with Yui Naka: Creator of Sonic the Hedgehog. (n.d.). Retrieved from http://web.archive.org/web/19970605172353/http://www.sega.com/features/allsonic/creator/naka04.html Miles “Tails” Power. (n.d.). Retrieved from http://sonic.wikia.com/wiki",,2026-08-22
"Tidus, Brother and Wakka",Final Fantasy V; Final Fantasy VII; Final Fantasy VIII; Final Fantasy IX; Final Fantasy X; Final Fantasy XIII; Final Fantasy XIV: A Realm Reborn,1992; 1997; 1999; 2000; 2001; 2009; 2014,https://lgbtqgamearchive.com/2015/09/10/tidus-brother-and-wakka-in-final-fantasy-x,"Tidus, Brother and Wakka in Final Fantasy X",2000s; Playable Character; Queer Men; Queerly Read/Rumored,queer_reading_candidate,no,queer_reading_candidate,"Three characters in ‘Final Fantasy VII’ — Tidus , Brother and Wakka — are sometimes described as/suspected to be gay or bisexual by game fans (see here , here , and here ). While there is fan fiction (see here ) exploring this possibility, there is no direct evidence that they are gay or bisexual in the game. Tidus Image Credit: https://www.youtube.com/watch?v=8Jy-UjMaDGk Brother Image credit: http://finalfantasy.wikia.com/wiki/Brother Wakka Image credit http://finalfantasy.wikia.com/wiki/Wakka LGBTQ references in this game series : Final Fantasy V (1992): Faris Scherwiz , Bartz Klauser Final Fantasy VII (1997): Ambiguous Characters; Cross-Dressing; Mukki Final Fantasy VIII (1999): Adel Final Fantasy IX (2000): Quina Quen Final Fantasy X (2001): Tidus, Brother and Wakka Final Fantasy XIII (2009): Fang and Vanille Final Fantasy XIV (2014): Same-sex marriage , Gay NPC couple Citations: Bro",,2026-08-22
Alfred Horner,Dracula Unleashed,1993,https://lgbtqgamearchive.com/2015/08/25/alfred-horner-in-dracula-unleashed,Alfred Horner in Dracula Unleashed,1990s; Gay; Gay (implicit); Queer Men,character_candidate,yes,already_registered,"Dracula Unleashed has a minor character named Alfred Horner, a bookstore co-owner. Though his sexuality is not explicitly stated , he apparently gives the protagonist “ lecherous glances .” Alfred Horner Image credit: http://www.przygodoskop.pl/272/ciekawostki.htm This video shows the character at 7:20 and this one at 8:55. Citations: Blumfield, B. (2011, April 19). Let’s Play: Dracula Unleashed (Part 3: Day 2). YouTube. https://www.youtube.com/watch?v=p26w6o062E0 Blumfield, B. (2011, April 19). Let’s Play: Dracula Unleashed (Part 5: Day 3). YouTube. https://www.youtube.com/watch?v=DzG2cy3j4IU Ciekawostki w grze. (n.d.). Retrieved from http://www.przygodoskop.pl/272/ciekawostki.htm Dracula Unleashed [Walkthrough]. (n.d.). Retrieved from http://www.gamefaqs.com/segacd/587937-dracula-unleashed/faqs/2143 Flaherty, J. (2012, June 12). Homosexuality in video games. Secret Laboratory. http://s",,2026-08-22
Bruno,Gabriel Knight: Sins of the Fathers; Gabriel Knight 2: The Beast Within; Gabriel Knight 3: Blood of the Sacred Blood of the Damned,1993; 1995; 1999,https://lgbtqgamearchive.com/2018/07/12/bruno-in-gabriel-knight-sins-of-the-fathers,Bruno in Gabriel Knight: Sins of the Fathers,1990s; Characters; Games by Decade; Gay; Gay (implicit); Intertextual Reference; Queer Men,character_candidate,yes,already_registered,"Note: This description sent in via email, with edits and additional citations added as necessary. Bruno is in yellow shorts. Image credits: https://lparchive.org/Gabriel-Knight-Sins-of-the-Fathers/Update%2007/ In Gabriel Knight: Sins of the Father , Bruno is the owner of a flower shop near Gabriel’s bookstore. He isn’t explicitly described as gay in the game, but ( in the words of flamedrake of the Let’s Play Archive ) he’s depicted as “an artificial construct of every gay stereotype known to man.” One wiki entry describes him as “a bit of a hippy, takes flower power a bit too literally perhaps.” In the novelization of the game , he is explicitly gay: “Bruno was gay, which was fine, but he was also a flaming bitch, which was not.” Later in the game Bruno mentions a man named Cid , who never appears but is implied to be his boyfriend (Cid does not appear to be mentioned in the novel eithe",,2026-08-22
Charles,Return of the Phantom,1993,https://lgbtqgamearchive.com/2015/08/26/charles-in-return-of-the-phantom,Charles in Return of the Phantom,1990s; Queer Men; Queerly Read/Rumored,queer_reading_candidate,no,queer_reading_candidate,"Screenshot from https://www.youtube.com/watch?v=DZKYEK0H9_E In Return of the Phantom , Charles is a stage manager and included on least one list as being effeminate and possibly gay. This video shows his interactions with the player-character, though it is unclear if Charles is meant to be reads as gay or simply snide. Citations: LGBT characters in video game. (n.d.). Retrieved from http://en.wikipedia.org/wiki/LGBT_characters_in_video_games Marlene M. (2011, August 25). Let’s Play: Return of the Phantom 2/14- COnserving with Charles. YouTube. https://www.youtube.com/watch?v=DZKYEK0H9_E",,2026-08-22
Cross-dressing serial killer,Police Quest: Open Season (Police Quest IV),1993,https://lgbtqgamearchive.com/2015/08/26/cross-dressing-killer-in-police-quest-open-season,Cross-dressing Killer in Police Quest: Open Season,1990s; Cross-dressing; Gender non-conforming; Homophobia/Transphobia; Transphobia,non_character_reference,no,non_character_reference,"In Police Quest: Open Season , the movie theater proprietor with a stutter turns out to be a cross-dresser and the murder. At the end of the game, Detective John Carey lights the killer on fire using hairspray and a lighter. The sense can be viewed here (at 3:16:00), but *content warning* it includes transphobic violence. Screenshot Image credit http://johnnydfox.blogspot.com/2010/09/we-got-ourselves-murder-in-pq4-alright.htm On some sites it is claimed that the protagonist Detective John Carey’s ex-partner (who has been murdered) was a cross-dresser , though other reviews suggest the partner was possibly transgender . However, some discussion suggests this is not the case. Similarly, there is debate as to whether the “transgender bar” and “gay records in the music store” (which some authors have claimed as LGBTQ content) actually exist. Neither reference shows up in walkthroughs and is ",,2026-08-22
Gay NPC,Police Quest: Open Season (Police Quest IV),1993,https://lgbtqgamearchive.com/2015/08/26/gay-npc-in-police-quest-open-season,Gay NPC in Police Quest: Open Season,1990s; Gay; Gay (explicit); Queer Men,character_candidate,yes,already_registered,"While he is not referenced in any of the LGBTQ game content descriptions, there is one likely gay non-player character (NPC) in Police Quest: Open Season . Outside of the Bitty Kitty Club and Ragin’ Records there is a stereotypical gay male hustler who asks the protagonist: “Hey handsome. Looking for a girl…or a boy….?” The player is not given a chance to respond to this question. Screenshot from https://www.youtube.com/watch?v=1BR1u-qT3J4 LGBTQ references in this game : Cross-dressing serial killer Gay NPC Citations: NintendoComplete. (2014, February 9). Police Quest IV: Open Season. https://www.youtube.com/watch?v=1BR1u-qT3J4",,2026-08-22
Harold,Maniac Mansion: Day of the Tentacle,1993,https://lgbtqgamearchive.com/2015/08/30/harold,Harold,1990s; Cross-dressing; Gender non-conforming,needs_unit_review,yes,already_registered,"Harold Screenshot from https://www.youtube.com/watch?v=z2q5uVqMGeY In Maniac Mansion: Day of the Tentacle , the main character Laverne is sent to the future, where Tentacles rule, and forced to enter a human beauty contest (similar to a dog show). One of the contestants is Harold, who is described as male but dressed as a woman. Harold acts slightly effeminate and has an overstated French accent. This character also looks very similar to the game’s representation of George Washington. Citations: LGBT Themes in video games. (n.d.). Retrieved from https://en.wikipedia.org/wiki/LGBT_themes_in_video_games THayes. (2008, June 19). FAQ/Walkthrough for Maniac Mansion 2: Day of the Tentacle. Game FAQs. http://www.gamefaqs.com/pc/564903-maniac-mansion-day-of-the-tentacle/faqs/26778 Thunderhawk51. (2014, February 17). Maniac Mansion: Day of the Tentacle playthrough. YouTube. https://www.youtube.co",,2026-08-22
Homosexuality and Werewolves,Gabriel Knight: Sins of the Fathers; Gabriel Knight 2: The Beast Within; Gabriel Knight 3: Blood of the Sacred Blood of the Damned,1993; 1995; 1999,https://lgbtqgamearchive.com/2015/08/27/homosexuality-and-werewolves-in-gabriel-knight,Homosexuality and Werewolves in Gabriel Knight,1990s; Gay; Gay (implicit); Queer Men,character_candidate,no,needs_character_review,"In game two of the Gabriel Knight Series , The Beast Within, there are many parallels drawn between homosexuality and werewolves. The main antagonist in the game, for instance, is Baron Friedrich von Glower , who runs an exclusive men’s social club. As reviewers have pointed out, he is very heavily coded as a gay character (see here , here ). This video shows the clear coding of him as a queer character. Van Glower Image credit http://www.giantbomb.com/forums/general-discussion-30/point-and-autobot-a-nother-gabriel-knight-mystery-1466895 Similarly, King Ludwig’s diary entries about fearing that he is turning into a werewolf are dismissed by scholars as an implicit reference to his homosexuality. A historian working with Gabriel and Grace, Josef Dallmeier , asserts that Ludwig was perfectly comfortable with his sexuality and was in fact turning into a werewolf. He also supposedly says he ",,2026-08-22
Lady Howard and Estelle Stiles,Gabriel Knight: Sins of the Fathers; Gabriel Knight 2: The Beast Within; Gabriel Knight 3: Blood of the Sacred Blood of the Damned,1993; 1995; 1999,https://lgbtqgamearchive.com/2015/08/27/lady-howard-and-estelle-stiles-in-gabriel-knight-blood-of-the-sacred-blood-of-the-damned,"Lady Howard and Estelle Stiles in Gabriel Knight: Blood of the Sacred, Blood of the Damned",1990s; Lesbian; Lesbian (implicit); Queer Women,character_candidate,yes,already_registered,"Lady Lily Howard Image credit http://www.sierrachest.com/index.php?a=g&id=39&fld=g&cid=2&pid=2 Estelle Stiles Image credit http://www.sierrachest.com/index.php?a=g&id=39&fld=g&cid=2&pid=2 In third game of the Gabriel Knight Series , Blood of the Sacred, Blood of the Damned, it is hinted at that Lady Lily Howard and Estelle Stiles are a couple. Howard is a socialite and former actress and her relationship with her companion is never explicitly defined. When Gabriel searches their room , however, they only have one bed. You can see them here , around 23:00. LGBTQ references in this series : Gabriel Knight: Sins of the Fathers (1993): Bruno Gabriel Knight: The Beast Within (1995): Homosexuality and Werewolves Gabriel Knight: The Blood of the Sacred/Blood of the Damned (1999): Lady Howard and Estelle Stiles Citations: Estelle Stiles. (n.d.). Retrieved from http://gabrielknight.wikia.com/wiki",,2026-08-22
Ash,Streets of Rage 3,1994,https://lgbtqgamearchive.com/2015/08/26/ash-in-streets-of-rage-iii,Ash in Streets of Rage III,1990s; Changed in localization; Gay; Gay (explicit); Homophobia; Homophobia/Transphobia; Playable Character; Queer Men,character_candidate,yes,already_registered,"One of the sub-bosses in Streets of Rage III (also released as Bare Knuckle III) is Ash, who is widely described as a very stereotypical gay character. He is dressed as a leather daddy, and wears the female/Venus symbol on a necklace. Ash Image credit http://www.i-mockery.com/minimocks/sexual-games/8.php He was removed from the PAL and US versions of the game, but still accessible as a playable character through cheat codes. He is also, according to the poster of this video , one of the stronger characters in the game, though a reader commented to use that: He’s stronger and faster than any other character. While Ash makes the game much easier, his moveset is very incomplete, though.” This commenter also noted that the video above is from a Streets of Rage Remake, which “drew new sprites for Ash, and thus gave him a full moveset.” This Wikipedia page also refers to Ash as transsexual vil",,2026-08-22
Benimaru Nikaido,The King of Fighters; The King of Fighters XIII,1994; 2010,https://lgbtqgamearchive.com/2015/08/30/benimaru-nikaido-in-king-of-fighters,Benimaru Nikaido in King of Fighters,1990s; Queer Men; Queerly Read/Rumored,queer_reading_candidate,no,queer_reading_candidate,"Benimaru Image credit http://www.fightersgeneration.com/characters/beni-az.jpg Benimaru has been in The King of Fighters series since the beginning. He is a model and fighter who can use electricity in his attacks. His sexuality is much debated, with some people calling him “more than likely gay, if not metrosexual” ( Kalata, Sotenga, & Rasa, 2013 ) and others asserting “ He loves women! ” Developers have not openly defined his sexuality, though it is stated on the official King of Fighters site : “His speech patterns have led some to question Benimaru’s preferences as far as certain lifestyles are concerned. All we have to say is: It’s not what you think. (Not that there’s anything wrong with that.)”. The Japanese version of The King of Fighters Official Website is much more explicit about Benimaru’s (hetero)sexuality, however: The character’s description ends with “口調からか「紅丸はオカマキャラクターなの",,2026-08-22
Demirtri Maximoff,Darkstalkers: The Night Warriors; Darkstalkers 3,1994; 1997,https://lgbtqgamearchive.com/2015/08/30/demitri-from-darkstalkers-series,Demitri from Darkstalkers series,1990s; Actions; Queerly Read/Rumored,queer_reading_candidate,no,queer_reading_candidate,"“Demitri Maximoff” by Source (WP:NFCC#4). Licensed under Fair use via Wikipedia – https://en.wikipedia.org/wiki/File:Demitri_Maximoff.png#/media/File:Demitri_Maximoff.png Demitri first appeared in the original Darkstalkers game and has been in some cross-over games in addition to other games in the series. He is reportedly a bisexual vampire , but this is only reported in one place and we haven’t found additional confirmation. Beginning in Darkstalkers 3, he has a special finishing move called “Midnight Bliss,” which turns male opponents into women (female characters turn into more comedic representations of themselves). The video showing this in action is is below. A video of Demitri in action appears below. LGBTQ references in this game series : Darkstalkers: Night Warriors (1994): Morrigan Aensland ; Demitri Maximoff Darkstalkers 3 (1997): Lilith Aensland Citations: Darkstalkers. (201",,2026-08-22
Gay ending,Plumbers Don’t Wear Ties,1994,https://lgbtqgamearchive.com/2015/08/30/gay-ending-in-plumbers-dont-wear-ties,Gay ending in Plumbers Don’t Wear Ties,1990s; Gay; Gay (explicit); Homophobia; Mentions; Mentions (explicit); Optional Relationship; Queer Men,character_candidate,no,needs_character_review,"Early on in Plumbers Don’t Wear Ties, John’s mother accuses him of being gay because she has not seen him with any women. There is one ending of the game in which John distracts and ultimately walks off with a man who is chasing a woman, after discovering he is gay. It is notably the only non-violent ending in the game. A video of the scene can be seen below. Citations: Hormone 1994. (2008, August 22). Let’s Play Plumbers Don’t Wear Ties- John Distract Thresher from the chase. YouTube. https://www.youtube.com/watch?v=nekMiCgiktc Plumbers Don’t Wear Ties. (n.d.). Retrieved from http://allthetropes.wikia.com/wiki/Plumbers_Don’t_Wear_Ties Visual Novel: Plumbers Don’t Wear Ties. (n.d.) Retrieved from http://tvtropes.org/pmwiki/pmwiki.php/VisualNovel/PlumbersDontWearTies Seitz, D. (2010, July 18). Plumbers don’t Wear Ties: Gaming’s first (and only) surrealist softcore adventure. Uproxx. http:",,2026-08-22
Lee,Tekken; Tekken 5; Tekken 6,1994; 2004; 2007,https://lgbtqgamearchive.com/2015/11/20/lee-in-tekken-series,Lee in Tekken Series,1990s; Characters; Playable Character; Queer Men; Queerly Read/Rumored,queer_reading_candidate,no,queer_reading_candidate,"Image credit http://tekken.wikia.com/wiki/Lee_Chaolan?file=Lee_Chaolan_TTT2CG_art.png Lee Chaolan is a Japanese fighter who has appeared in the Tekken series since the beginning. He is sometimes also referred to as “the silver haired-demon,” and also appears as his alter-ego “ Violet ” (pictured below). Image credit http://tekken.wikia.com/wiki/Violet?file=VioletTTT2FULL.jpg Fans have read Lee as a potentially gay or bisexual character (see here , here , here , and here ), though he also has had relationships with women in the games. Fans have created fan fiction depicting his relationship with other male Tekken characters. Despite this, he is not explicitly coded in the games as gay or bisexual. LGBTQ references in this game series : Lee (1994) Lili (2004) Leo (2007) Poison (in Street Fighter x Tekken, 2012) Citations: Can you see an openly LGBT character in Tekken? (n.d.). Retrieved fr",,2026-08-22
Leo,Tekken; Tekken 5; Tekken 6,1994; 2004; 2007,https://lgbtqgamearchive.com/2015/11/20/leo-in-tekken-series,Leo in Tekken series,2000s; Characters; Non-binary or genderqueer; Non-binary or Genderqueer (explicit); Playable Character,character_candidate,no,needs_character_review,"Image credit http://tekken.wikia.com/wiki/Leo_Kliesen Leo, also know as Eleonor Kliesen, is a German character who first appears in Tekken 6. When first introduced, Leo is only referred to in gender-neutral terms, as can be seen in the character’s prologue text available here . The character also wears what is often interpreted as gender-neutral clothing. However, in the subsequent game Tekken Tag Tournament 2, Leo is referred to with female pronouns in the character’s ending description ( copied here ). According to a public talk by one of the game producers, Leo is “a female, actually.” Other sites repeatedly quote Namco representatives as saying Leo’s gender was intentionally ambiguous because they wanted “a character players will love regardless of gender” (this is repeated here , here , here , here , and here, but we have not found the original source of this quote). Another site , ",,2026-08-22
Lili,Tekken; Tekken 5; Tekken 6,1994; 2004; 2007,https://lgbtqgamearchive.com/2015/11/20/lili-in-tekken-series,Lili in Tekken Series,2000s; Characters; Playable Character; Queer Women; Queerly Read/Rumored,queer_reading_candidate,no,queer_reading_candidate,"Image credit http://www.fightersgeneration.com/characters2/lili-dr-art.jpg Lili, also known as Emilie De Rochefort, is described as a “rich girl from Monaco” when she first appears in Tekken 5. Some fans have interpreted her as a lesbian or bisexual character (see here , here , here , here , and here ). There is a great deal of fan fiction, art, and videos supporting the romantic reading of her relationship with rival Asuka . However, it is unclear if the game supports this reading (as many of the links above do not provide specific instances to analyze). LGBTQ references in this game series : Lee (1994) Lili (2004) Leo (2007) Poison (in Street Fighter x Tekken, 2012) Citations: Asuka Kazama. (n.d.). Retrieved from http://tekken.wikia.com/wiki/Asuka_Kazama Emilie De Rochefort. (n.d.). Retrieved from http://eng.tekkenpedia.com/wiki/Emilie_De_Rochefort Emile De Rochefort. (n.d.). Retrieved",,2026-08-22
Lilith Aensland,Darkstalkers: The Night Warriors; Darkstalkers 3,1994; 1997,https://lgbtqgamearchive.com/2015/08/30/lilith-in-darkstalkers-series,Lilith in Darkstalkers series,Bisexual; Bisexual (implicit); Queer Women; Queerly Read/Rumored,queer_reading_candidate,yes,already_registered,"Lilith Image credit http://capcom.wikia.com/wiki/Lilith?file=Darkstalkers3Lilith.png Lilith from Darkstalkers 3 was created from a segment of power from Morrigan Aensland . Like Morrigan, she is reportedly bisexual . Though this is widely reported, we have found no additional information on how this is discussed in the game. Reportedly Mauro Murata, the game’s writer/planner, wanted her to be an “Orokonoko” or “male daughter” character. Roughly defined as men who dress as women , this is not tied to a gender or sexual identity. She might have also been an intersex character. In the end, though, Lilith was designed and released as a female character. Like Morrigan and Felicia, Lilith appears in cross-over games and other Darkstalkers games. A video of Lilith in action appears below. LGBTQ references in this game series : Darkstalkers: Night Warriors (1994): Morrigan Aensland ; Demirtri Ma",,2026-08-22
Morrigan Aensland,Darkstalkers: The Night Warriors; Darkstalkers 3,1994; 1997,https://lgbtqgamearchive.com/2015/08/30/morrigan-aensland-in-darkstalkers,Morrigan Aensland in Darkstalkers,1990s; Bisexual; Bisexual (implicit); Queer Women; Queerly Read/Rumored,queer_reading_candidate,yes,already_registered,"Morrigan Image credit http://darkstalkers.wikia.com/wiki/Morrigan_Aensland Morrigan first appeared in the original Darkstalkers game and is the main protagonist in the series. She also appears in later Capcom games and crossover games. Like Lillith , she is reportedly bisexual . Though this is widely reported, we have found no additional information on how this is discussed in the game. A video of Morrigan in action appears below. LGBTQ references in this game series : Darkstalkers: Night Warriors (1994): Morrigan Aensland ; Demirtri Maximoff Darkstalkers 3 (1997): Lilith Aensland Citations: Darkstalkers. (2013, June 11). Darkstalkers Resurrection0 Morrigan Aensland. YouTube. https://www.youtube.com/watch?v=s89o-zb9wEg Darkstalkers. (n.d.). Retrieved from https://en.wikipedia.org/wiki/Darkstalkers Darkstalkers: Night Warriors. (n.d.). Retrieved from https://en.wikipedia.org/wiki/Darkstal",,2026-08-22
The Magypsies,Earthbound; Mother 3,1994; 2006,https://lgbtqgamearchive.com/?p=11973,The Magypsies in Mother 3,2000s; Games by Decade; Gender non-conforming; Non-binary or genderqueer; Non-binary or Genderqueer (implicit),character_candidate,no,needs_character_review,"Image Credit: Retrieved from https://wikibound.info/wiki/Magypsy The Magypsies are a group of characters central to the story of Mother 3 . They are described as mystical, androgynous human-like beings who are masters of PSI, the psychic power in the EarthBound/Mother series. Though masculine bodies and facial hair are common features among them, the Magypsies behave and dress in an incredibly feminine manner. A character in Mother 3 , Alec, describes them as being neither men nor women (see here ), though in the fan-translated English version, they are referred to with both he and she pronouns rather than gender-neutral pronouns, such as they. They also seem to be based on the Japanese stereotyping of an Okama (a crossdresser). However, in an unused item in the game called the Memo menu, they are described as such: “ This is the name for the sorcerers who have shut themselves off from t",,2026-08-22
this game series,Darkstalkers: The Night Warriors; Darkstalkers 3,1994; 1997,https://lgbtqgamearchive.com/games-by-decade/1990s/darkstalkers,Darkstalkers series,,non_character_reference,no,non_character_reference,"Year: 1994 Publisher: Capcom Developer: Capcom Country: Japan Genre: Fighting Platform: Various Arcade Poster Image credit https://en.wikipedia.org/wiki/File:Darkstalkers_arcade_flyer.png Darkstalkers , known in Japan as Vampire, is a series of fighting games that began in 1994 with Darkstalkers: Night Warriors . It also includes a media franchise with cartoon series, comics, and other media. The game players include various types of monsters and their hunters. The game is based on Gothic horror themes. LGBTQ references in this game series : Darkstalkers: Night Warriors (1994): Morrigan Aensland ; Demirtri Maximoff Darkstalkers 3 (1997): Lilith Aensland Citations: Darkstalkers. (n.d.). Retrieved from https://en.wikipedia.org/wiki/Darkstalkers Darkstalkers: Night Warriors. (n.d.). Retrieved from https://en.wikipedia.org/wiki/Darkstalkers:_The_Night_Warriors Darkstalkers 3. (n.d.). Retriev",,2026-08-22
this game series,Tekken; Tekken 5; Tekken 6,1994; 2004; 2007,https://lgbtqgamearchive.com/game-series/tekken,Tekken Series,,non_character_reference,no,non_character_reference,"Year: 1994 Publisher: Namco Developer: Namco Country: Japan Genre: Fighting Platform: Various Image credit: “PSP-TekkenDarkRessurectionUSversion-FrontCover” by Source. Licensed under Fair use via Wikipedia – https://en.wikipedia.org/wiki/File:PSP-TekkenDarkRessurectionUSversion-FrontCover.jpg#/media/File:PSP-TekkenDarkRessurectionUSversion-FrontCover.jpg The inaugural release in the Tekken series was published in 1994. Since then, the series has spawned several sequels, updates, and spin-offs, as well as three films. Tekken follows the King of Iron Fist Tournament. Hosted by the cursed Mishma Corporation, its champion is awarded control of the company and hosts the subsequent tournament. Upon completing the game, an ending cut scene that forms the basis of the next game installment is revealed. LGBTQ references in this game series : Lee (1994) Lili (2004) Leo (2007) Poison (in Street Fig",,2026-08-22
this series,The King of Fighters; The King of Fighters XIII,1994; 2010,https://lgbtqgamearchive.com/games-by-decade/1990s/the-king-of-fighters,The King of Fighters,,non_character_reference,no,non_character_reference,"Year: 1994 Publisher: SNK Developer: SNK Country: Japan Genre: Fighting Platforms: Various “The King of Fighters ’94 – poster”. Via Wikipedia – https://en.wikipedia.org/wiki/File:The_King_of_Fighters_%2794_-_poster.jpg#/media/File:The_King_of_Fighters_%2794_-_poster.jpg The King of Fighters is a series of games which began in 1994 and was originally developed for the Neo Geo. There are 13 games in the main series, as well as several remakes of earlier games. LGBTQ references in this series : Benimaru Nikaido (first appearance 1994) Transphobia/Homophobia in The King of Fighters XIII (2010) Citations: The King of Fighters. (n.d.). Retrieved from https://en.wikipedia.org/wiki/The_King_of_Fighters",,2026-08-22
Tony,Earthbound; Mother 3,1994; 2006,https://lgbtqgamearchive.com/2015/08/30/tony,Tony from EarthBound/Mother 2,1990s; Gay; Gay (explicit); Queer Men,character_candidate,yes,already_registered,"Tony Image credit http://earthbound.wikia.com/wiki/Tony Tony is the best friend and roommate of Jeff, one of Ness’s party members in EarthBound . He is rumored to have an unrequited crush on Jeff . This is evidenced by a letter Jeff reads at the end of the game (image below is a recreation from a fan site). Tony’s letter Image credit http://lparchive.org/Earthbound/Update%2032/ After the release of Mother 3, the series creatorsaid explicitly that Tony was meant to be a young gay character. The relevant part of the interview is translated here : “Itoi: Well, for example, there’s a gay person in MOTHER 2. A really passionate friend who lives in an England-like place. I designed him to be a gay child. In a normal, real-life society, there are gay children, and I have many gay friends as well. So I thought it would be nice to add one in the game, too.” LGBTQ References in this series : Earth",,2026-08-22
Transphobia/Homophobia in The King of Fighters XIII (2010),The King of Fighters; The King of Fighters XIII,1994; 2010,https://lgbtqgamearchive.com/2017/02/10/transphobiahomophobia-in-the-king-of-fighters-xiii,Transphobia/Homophobia in The King of Fighters XIII,2010s; Homophobia; Homophobia/Transphobia; Transphobia,non_character_reference,no,non_character_reference,"In the Fatal Fury team’s ending in The King of Fighters XIII , both Terry Bogard and Andy Bogard are congratulated by their girlfriend and spouse, respectively. The third team member, Joe Higashi, is then rushed and embraced by an individual in a dress. Joe is thrilled until it is revealed that the person who is embracing him is a man in a dress and makeup, at which point Joe flees, but is caught and showered with kisses. The ending closes with a distraught and lifeless Joe standing, held by his pursuer, while muttering, “A dream… this has to be a dream…” LGBTQ references in this series : Benimaru Nikaido (first appearance 1994) Transphobia/Homophobia in The King of Fighters XIII (2010) Image source: The King of Fighters XIII Master Guide . (2010). Enterbrain Mook Arcadia Extra Vol. 80 p.079",,2026-08-22
Barber,SilverLoad,1995,https://lgbtqgamearchive.com/2015/08/26/barber-in-silverload,Barber in Silverload,1990s; Gay; Gay (implicit); Gender non-conforming; Queer Men; Queerly Read/Rumored,queer_reading_candidate,no,queer_reading_candidate,"Screenshot Image credit http://www.hardcoregaming101.net/silverload/silverload.htm In Silverload , the player meets a barber who “has very effeminate mannerisms and voice” (ETJB, 2014), which can be read as a sign that he is meant to be a gay character. The barber is seen at 6:10 in this video . In addition to being clearly readable as gay, he seems to be coded as broadly European/Eastern European. Citations: ETJB. (2014, April 2). SilverLoad (PlayStation). Moby Games. http://www.mobygames.com/game/playstation/silverload/reviews/reviewerId,113308 LGBT characters in video games. (n.d.). Retrieved from http://en.wikipedia.org/wiki/LGBT_characters_in_video_games SilverLoad. (n.d.). Retrieved from http://www.hardcoregaming101.net/silverload/silverload.htm Quiting The Rage’s Channel. (2012, February 12). Silverload Playstation Playthrough Part 4. YouTube. https://www.youtube.com/watch?v=7nf1t",,2026-08-22
Danny McCormack and Steve Kaufmann,Orion Conspiracy,1995,https://lgbtqgamearchive.com/2015/08/26/danny-mccormack-and-steve-kaufmann,Danny McCormack and Steve Kaufmann in Orion Conspiracy,1990s; Gay; Gay (explicit); Queer Men,character_candidate,yes,already_registered,"In Orion Conspiracy , Devlin McCormak (the protagonist) is investigating the murder of his son Danny. Over the course of his investigation, he learns that Danny was gay and in a relationship with scientist Steve Kaufmann. Devlin finds love letters and pictures of Danny and Steve together. Screenshot from https://www.youtube.com/watch?v=m5TPjYVB7Yg&index=3&list=PLubki4wxTaO4YV62c13fN0G1sPuq5Wr4P Devlin confronts Steve. Screenshot from https://www.youtube.com/watch?v=m5TPjYVB7Yg&index=3&list=PLubki4wxTaO4YV62c13fN0G1sPuq5Wr4P T his video shows the full revelation of Danny and Steve’s relationship, and Devlin and Steve’s conversation, starting at 15:45. Citations: Balmoral Software. (1997, March 9). The Orion Conspiracy [Review and Walkthrough]. http://www.balmoralsoftware.com/orion/orion.htm Kalata, K. (2011, September 6). The Orion Conspiracy. Hardcore Gaming 101. http://www.hardcoregamin",,2026-08-22
Flea,Chrono Trigger,1995,https://lgbtqgamearchive.com/2015/08/26/flea-in-chrono-trigger,Flea in Chrono Trigger,1990s; Gender non-conforming; Non-binary or genderqueer; Non-binary or Genderqueer (explicit),character_candidate,yes,already_registered,"Flea Image credit http://gaygamer.net/2006/08/top_20_gayest_video_game_chara_27.html Chrono Trigger features Flea , a magician who is the 9th boss in the game. Flea is dressed in a feminine manner, but is described as “he” in the game. At one point in the game (see this video ), Flea says: “ Male…Female…what does it matter? Power is beautiful, and I’ve got the power! ” Citations: 7 trans friendly video game characters. (n.d.). Retrieved from http://www.out.com/entertainment/popnography/2013/11/03/7-trans-friendly-video-game-characters Chrono Trigger Boss #9 Flea. (n.d.). Retrieved from https://www.youtube.com/watch?v=JwskOkyFY_E Flea. (n.d.). Retrieved from http://chrono.wikia.com/wiki/Flea Moody, J. (April 4, 2012). A Long Walk In High Heels: A History of Transgender Video Game Characters. Retrieved from http://www.entertainmentfuse.com/a-long-walk-in-high-heels-a-history-of-transgender",,2026-08-22
Gay Police Chief,Go!Go!Ackman,1995,https://lgbtqgamearchive.com/2015/08/26/gay-police-chief-in-go-go-ackman-3,Gay Police Chief in Go! Go! Ackman 3,1990s; Gay; Gay (explicit); Homophobia; Homophobia/Transphobia; Queer Men,character_candidate,yes,already_registered,"Screen shot Image credit http://www.ign.com/images/games/go-go-ackman-3-snes-14243678/4fa6cafdcdc388ed13f0d84a In Go! Go! Ackman 3 , Ackman and his former rival Tenshi have to battle the Angel Police force. The police chief appears to be gay. He is a flamboyant character who captures Ackman, kisses him, and throws him in prison . Screenshot Image credit http://www.ign.com/images/games/go-go-ackman-3-snes-14243678/4fa6cafdcdc388ed13f0d84a Citations: Buchanan, L. (2009, March 6). A History of Insensitivity. IGN. http://neon.stg.www.ign.com/articles/2009/03/06/a-history-of-insensitivity?page=2 Go! Go! Ackman. (n.d.). Retrieved from http://en.wikipedia.org/wiki/Go!_Go!_Ackman Go Go Ackman 3 Images. (n.d.). Retrieved from http://www.ign.com/images/games/go-go-ackman-3-snes-14243678/4fa6cafdcdc388ed13f0d84a Men kissing men. (n.d.). Retrieved from http://www.gamesradar.com/men-kissing-men/?page",,2026-08-22
Imprisoned Elf,Simon the Sorcerer 2,1995,https://lgbtqgamearchive.com/2015/12/03/imprisoned-elf-in-simon-the-sorcerer-2,Imprisoned Elf in Simon the Sorcerer 2,1990s; Characters; Gay; Gay (implicit); Queer Men,character_candidate,yes,already_registered,"Screenshot from https://www.youtube.com/watch?v=2W9fwux_9vo&feature=youtu.be&t=4h13m46s In terms of noticeably queer characters, one appears when Simon is visiting the Goblin Camp. There, Simon encounters a captured elf (pictured above), coded as gay through flamboyant expressions and a fey manner of speech. [1] The elf gives Simon a quest to find a “feminine” perfume, Chanel l’Stank, after rambling on about his appearance—including not having “a manicure in days!” and lacking his facial “extracted guava cleansing lotion.” At the conclusion of their interaction, Simon, after repeated insults from the elf, bids him goodbye with a final “up yours, nancy boy,” employing a slightly derogative British slang term used to describe gay men. This scene can be viewed in this video ( 4:13:46-4:18:15 ). The dialogue is transcribed below. Characters: Simon and Elf (M) Time: (Start of Scene) Dialogue:",,2026-08-22
LGBTQ mentions,Simon the Sorcerer 2,1995,https://lgbtqgamearchive.com/2015/12/03/lgbtq-mentions-in-simon-the-sorcerer-2,LGBTQ Mentions in Simon the Sorcerer 2,1990s; Mentions; Mentions (implicit),needs_unit_review,no,needs_unit_review,"Simon the Sorcerer 2 includes minor references to gender non-conforming behaviors and representations throughout the game, in line with its overall aesthetic as a parody of the fantasy genre. All of the time stamps below are from this video . The game includes jokes about gendered hairstyles (27:32-27:48), male strippers (1:18:28-1:19:30), and anal probing (3:40:14-3:41:00). On a few occasions, the player may reply to characters with “you’re not my type” in response to a humorous play on words (1:27:42-1:28:03; 1:59:07-1:59:34). Dialogue from these scenes is copied below. Hairstyles: Characters: Simon and Ironmonger (M) Time: 27:37 (Start of Scene) Dialogue: Simon: Greetings humble purveyor of metal-wear. Ironmonger: Greetings traveler from another dimension. Simon: How did YOU know that? Ironmonger: Simple, only girls have pony-tails in this dimension. Simon: The hits just keep on comin",,2026-08-22
NiGHTS,NiGHTS Into Dreams,1995,https://lgbtqgamearchive.com/2018/08/27/nights-in-%E2%80%8Bnights-into-dreams,,,unavailable,yes,already_registered,,HTTP 404,2026-08-22
Reala and the Nightmaren,NiGHTS Into Dreams,1995,https://lgbtqgamearchive.com/2018/08/27/reala-and-the-nightmaren,Reala and the Nightmaren,1990s; Characters; Games by Decade; Gender non-conforming,character_candidate,yes,already_registered,"Image credit: (n.d.). Reala in NiGHTS into Dreams. Nights into Dreams Wiki. Wikia. Retrieved from http://nid.wikia.com/wiki/Reala Reala is one of Wizeman the Wicked’s “Nightmaren” minions. Just like NiGHTS, Reala and all of Wizeman’s other creations are gender neutral. Reala is one of the main antagonists of ​NiGHTS into Dreams​ besides Wizeman. ​NiGHTS into Dreams​ also features a multiplayer mode, in which one player controls NiGHTS and the other controls Reala — a playthrough of a multiplayer game can be seen ​here​. LGBTQ References in this game : NiGHTS Reala and the Nightmaren Citations: (n.d.). NiGHTS. Nights into Dreams Wiki. FANDOM. Retrieved from http://nid.wikia.com/wiki/NiGHTS (2018, July 21). Nights into Dreams. Wikipedia. Retrieved from https://en.wikipedia.org/wiki/Nights_into_Dreams (2018, May 1). NiGHTS into Dreams (Sega Saturn) – 2P VS Mode. Youtube. Retrieved from http",,2026-08-22
Seneschal,Shannara,1995,https://lgbtqgamearchive.com/2015/08/31/seneschal,Seneschal from Shannara,1990s; Queer Men; Queerly Read/Rumored,queer_reading_candidate,no,queer_reading_candidate,"Seneschal Screenshot from https://www.youtube.com/watch?v=_FucA6tmX6s Seneschal, a character from Shannara , is listed here as being gay, but aside from wearing purple it is unclear what about his portrayal is meant to indicate his homosexuality. We have found no other sites mentioning this character’s sexuality. Citations: DosLegend. (2008, December 2). Shannara Playthrough: Part 6. YouTube. https://www.youtube.com/watch?v=_FucA6tmX6s LGBT characters in video games. (n.d.). Retrieved from https://en.wikipedia.org/wiki/LGBT_characters_in_video_games",,2026-08-22
Uncle Pete,Full Throttle,1995,https://lgbtqgamearchive.com/2015/08/26/uncle-pete-in-full-throttle,Uncle Pete in Full Throttle,1990s; Queer Men; Queerly Read/Rumored,queer_reading_candidate,no,queer_reading_candidate,"In Full Throttle , Maureen (Mo) is a mechanic and the illegitimate daughter of a motorcycle factory CEO (see also ). She was raised by her Uncle Pete on his mink ranch until he died. According to some articles , Pete was gay (see also ). However, none of the walkthroughs or videos we have found provide any support for this claim. Citations: Crystal (2012, June 12). GLBT History in Video Games: 1990s. Gaming Bus. http://www.gamingbus.com/2012/06/12/glbt-history-video-games-1990s Ellison, C. (2015, February 20). S.EXE: Full Throttle. Rock, Paper, Shotgun. http://www.rockpapershotgun.com/2015/02/20/s-exe-full-throttle/ Maureen Corley. (n.a.). Retrieved from http://fullthrottle.wikia.com/wiki/Maureen_Corley User:Diego Moya/LGBT characters. (n.d.). Retrieved from http://en.wikipedia.org/wiki/User:Diego_Moya/LGBT_characters",,2026-08-22
Argonians,The Elder Scrolls: Daggerfall; The Elder Scrolls: Battlespire; The Elder Scrolls: Morrowind; The Elder Scrolls: Oblivion; The Elder Scrolls V: Skyrim; The Elder Scrolls: Skyrim- Dragonborn expansion; The Elder Scrolls Online,1996; 1997; 2002; 2006; 2011; 2012; 2014,https://lgbtqgamearchive.com/2016/09/05/the-argonians-and-sexual-development-in-the-elder-scrolls-iii-morrowind,The Argonians and Sexual Development in The Elder Scrolls III: Morrowind,2000s; Non-binary or genderqueer; Non-binary or Genderqueer (explicit); Transgender; Transgender (explicit),character_candidate,no,needs_character_review,"Image of Traveling-New-Woman (Female Argonian) in Morrowind: http://www.uesp.net/w/images/d/d8/MW-npc-Travelling-New-Woman.jpg In Elder Scrolls: Morrowind , the Argonians are a reptilian race from the Black Marsh region of Tamriel, a continent in the The Elder Scrolls universe. The Argonians are born from eggs and are typically characterized by their unique relationship to the Hist tree. Sexless once hatched, their sex is physiologically determined by how often they lick Hist tree sap. As such, Argonians are able to change their sex throughout their lifetime. It is believed that the sap of the Hist tree mediates hormonal expression which lead to the development of specific sex organs. With the case of Ja-Reet , it is possible for an Argonian to mature without the effects of the Hist tree, though they are likely to be disadvantaged socially and developmentally with regards to other Argoni",,2026-08-22
Bjornolfr and Hrodulf,The Elder Scrolls: Daggerfall; The Elder Scrolls: Battlespire; The Elder Scrolls: Morrowind; The Elder Scrolls: Oblivion; The Elder Scrolls V: Skyrim; The Elder Scrolls: Skyrim- Dragonborn expansion; The Elder Scrolls Online,1996; 1997; 2002; 2006; 2011; 2012; 2014,https://lgbtqgamearchive.com/2019/09/16/bjornolfr-and-hrodulf-in-the-elder-scrolls-v-skyrim,Bjornolfr and Hrodulf in The Elder Scrolls V: Skyrim,2010s; Add on content; Characters; Games by Decade; Gay; Gay (explicit); Queer Men,character_candidate,yes,already_registered,"Image Credit: Screen capture from https://www.youtube.com/watch?v=73A90Noi1BM In The Elder Scrolls V: Skyrim , there is one known explicitly queer couple that appears specifically in the Dragonborn DLC. If the player finds a love letter from Bjornolfr to Hrodulf and reads Hrodulf’s journal entries and his letter to Bjornolfr, a situation in which the two of them tried to meet but both died in the process is revealed. This situation is explained in both this video and this LiveJournal post . LGBTQ references in this game series : The Elder Scrolls II: Daggerfall (1996): Jaciel Morgen and Deyanira Katrece An Elder Scrolls Legend: Battlespire (1997): Pun/joke about the Khajiiti Navy ; NPC same-sex spouses ; Lord Killbar The Elder Scrolls III: Morrowind (2002): Vivec ; Uncle Crassius Curio ; Argonians ; Daedric Prince Boethiah ; Mephala ; Molag Bal ; Buoyant Armigers The Elder Scrolls V: Sky",,2026-08-22
Buoyant Armigers,The Elder Scrolls: Daggerfall; The Elder Scrolls: Battlespire; The Elder Scrolls: Morrowind; The Elder Scrolls: Oblivion; The Elder Scrolls V: Skyrim; The Elder Scrolls: Skyrim- Dragonborn expansion; The Elder Scrolls Online,1996; 1997; 2002; 2006; 2011; 2012; 2014,https://lgbtqgamearchive.com/2016/09/05/the-buoyant-armigers-in-the-elder-scrolls-iii-morrowind,The Buoyant Armigers in the Elder Scrolls III: Morrowind,2000s; Bisexual; Bisexual (implicit); Characters; Gay; Gay (implicit); Queer Men,character_candidate,no,needs_character_review,"Image of a Bouyant Amiger: http://vignette1.wikia.nocookie.net/elderscrolls/images/a/a5/Buoyant_Armigers_-_Morrowind.png/revision/latest/scale-to-width-down/288?cb=20160808133029 The Buoyant Armigers are a band of military enforcers that are exclusively male and swear complete loyalty to Vivec who appear in Elder Scrolls: Morrowind . In Elder Scrolls lore, the first Buoyant Armigers helped Vivec defeat the Horde Mountain monster. As a part of their training with Vivec, the Buoyant Armigers are also thought to have learned “the secrets of lust”. In which case, fans speculate that they would have copulated with both Vivec’s male and female forms. LGBTQ references in this game series : The Elder Scrolls II: Daggerfall (1996): Jaciel Morgen and Deyanira Katrece An Elder Scrolls Legend: Battlespire (1997): Pun/joke about the Khajiiti Navy ; NPC same-sex spouses ; Lord Killbar The Elder Scroll",,2026-08-22
Cross-dressing,Blazing Dragons,1996,https://lgbtqgamearchive.com/2015/08/31/cross-dressing-in-blazing-dragons,Cross-dressing in Blazing Dragons,1990s; Cross-dressing; Gender non-conforming,non_character_reference,no,non_character_reference,"Sir Blaze starting into the lake. Screenshot from https://www.youtube.com/watch?v=lYPBQBJxuT0 In the process of running away, Princess Flame of Blazing Dragons is kidnapped. While trying to rescue the Princess, Flicker runs into the court jester, Trivet, who uses hypnotism to convince Flicker he is Princess Flame. After embarassing himself, he rebounds the hypnotism spell on Trivet who then believes he is the princess. Flicker then convinces Trivet to dress as the princess and convince the king he had successfully kept the princess safe. This scene appears in this video , starting around 51:00. LGBTQ references in this game: Sir Blaze Cross-dressing Citations: Blazing Dragons. (n.d.). Retrieved from https://en.wikipedia.org/wiki/Blazing_Dragons Blazing Dragons (video game). (n.d.). Retrieved from https://en.wikipedia.org/wiki/Blazing_Dragons_(video_game) Blazing Dragons. (n.d.). Retrieve",,2026-08-22
Curtis,Phantasmagoria: A Puzzle of Flesh,1996,https://lgbtqgamearchive.com/2015/08/26/curtis-in-phantasmagoria-a-puzzle-of-flesh,Curtis in Phantasmagoria: A Puzzle of Flesh,1990s; Bisexual; Bisexual (explicit); Playable Character; Queer Men,character_candidate,yes,already_registered,"Screenshot Image credit http://gaygamer.net/2011/02/coming_out_of_my_virtual_close.html Curtis is the main protagonist in Phantasmagoria: A Puzzle of Flesh . He was released from a mental institution where he underwent electroshock therapy following an abusive childhood. Although he is in an open relationship with one woman , Jocilyn, he becomes involved with Therese. She, in turn, introduces him to the local BDSM scene. He is also attracted to his friend Trevor and tells his therapist he might be bisexual. Right before Trevor is killed, Curtis attempts to kiss him. The scene is available here , but, content warning, it features a death by strangulation. The only explicit sex scenes in the game are male-female pairings. LGBTQ references in this game : Curtis Trevor Citations: 1996: Phantasmagoria 2. (n.d.). Retrieved from http://www.connextionsmagazine.com/gaymers–techies/1996-phantasmag",,2026-08-22
Daedric Prince Boethiah,The Elder Scrolls: Daggerfall; The Elder Scrolls: Battlespire; The Elder Scrolls: Morrowind; The Elder Scrolls: Oblivion; The Elder Scrolls V: Skyrim; The Elder Scrolls: Skyrim- Dragonborn expansion; The Elder Scrolls Online,1996; 1997; 2002; 2006; 2011; 2012; 2014,https://lgbtqgamearchive.com/2016/09/05/boethiah-in-the-elder-scrolls-iii-morrowind,Boethiah in The Elder Scrolls III: Morrowind,2000s; Agender; Characters; Non-binary or genderqueer; Non-binary or Genderqueer (explicit),character_candidate,yes,already_registered,"Image of Boethiah: http://images.uesp.net/thumb/d/dd/SR-place-Sacellum_of_Boethiah.jpg/800px-SR-place-Sacellum_of_Boethiah.jpg Boethiah is the Daedra of deceit and treachery who is known for their love of bloodshed and strife, and appears in Elder Scrolls: Morrowind . Their most zealous and ravenous followers are the Dark Elves, who emulate the deity’s vast cruelty in their own affairs. Like all of the Daedric deities, Boethiah does not technically have a biological sex. While most commonly depicted as male, Boethiah has been presented as female in some regions of The Elder Scrolls universe. LGBTQ references in this game series : The Elder Scrolls II: Daggerfall (1996): Jaciel Morgen and Deyanira Katrece An Elder Scrolls Legend: Battlespire (1997): Pun/joke about the Khajiiti Navy ; NPC same-sex spouses ; Lord Killbar The Elder Scrolls III: Morrowind (2002): Vivec ; Uncle Crassius Curio ",,2026-08-22
Firemen,Harvester,1996,https://lgbtqgamearchive.com/2015/08/31/firemen-in-harvester,Firemen in Harvester,1990s; Gay; Gay (explicit); Homophobia; Queer Men,character_candidate,no,needs_character_review,"Screenshot Image credit http://www.pcgamer.com/saturday-crapshoot-harvester/ In Harvester , firemen appear to be a running gay joke. At one point, Steve buys a pornographic magazine in the general store and the old woman behind the counter says, “that kind of interest is healthy for a young fella. Steers him away from being a fireman” (Cobbett, 2011). When entering the fire station, Steve sees that the firemen apparently spend their day sketching a bikini-clad male model (Kalata, 2011). The firemen are described in another review as “lisping, effeminate ‘flame’ specialists” (Hudak, 1996). Citations: Cobbett, R. (2011, May 13). Saturday Crapshoot: Harvester. PC Gamer. http://www.pcgamer.com/saturday-crapshoot-harvester/ Elston, B. (2009, October 29). The bloodiest games you’ve never played. Games Radar. http://www.gamesradar.com/the-bloodiest-games-youve-never-played/?page=3 Harvester (vi",,2026-08-22
"Foobar, Ned, Queer imagery/narrative",Foobar vs. the DEA,1996,https://lgbtqgamearchive.com/2018/07/16/foobar-vs-the-dea,Queer Game/Narrative in Foobar Vs. the DEA,1990s; Artifacts; Characters; Games by Decade; Gay; Gay (explicit); Playable Character; Queer Game/Narrative; Queer Men,non_character_reference,no,non_character_reference,"Foobar vs. the DEA was first brought to our attention via an email. Thanks to the power of Twitter we were able to get both the correct spelling of the name, and in touch with one of it’s creators, Richard Cross. Richard graciously shared some of the back story of the game via email, but we’ve been unable to schedule an interview. Thanks to a version of the game available at the Macintosh Repository and the Internet Archive’s snapshots of the game’s website, however, we were able to piece together more information about it and the other two games in the trilogy: Foobar vs. the FCC and Foobar vs. His Local School Board. This video shows the title screen, instructions, and some game play from level one of Foobar vs. the DEA . In the original game, Foobar is on a mission to save his boyfriend Ned who has been captured by the DEA (the US Drug Enforcement Agency). Although we did find several",,2026-08-22
Gay Sims easter egg and controversy,SimCopter,1996,https://lgbtqgamearchive.com/2015/08/31/gay-sims-easter-egg-and-controversy-in-simcopter,Gay Sims easter egg and controversy in SimCopter,1990s; Easter Egg,needs_unit_review,no,needs_unit_review,"Screenshot Image credit http://libcom.org/history/interview-jacques-servin Jaques Servin, aka Andy Bichlbaum, of the culture jamming activist group The Yes Men and co-founder of RTMark (as Ray Thomas), was a programmer on Maxis’s SimCopter. Partly as a response to company working conditions and partly as a RTMark-sponsored prank, he inserted code that caused SimCopter cities to be populated by a bunch of men wearing swim trunks, holding hands, and kissing on specific dates of the year (including his birthday, his boyfriend’s birthday, and Friday the 13th). Reportedly , the male characters showed up more often than intended, and in greater numbers. A video of this Easter Egg is available here . The Easter Egg was found after the game shipped and Servin was fired for adding the content to the game. Subsequent versions of the game were distributed without the content. A game patch also remo",,2026-08-22
Jaciel Morgen and Deyanira Katrece,The Elder Scrolls: Daggerfall; The Elder Scrolls: Battlespire; The Elder Scrolls: Morrowind; The Elder Scrolls: Oblivion; The Elder Scrolls V: Skyrim; The Elder Scrolls: Skyrim- Dragonborn expansion; The Elder Scrolls Online,1996; 1997; 2002; 2006; 2011; 2012; 2014,https://lgbtqgamearchive.com/2016/05/09/jaciel-morgen-and-deyanira-katrece-in-elder-scrolls-battlespire,Jaciel Morgen and Deyanira Katrece in Elder Scrolls: Battlespire,1990s; Characters; Lesbian; Lesbian (implicit); Queer Women,character_candidate,yes,already_registered,"Jaciel Morgen, image credit: http://www.uesp.net/wiki/File:BS-npc-Jaciel_Morgen.jpg Deyanria Katrece, image credit: http://www.uesp.net/wiki/File:BS-npc-Deyanira_Katrece.jpg Jaciel Morgen and Deyanira Katrece are two Daedras encountered in Shade Perilous or Level 4 of Battlespire. Greater Nocturnal Jaciel Morgen is the mistress of Lesser Nocturnal Deyanira Katrece, and the two are heavily implied to have intimate feelings for one another. In order for the player to advance from Shade Perilous, Jaciel Morgen must be awakened from her desolate suspended state. After talking with Deyanira Katrece, the player learns that the only way to shock Jaciel from her all-consuming despair would be to banish Deyanira to the Void. Deyanira willingly submits herself to being banished by the player in hope that her sacrifice would be enough to revive Jaciel Morgen. Upon realizing Deyanira has been banish",,2026-08-22
Lord Killbar,The Elder Scrolls: Daggerfall; The Elder Scrolls: Battlespire; The Elder Scrolls: Morrowind; The Elder Scrolls: Oblivion; The Elder Scrolls V: Skyrim; The Elder Scrolls: Skyrim- Dragonborn expansion; The Elder Scrolls Online,1996; 1997; 2002; 2006; 2011; 2012; 2014,https://lgbtqgamearchive.com/2016/05/09/lord-kilbars-differing-gender-presentation-in-elder-scrolls-daggerfall,Lord Kilbar’s Differing Gender Presentation in Elder Scrolls: Daggerfall,1990s; Characters; Gender non-conforming; Queerly Read/Rumored,queer_reading_candidate,no,queer_reading_candidate,"Lord Kilbar has a female-presenting sprite in the in-game environment. Kilbar’s in-game sprite, image credit http://www.imperial-library.info/sites/~crodo/unsolved/df/kilbar1.jpg However, in his dialogue screen displays him with a male-presenting portrait and the game refers to the character with he/him pronouns. Kilbar’s Portrait, image credit: http://www.imperial-library.info/sites/~crodo/unsolved/df/kilbar2.jpg Some fans have speculated that the sprite was “incorrectly” matched to the dialogue portrait, and the character seems to serve no real purpose in the progression of the story though he can be found in a few different places. It is unclear then if the feminine appearance of the sprite is intentionally gender non-conforming or a mistake. LGBTQ references in this game series : The Elder Scrolls II: Daggerfall (1996): Jaciel Morgen and Deyanira Katrece An Elder Scrolls Legend: Batt",,2026-08-22
Mephala,The Elder Scrolls: Daggerfall; The Elder Scrolls: Battlespire; The Elder Scrolls: Morrowind; The Elder Scrolls: Oblivion; The Elder Scrolls V: Skyrim; The Elder Scrolls: Skyrim- Dragonborn expansion; The Elder Scrolls Online,1996; 1997; 2002; 2006; 2011; 2012; 2014,https://lgbtqgamearchive.com/2016/09/05/mephala-in-the-elder-scrolls-iii-morrowind,Mephala in The Elder Scrolls III: Morrowind,2000s; Characters; Intersex; Intersex (explicit),character_candidate,yes,already_registered,"Image of Mephala: http://vignette4.wikia.nocookie.net/elderscrolls/images/8/8a/Bkdae_ob_daedra_mephala.jpg/revision/latest?cb=20111109054201 In the Elder Scrolls: Morrowind , Mephala (also known as the Webspinner) is the Daedra of sex, murder, and secrets. Like all of the Daedric deities, Mephala does not technically have a biological sex. However, Mephala has been physically manifested as female in all of her appearances The Elder Scrolls series, and is generally referred to with she/her. Known as “The Androgyne”, Mephala has been represented in statues and artwork with both male and female genitalia. The Dark Elves worship her for introducing them to the practices of murder and duplicity, hence one of her names being the Queen of the Eight Shadows of Murder. LGBTQ references in this game series : The Elder Scrolls II: Daggerfall (1996): Jaciel Morgen and Deyanira Katrece An Elder Scrol",,2026-08-22
Molag Bal,The Elder Scrolls: Daggerfall; The Elder Scrolls: Battlespire; The Elder Scrolls: Morrowind; The Elder Scrolls: Oblivion; The Elder Scrolls V: Skyrim; The Elder Scrolls: Skyrim- Dragonborn expansion; The Elder Scrolls Online,1996; 1997; 2002; 2006; 2011; 2012; 2014,https://lgbtqgamearchive.com/2016/09/05/molag-bal-in-the-elder-scrolls-iii-morrowind,Molag Bal in The Elder Scrolls III: Morrowind,Characters; Intersex; Intersex (explicit),character_candidate,yes,already_registered,"Image of Molab Bal: http://www.imperial-library.info/sites/default/files/bkdae_statue_molag-bal.jpg Molag Bal is the Daedra of domination and enslavement in Elder Scrolls: Morrowind . Like all of the Daedric deities, Molag Bal does not technically have a biological sex. Molag Bal often manifests to his followers as male, though they have chosen to appear as a mortal female (referred to as the Schemer Princess) to a cult of witches that follow them. Briefly married to Vivec, Molag Bal has fathered thousands of terrifying mutant offspring. Vivec is said to have made the ancient weapon Muatra “out of his love” that represents both his male and female genitalia that was then augmented by something bit off from Molag Bal’s “spear” (thought to be male genitalia). LGBTQ references in this game series : The Elder Scrolls II: Daggerfall (1996): Jaciel Morgen and Deyanira Katrece An Elder Scrolls ",,2026-08-22
NPC same-sex spouses,The Elder Scrolls: Daggerfall; The Elder Scrolls: Battlespire; The Elder Scrolls: Morrowind; The Elder Scrolls: Oblivion; The Elder Scrolls V: Skyrim; The Elder Scrolls: Skyrim- Dragonborn expansion; The Elder Scrolls Online,1996; 1997; 2002; 2006; 2011; 2012; 2014,https://lgbtqgamearchive.com/2016/05/09/npc-same-sex-spouses-in-elder-scrolls-daggerfall,NPC Same-Sex Spouses in Elder Scrolls: Daggerfall,Characters; Queerly Read/Rumored,non_character_reference,no,non_character_reference,"According to one site , in Daggerfall it is possible for the random quest generation mechanism to create a quest storyline in which two NPCs are in a same-sex relationship. If you have any screenshots or videos with examples of this, please get in touch. LGBTQ references in this game series : The Elder Scrolls II: Daggerfall (1996): Jaciel Morgen and Deyanira Katrece An Elder Scrolls Legend: Battlespire (1997): Pun/joke about the Khajiiti Navy ; NPC same-sex spouses ; Lord Killbar The Elder Scrolls III: Morrowind (2002): Vivec ; Uncle Crassius Curio ; Argonians ; Daedric Prince Boethiah ; Mephala ; Molag Bal ; Buoyant Armigers The Elder Scrolls V: Skyrim (2011): Bjornolfr and Hrodulf , Same-sex Relationship Options <games listed below are still being researched> The Elder Scrolls IV: Oblivion (2006): Ahzirr Trajijazaeri; Viranus Dolton and Eduard Hodge; Dumag Gro-Bonk; Pelinal; City-Swim",,2026-08-22
Pun/joke about the Khajiiti Navy,The Elder Scrolls: Daggerfall; The Elder Scrolls: Battlespire; The Elder Scrolls: Morrowind; The Elder Scrolls: Oblivion; The Elder Scrolls V: Skyrim; The Elder Scrolls: Skyrim- Dragonborn expansion; The Elder Scrolls Online,1996; 1997; 2002; 2006; 2011; 2012; 2014,https://lgbtqgamearchive.com/2016/05/09/punjoke-about-homosexuality-in-the-khajiit-navy,Pun/joke about homosexuality in the Khajiit Navy in Elder Scrolls: Daggerfall,1990s; Mentions; Mentions (implicit),needs_unit_review,no,needs_unit_review,"Khajiit, image credit http://www.uesp.net/w/images/a/a5/Lore-race-Khajiit.png The Khajiit are a beast-race, more specifically they resemble human-sized anthromorphic cats. In Daggerfall, there is a Jokes book in which a mildly sexual pun is made about having to separate the (male) sailors in the Khajiiti Navy with a hammer and set of tongs. Notably, some Reddit users on an Elder Scrolls Lore subreddit discuss examples of the Khajiit being characterized as sexually fluid and uninhibited in various ways in the Elder Scrolls games series. The joke in full (below, quoted from here and here ): “How do separate [sic] sailors in the Khajiiti navy? With a hammer and tongs.” After exhaustive searching, we could find no more information on this specific content. If you have any images, videos, or further information, please contact us . LGBTQ references in this game series : The Elder Scrolls II: ",,2026-08-22
Raphael,Soul Edge; Soul Calibur II,1996; 2002,https://lgbtqgamearchive.com/2015/09/02/raphael-in-soul-calibur-series,Raphael in Soul Calibur Series,2000s; Playable Character; Queer Men; Queerly Read/Rumored,queer_reading_candidate,no,queer_reading_candidate,"Raphael Image credit http://soulcalibur.wikia.com/wiki/Raphael?file=Raphael-soul3art.jpg Raphael first appeared in Soulcalibur II (from the Soul series ). He is from a noble French family and is a vampire (thus, he does not age). He is read as a gay character, but other reviewers insist that he is simply flamboyant . As vampires are often queer characters, queer readings are understandable, but there appears to be no clear evidence of his sexuality in the game. You can see Raphael in action in this video . LGBTQ references in this game : Soul Edge (1996): Voldo Soul Calibur II (2002): Raphael Citations: Fruit Brute. (2006, July 6). Retrieved from http://gaygamer.net/2006/07/top_20_gayest_video_game_chara.html Raphael. (n.d.). Retrieved from http://www.fightersgeneration.com/characters3/rafael.html Raphael. (n.d.). Retrieved from http://soulcalibur.wikia.com/wiki/Raphael Raphael. (n.d.). ",,2026-08-22
Same-sex Relationship Options,The Elder Scrolls: Daggerfall; The Elder Scrolls: Battlespire; The Elder Scrolls: Morrowind; The Elder Scrolls: Oblivion; The Elder Scrolls V: Skyrim; The Elder Scrolls: Skyrim- Dragonborn expansion; The Elder Scrolls Online,1996; 1997; 2002; 2006; 2011; 2012; 2014,https://lgbtqgamearchive.com/2019/09/16/same-sex-relationship-options-in-the-elder-scrolls-v-skyrim,Same-Sex Relationship Options in The Elder Scrolls V: Skyrim,2010s; Games by Decade; Optional Relationship; Relationships/Romance/Sex,non_character_reference,no,non_character_reference,"Image Credit: Retrieved from https://elderscrolls.fandom.com/wiki/Marriage_(Skyrim) In The Elder Scrolls V: Skyrim , players are able to marry NPCs regardless of gender, as long as they have an Amulet of Mara and have met that NPC’s requirements for marriage. There is only one known explicitly queer couple in the game (in the Dragonborn DLC). LGBTQ references in this game series : The Elder Scrolls II: Daggerfall (1996): Jaciel Morgen and Deyanira Katrece An Elder Scrolls Legend: Battlespire (1997): Pun/joke about the Khajiiti Navy ; NPC same-sex spouses ; Lord Killbar The Elder Scrolls III: Morrowind (2002): Vivec ; Uncle Crassius Curio ; Argonians ; Daedric Prince Boethiah ; Mephala ; Molag Bal ; Buoyant Armigers The Elder Scrolls V: Skyrim (2011): Bjornolfr and Hrodulf , Same-sex Relationship Options <games listed below are still being researched> The Elder Scrolls IV: Oblivion (2006)",,2026-08-22
Sendak,Bahamut Lagoon,1996,https://lgbtqgamearchive.com/2015/09/10/sendak-in-bahamut-lagoon,Sendak in Bahamut Lagoon,1990s; Gay; Gay (explicit); Optional Relationship; Queer Men; Relationships/Romance/Sex,character_candidate,yes,already_registered,"Bahamut Lagoon’s protagonist Byuu is trying to conquer the sky world Orelus and save Princess Yoyo. One of his allies is a magician named Sendak . The old magician flirts with Byuu, and the player has an option of either accepting these advances, or continuing to pursue the Princess. Sendak Dialog Image credit: Image credit http://www.backofthecerealbox.com/2012/08/surprisingly-sexual-pixels-or-lady-or.html LGBTQ references in this game : Sendak Citations: Bahamut Lagoon. (n.d.). Retrieved from https://en.wikipedia.org/wiki/Bahamut_Lagoon Bahamut Lagoon. (n.d.). Retrived from http://finalfantasy.wikia.com/wiki/Bahamut_Lagoon Gay Option. (n.d.). Retrieved from http://tvtropes.org/pmwiki/pmwiki.php/Main/GayOption Mackie, D. (August 14, 2012). Surprisingly Sexual Pixels (or – The Lady, or the Old Homosexual?). Retrieved from http://www.backofthecerealbox.com/2012/08/surprisingly-sexual-pixe",,2026-08-22
Sir Blaze,Blazing Dragons,1996,https://lgbtqgamearchive.com/2015/08/31/sir-blaze-from-blazing-dragons,Sir Blaze from Blazing Dragons,1990s; Gay; Gay (implicit); Intertextual Reference; Queer Men,character_candidate,yes,already_registered,"Sir Blaze starting into the lake. Screenshot from https://www.youtube.com/watch?v=lYPBQBJxuT0 In Blazing Dragons , Sir Blaze is one of the dragon knights that Flicker must help. He is represented as effeminate and flamboyant. In the animated series, Sir Blaze’s sexuality is a bit more overt, so much so that the more obvious references to his sexuality were cut for the American release of the show. Sir Blaze is also represented as particularly vain. One reviewer writes, “the pretty boy Sir Blaze is so enchanted with his own reflection in the lake that he’s completely forgotten his duties” ( GrendalMK2, 2010 ). This part of the game can be viewed here (at about 32:15) LGBTQ references in this game: Sir Blaze Cross-dressing Citations Blazing Dragons. (n.d.). Retrieved from https://en.wikipedia.org/wiki/Blazing_Dragons Blazing Dragons (video game). (n.d.). Retrieved from https://en.wikipedia",,2026-08-22
the game,Harvester,1996,https://lgbtqgamearchive.com/games-by-decade/1990s/harvester,Harvester,,needs_unit_review,no,needs_unit_review,"Year: 1996 Publisher: Merit Studios Developer: DigiFX Interactive Writer/Director: Gilbert P. Austin Country: USA Genre: Adventure game Platforms: PC European cover art Image credit https://en.wikipedia.org/wiki/Harvester_(video_game) Harvester is a horror adventure game whose protagonist is Steve, who wakes up in a strange town with amnesia. He must make several moral decisions throughout the game as he progresses through various puzzles. Written by Gilbert P. Austin, the game is meant to explore controversies surrounding violent media. In his own words, “I wanted the player to mull over whether he had internalized the over-the-top violence and surreal imagery of the game in the game manner that Steve had” ( Malin, 2014 ). It uses live-action characters, and is notoriously gory (Elston, 2009). LGBTQ references in the game : Firemen Citations: Cobbett, R. (2011, May 13). Saturday Crapsho",,2026-08-22
this game series,The Elder Scrolls: Daggerfall; The Elder Scrolls: Battlespire; The Elder Scrolls: Morrowind; The Elder Scrolls: Oblivion; The Elder Scrolls V: Skyrim; The Elder Scrolls: Skyrim- Dragonborn expansion; The Elder Scrolls Online,1996; 1997; 2002; 2006; 2011; 2012; 2014,https://lgbtqgamearchive.com/game-series/elder-scrolls,,,unavailable,no,unavailable,,HTTP 404,2026-08-22
Trevor,Phantasmagoria: A Puzzle of Flesh,1996,https://lgbtqgamearchive.com/2015/08/26/trevor-in-phantasmagoria-a-puzzle-of-flesh,Trevor in Phantasmagoria: A Puzzle of Flesh,1990s; Gay; Gay (explicit); Queer Men,character_candidate,yes,already_registered,"Screenshot http://image.jeuxvideo.com/images/videos/videos_editeurs_images/0002/00026119-low.jpg Trevor is Craig’s best friend in Phantasmagoria: A Puzzle of Flesh . He is openly gay. You can watch a video featuring this character here . LGBTQ references in this game : Curtis Trevor Citations: 1996: Phantasmagoria 2. (n.d.). Retrieved from http://www.connextionsmagazine.com/gaymers–techies/1996-phantasmagoria-2 Morstabilini, A. (2008, August 15). Phantasmagoria: A Puzzle of Flesh REVIEW. Adventure Gamers. http://www.adventuregamers.com/articles/view/18190 Phantasmagoria: A puzzle of flesh. (n.d.). Retrieved from http://en.wikipedia.org/wiki/Phantasmagoria:_A_Puzzle_of_Flesh Phantasmagoria: A Puzzle of Flesh. (n.d.). Retrieved from http://www.sierrachest.com/index.php?a=g&id=41&fld=g&cid=2&pid=2 Review. (n.d.). Retrieved from http://adyinggod.tumblr.com/post/92748030667/i-finished-phantas",,2026-08-22
Uncle Crassius Curio,The Elder Scrolls: Daggerfall; The Elder Scrolls: Battlespire; The Elder Scrolls: Morrowind; The Elder Scrolls: Oblivion; The Elder Scrolls V: Skyrim; The Elder Scrolls: Skyrim- Dragonborn expansion; The Elder Scrolls Online,1996; 1997; 2002; 2006; 2011; 2012; 2014,https://lgbtqgamearchive.com/2016/09/05/crassius-curio-in-the-elder-scrolls-morrowind,Crassius Curio in The Elder Scrolls: Morrowind,2000s; Bisexual; Bisexual (explicit); Characters,character_candidate,yes,already_registered,"Image of Crassius Curio: http://www.uesp.net/w/images/thumb/d/de/MW-npc-Crassius_Curio.jpg/600px-MW-npc-Crassius_Curio.jpg Crassius Curio is an Imperial noble who serves as a councilman to House Hlaahu in The Elder Scrolls III: Morrowind . Known for his perverted behavior and strange tastes, Curio is also an author of erotic adult novels. Regardless of the gender of the player character, after some crude flirting Curio will agree to be their patron if they take off all of their clothing and accessories in front of him. LGBTQ references in this game series : The Elder Scrolls II: Daggerfall (1996): Jaciel Morgen and Deyanira Katrece An Elder Scrolls Legend: Battlespire (1997): Pun/joke about the Khajiiti Navy ; NPC same-sex spouses ; Lord Killbar The Elder Scrolls III: Morrowind (2002): Vivec ; Uncle Crassius Curio ; Argonians ; Daedric Prince Boethiah ; Mephala ; Molag Bal ; Buoyant Armi",,2026-08-22
Vivec,The Elder Scrolls: Daggerfall; The Elder Scrolls: Battlespire; The Elder Scrolls: Morrowind; The Elder Scrolls: Oblivion; The Elder Scrolls V: Skyrim; The Elder Scrolls: Skyrim- Dragonborn expansion; The Elder Scrolls Online,1996; 1997; 2002; 2006; 2011; 2012; 2014,https://lgbtqgamearchive.com/2016/09/05/vivec-in-the-elder-scrolls-iii-morrowind,Vivec in The Elder Scrolls III: Morrowind,2000s; Bisexual; Bisexual (explicit); Characters; Intersex; Intersex (explicit); Non-binary or genderqueer; Non-binary or Genderqueer (explicit); Queer Men; Queer Women,character_candidate,yes,already_registered,"Image credit: http://vignette1.wikia.nocookie.net/elderscrolls/images/0/07/Vivec_God.png/revision/latest/scale-to-width-down/270?cb=20140330095518 Vivec is a god in The Elder Scrolls III: Morrowind , whose enigmatic personality and power have led the Dark Elves (Dunmer) to worship them. Vivec is described as “the magic hermaphrodite” with the ability to change their gender at will and has the physical traits of both the Dunmer and Chimer race. They are known to have relationships with Almalexia (a goddess figure) and Molag Bal via a brief marriage. It is said that Molag Bal fathered thousands of terrifying mutant offspring with Vivec. Vivec later made the ancient weapon Muatra “out of his love” representing both his male and female genitalia that was then augmented by something bit off from Molag Bal’s “spear” (thought to be male genitalia). LGBTQ references in this game series : The Eld",,2026-08-22
Voldo,Soul Edge; Soul Calibur II,1996; 2002,https://lgbtqgamearchive.com/2015/09/02/voldo-in-soul-calibur-series,Voldo in Soul Calibur Series,1990s; Gender non-conforming; Playable Character; Queer Men; Queerly Read/Rumored,queer_reading_candidate,no,queer_reading_candidate,"Voldo Image credit http://darth.wikia.com/wiki/Voldo Voldo appears in the first game in the Soul series (Soul Edge). He is a fighter and contortionist from Palermo, Naples. His costume is inspired by bondage gear and descriptions of him generally emphasize how sexualized he is in the series. Voldo has been listed on some “gay game character” lists ( here , here ), but largely he is noted for being an “odd” character. You can see Voldo in action in this video . LGBTQ references in this game : Soul Edge (1996): Voldo Soul Calibur II (2002): Raphael Citations: Fruite Brute. (2006, August 3). Top 20 Gayest Video Game Characters- Honorable Mentions and Ones We Missed #6. GayGamer.Net. http://gaygamer.net/2006/08/top_20_gayest_video_game_chara_26.html Link. (n.d.). The List: Top 10 Gay Game Characters. The Healing Touch. https://thehealingtouch.wordpress.com/2008/01/01/the-list-top-10-gay-game",,2026-08-22
Alex Richards,Fallout; Fallout 2; Fallout: Brotherhood of Steel; Fallout 3; Fallout: New Vegas; Fallout 4,1997; 1998; 2004; 2008; 2010; 2015,https://lgbtqgamearchive.com/2015/12/02/alex-richards-in-fallout-new-vegas,Alex Richards in Fallout: New Vegas,2010s; Characters; Gay; Gay (explicit); Queer Men,character_candidate,yes,already_registered,"Image credit http://vignette2.wikia.nocookie.net/fallout/images/5/56/Alex_Richards.jpg/revision/latest?cb=20101228003724 Alex Richards is a doctor at Camp Forlorn. If a male PC with the Confirmed Bachelor perk comes up to him, he will refer to the PC as “my little buttercup” or say he has a “pretty face.” This video shows Dr. Richards shows these interactions (starting around 10:35). LGBTQ references in this game : Fallout (1997): Sexaulity Fallout 2 (1998): Sexuality Fallout: Brotherhood of Steel (2004): Sexuality Fallout 3 (2008): Sexuality ; Carol and Greta ; Anthony Ling ; Flak and Shrapnel Fallout: New Vegas (2010): Sexuality ; Arcade Gannon ; Christine Royce ; Veronica Santangelo ; Jimmy ; Corporal Betsy ; Sergio ; Major Knight ; Alex Richards ; Confirmed Bachelor and Cherchez La Femme perks ; Mentions of homosexuality Fallout 4 (2015): TBA Citations: Alex Richards. (n.d.). Retriev",,2026-08-22
Anthony “Gay Tony” Prince,Grand Theft Auto; Grand Theft Auto II; Grand Theft Auto III; Grand Theft Auto: Vice City; Grand Theft Auto: San Andreas; Grand Theft Auto: Liberty City Stories; Grand Theft Auto: Vice City Stories; Grand Theft Auto IV; Grand Theft Auto: The Lost and Damned; Grand Theft Auto: The Ballad of Gay Tony; Grand Theft Auto V,1997; 1999; 2001; 2002; 2004; 2005; 2006; 2008; 2009; 2010; 2013,https://lgbtqgamearchive.com/2015/09/14/anthony-gay-tony-prince-in-grand-theft-auto-the-ballad-of-gay-tony,Anthony “Gay Tony” Prince in Grand Theft Auto: The Ballad of Gay Tony,2010s; Gay; Gay (explicit); Queer Men,character_candidate,yes,already_registered,"Tony Image credit http://gta.wikia.com/wiki/Gay_Tony?file=GayTony-TBOGT.jpg “Gay Tony” is a character referred to in Grand Theft Auto IV, but who a primary character in The Ballad of Gay Tony. He is not the player-character, however, that role belongs to Luis Fernando Lopez who works for Tony. As Tony’s nickname suggests he is openly gay, he is also an on-again-off-again drug addict and the owner of several (failing) nightclubs. The main plot of the game focuses on Luis trying to help Tony get out of debt and appease the various parties trying to kill him. A video with all missions in the game is available here and a trailer for the game appears below. LGBTQ references in this game series : Grand Theft Auto (1997): El Burro Grand Theft Auto II (1999): Tetsuo Grand Theft Auto: London 1961 (1999): Pretty Charlie Grand Theft Auto III (2001): Gay Pedestrian ; LGBTQ References Grand Theft Aut",,2026-08-22
Anthony Ling,Fallout; Fallout 2; Fallout: Brotherhood of Steel; Fallout 3; Fallout: New Vegas; Fallout 4,1997; 1998; 2004; 2008; 2010; 2015,https://lgbtqgamearchive.com/2015/11/25/anthony-ling-in-fallout-3,Anthony Ling in Fallout 3,2000s; Characters; Gay; Gay (implicit); Queer Men,character_candidate,yes,already_registered,"Image credit http://fallout.wikia.com/wiki/Anthony_Ling?file=Anthony_Ling.jpg Anthony Ling lives in Tenpenny Tower in Fallout 3. He runs an upscale clothing store called New Urban Apparel. He is lightly coded as a gay male character through his affect ( viewable here , around 1:30). Anthony is also coded with an artificial intelligence package that suggests he flirts with male guards , and an NPC ( Millicent Wellington ) references him flirting with male guards. Moreover, Susan Lancaster claims that he has had an affair with every man in Tenpenny Tower *except* for Anthony Ling (further suggesting he is meant to be read as a homosexual character). LGBTQ references in this game : Fallout (1997): Sexuality Fallout 2 (1998): Sexuality Fallout: Brotherhood of Steel (2004): Sexuality Fallout 3 (2008): Sexuality ; Carol and Greta ; Anthony Ling ; Flak and Shrapnel Fallout: New Vegas (2010): Se",,2026-08-22
Arcade Gannon,Fallout; Fallout 2; Fallout: Brotherhood of Steel; Fallout 3; Fallout: New Vegas; Fallout 4,1997; 1998; 2004; 2008; 2010; 2015,https://lgbtqgamearchive.com/2015/12/01/arcade-gannon-in-fallout-new-vegas,Arcade Gannon in Fallout: New Vegas,2010s; Characters; Gay; Gay (explicit); Queer Men,character_candidate,yes,already_registered,"Image credit http://fallout.wikia.com/wiki/Arcade_Gannon?file=Arcade_Gannon.jpg Arcade Gannon is an NPC in Fallout: New Vegas, who is first found in the Old Mormon Fort in the town of Freeside. He can be recruited to accompany the player-character on their game quests. He is revealed in some game trajectories to be gay. For example, if a male player character with the C onfirmed Bachelor perk tries to recruit him, the PC can flirt with Arcade, to which he will respond: “Overt flirtation will get you everywhere, you know.” You can watch a video of this scene here (starting around 3:50). There are only a few other dialogue lines that suggest his sexuality, though existing information does not make it clear if these are also tethered to a male PC having the confirmed bachelor trait. It is clear, however, that these dialogue lines are only played if specific in-game stats are met or dialogue",,2026-08-22
Asellus,SaGa Frontier,1997,https://lgbtqgamearchive.com/2015/12/12/asellus-in-saga-frontier,Asellus in SaGa Frontier,1990s; Characters; Lesbian; Lesbian (implicit); Playable Character; Queer Women,character_candidate,yes,already_registered,"Gina meeting Asellus for the first time, Image credit: http://lparchive.org/SaGa-Frontier/Update%2028/ Asellus is one of the seven protagonists in SaGa Frontier (she is the one with the green hair in the image above). Many players suggest she is meant to be read as a lesbian character, though some descriptions suggest the attraction others feel for her stems fromLord Orlogue’s mystic blood, which he used to bring her back to life after running over her with a carriage. There are two NPCs in particular with which she is described as having a possibly romantic relationship. One is White Rose, who Lord Orlouge tasks with her care of her (Lord Orlouge plans on one day making Asellus one of his brides). Asellus runs away from the realm with White Rose. According to one source , the explanation of the relationship between Asellus and White Rose was cut from the English translation of the game,",,2026-08-22
Bernie Crane/Florian Cravic,Grand Theft Auto; Grand Theft Auto II; Grand Theft Auto III; Grand Theft Auto: Vice City; Grand Theft Auto: San Andreas; Grand Theft Auto: Liberty City Stories; Grand Theft Auto: Vice City Stories; Grand Theft Auto IV; Grand Theft Auto: The Lost and Damned; Grand Theft Auto: The Ballad of Gay Tony; Grand Theft Auto V,1997; 1999; 2001; 2002; 2004; 2005; 2006; 2008; 2009; 2010; 2013,https://lgbtqgamearchive.com/2015/09/11/bernie-crane-florian-cravic-in-grand-theft-auto-iv,Bernie Crane (Florian Cravic) in Grand Theft Auto IV,2000s; Gay; Gay (explicit); Queer Men,character_candidate,yes,already_registered,"Bernie (aka Florian) Image credit http://gta.wikia.com/wiki/Bernie_Crane?file=Florian_GTAIV.jpg Florian Cravic, a main character in Grand Theft Auto IV, changed his name to Bernie Crane when he moved to the US from Eastern Europe. Bernie was apparently deeply closeted before he moved to the US, where he came out as more openly gay. His police record indicates he has been arrested for being a sex worker. The player-character Niko must protect Bernie from the gay bashing Hater in the mission “Hating the Haters.” Bernie is dating Deputy Mayor Bryce Dawkins , who is closeted and married to a woman. In the game, Bernie asks Niko to help stop the blackmailers who are trying to out Dawkins. The video where Niko first meets Bernie (Niko came to the US to track down Florian/Bernie) is below. A video of all of the cut scenes involving this character is available here . In the game GTA: Lost and Da",,2026-08-22
Binbou-gami,Shin Megami Tensei: Devil Summoner: Soul Hackers; Shin Megami Tensei: Devil Summoner 2,1997; 2008,https://lgbtqgamearchive.com/2015/12/10/binbou-gami-in-devil-summoner-2,Binbou-gami in Devil Summoner 2,2000s; Characters; Gay; Gay (implicit); Queer Men,character_candidate,yes,already_registered,"Image credit: http://megamitensei.wikia.com/wiki/Binbou-gami?file=Up014-0032.jpg Binbou-gami is a boss demon in Devil Summoner 2. He is the god of poverty and the first Fiend in the game. The player fights him in Mannen-Cho, right before the final confrontation with Tatsumi . His dialogue when he first appears and his dialogue during his fight with Raidou have been read as evidence that he is an implicitly gay and masochistic character. The specific lines can be seen in this video , or the images below. Binbou-gami asking to be warmed up by Tatsumi. Image credit http://lparchive.org/Shin-Megami-Tensei-Devil-Summoner-2/Update%2024/ Binbou-gami during fight with Raidou At the end of the fight with Raidou, the demon says (according to this walkthrough ): “A day… To remember! It was delightful being punished… Wiith your love. Hohohohohohohoh. I shall never forget the delicate taste of your l",,2026-08-22
Brucie Kibbutz,Grand Theft Auto; Grand Theft Auto II; Grand Theft Auto III; Grand Theft Auto: Vice City; Grand Theft Auto: San Andreas; Grand Theft Auto: Liberty City Stories; Grand Theft Auto: Vice City Stories; Grand Theft Auto IV; Grand Theft Auto: The Lost and Damned; Grand Theft Auto: The Ballad of Gay Tony; Grand Theft Auto V,1997; 1999; 2001; 2002; 2004; 2005; 2006; 2008; 2009; 2010; 2013,https://lgbtqgamearchive.com/2015/09/10/brucie-kibbutz-in-grand-theft-auto-iv,Brucie Kibbutz in Grand Theft Auto IV,2000s; Bisexual; Bisexual (implicit); Queer Men,character_candidate,yes,already_registered,"Brucie Image credit http://gta.wikia.com/wiki/Brucie_Kibbutz?file=BrucieKibbutz-GTAIV.jpg Brucie is first introduced in Grand Theft Auto IV, and appears in later games as well. His sexuality is a bit of an open question in the game. He indicates having an attraction to men several times, but then asserts he is only joking. In GTA: Ballad of Gay Tony, he attempts to kiss one male character, but then says it was just a test (the scene can be viewed here ). Moreover, the character has a tattoo of a Chinese character for rényāo , which is a derogatory term for transgender women. A video of all of the cut scenes with Brucie in GTA: IV is available here . LGBTQ references in this game series : Grand Theft Auto (1997): El Burro Grand Theft Auto II (1999): Tetsuo Grand Theft Auto: London 1961 (1999): Pretty Charlie Grand Theft Auto III (2001): Gay Pedestrian ; LGBTQ References Grand Theft Auto: ",,2026-08-22
Bryce Dawkins,Grand Theft Auto; Grand Theft Auto II; Grand Theft Auto III; Grand Theft Auto: Vice City; Grand Theft Auto: San Andreas; Grand Theft Auto: Liberty City Stories; Grand Theft Auto: Vice City Stories; Grand Theft Auto IV; Grand Theft Auto: The Lost and Damned; Grand Theft Auto: The Ballad of Gay Tony; Grand Theft Auto V,1997; 1999; 2001; 2002; 2004; 2005; 2006; 2008; 2009; 2010; 2013,https://lgbtqgamearchive.com/2015/09/11/bryce-dawkins-in-grand-theft-auto-iv,Bryce Dawkins in Grand Theft Auto IV,2000s; Gay; Gay (explicit); Queer Men,character_candidate,yes,already_registered,"Bryce Dawkins Image credit http://gta.wikia.com/wiki/Bryce_Dawkins?file=BryceDawkinsIV.png Bryce Dawkins does not actually appear in Grand Theft Auto IV (aside from a few election billboards), but is mentioned throughout the game. He is the closeted boyfriend of Bernie Crane , Deputy Mayor of Liberty City, and a right-wing politician who is particularly known for promoting anti-gay legislation. In the game he is blackmailed by multiple parties who plan to reveal his relationship with Bernie. In the game GTA: Lost and Damned, the player-character Johnny bugs Bryce’s car, but the only one heard speaking is Bernie (video here ). When Dawkins’ affair is finally made public, he denies that he is homosexual but enters a rehab clinic that is rumored to specialize in treating sex additions. He is married to a woman, though it is suggested in the game that he has had many boyfriends. On various w",,2026-08-22
Carol and Greta,Fallout; Fallout 2; Fallout: Brotherhood of Steel; Fallout 3; Fallout: New Vegas; Fallout 4,1997; 1998; 2004; 2008; 2010; 2015,https://lgbtqgamearchive.com/2015/11/25/carol-and-greta-in-fallout-3,Carol and Greta in Fallout 3,2000s; Characters; Lesbian; Lesbian (explicit); Queer Women,character_candidate,yes,already_registered,"Carol Image credit http://fallout.wikia.com/wiki/Carol?file=Carol.jpg Greta Image credit http://fallout.wikia.com/wiki/Greta?file=Greta.jpg Carol and Greta are two ghouls who run a hotel called Carol’s Place in the Underworld. Carol rents out the rooms and Greta serves the food. They’ve run this hotel together for over 60 years and are heavily implied to be a couple. Carol adopted another ghoul named Gob , whom the player meets very early on in the game. Greta is apparently jealous of Gob and also warns female player-character to “stay away from Carol.” Through various game paths, the player might kill both Gob and Greta, which will leave Carol despondent. Carol’s backstory is available in this video , and a video of her discussing her relationship to Gob and Greta is available here . LGBTQ references in this game : Fallout (1997): Sexaulity Fallout 2 (1998): Sexuality Fallout: Brotherho",,2026-08-22
Christine Royce,Fallout; Fallout 2; Fallout: Brotherhood of Steel; Fallout 3; Fallout: New Vegas; Fallout 4,1997; 1998; 2004; 2008; 2010; 2015,https://lgbtqgamearchive.com/2015/12/02/christine-royce-in-fallout-new-vegas,Christine Royce in Fallout: New Vegas,2010s; Characters; Lesbian; Lesbian (explicit); Queer Women,character_candidate,yes,already_registered,"Image credit http://fallout.wikia.com/wiki/Christine_Royce?file=Christine_DM.jpg Christine Royce is an NPC in the Dead Money DLC for Fallout: New Vegas, though she is mentioned or has audio lines in other DLCs/games. She is tasked with tracking down Elijah, from the Brotherhood of Steel, for his crimes but also because he separated her from her lover. Christine is mute, due to injuries she has suffered, so the player must have high perception, intelligence, and pass other stat checks to communicate with her properly. One combo of PC stats allows the player to ask if the person Elijah separated Christine from was her girlfriend and lover (as opposed to husband, boyfriend, wife, or platonic girlfriend). This discussion can be seen in this video (around 7:00). If the player has the Cherchez La Femme or Confirmed Bachelor perks, there is another point in the game in which Christine will hold",,2026-08-22
Clay “Pain Giver” Jackson,Grand Theft Auto; Grand Theft Auto II; Grand Theft Auto III; Grand Theft Auto: Vice City; Grand Theft Auto: San Andreas; Grand Theft Auto: Liberty City Stories; Grand Theft Auto: Vice City Stories; Grand Theft Auto IV; Grand Theft Auto: The Lost and Damned; Grand Theft Auto: The Ballad of Gay Tony; Grand Theft Auto V,1997; 1999; 2001; 2002; 2004; 2005; 2006; 2008; 2009; 2010; 2013,https://lgbtqgamearchive.com/2015/09/14/clay-pain-giver-jackson-in-grand-theft-auto-the-ballad-of-gay-tony,Clay “Pain Giver” Jackson in Grand Theft Auto: The Ballad of Gay Tony,2010s; Gay; Gay (explicit); Queer Men,character_candidate,yes,already_registered,"Poster for Clay Jackson’s album Image credit http://gta.wikia.com/wiki/Clay_Jackson?file=ClayJackson-GTAIV.jpg Clay “The Pain Giver” Jackson is a minor character in Grand Theft Auto : The Ballad of Gay Tony. He is rumored to be gay (according to “ The Celebinator’s ” Blog), and the game clearly suggests his is in the closet. His only actual appearance in the game is in the mission “Club Management,” when the player-character Luis must help him and his supposed boyfriend Jacob avoid the paparazzi (video here , first 4 minutes). LGBTQ references in this game series : Grand Theft Auto (1997): El Burro Grand Theft Auto II (1999): Tetsuo Grand Theft Auto: London 1961 (1999): Pretty Charlie Grand Theft Auto III (2001): Gay Pedestrian ; LGBTQ References Grand Theft Auto: Vice City (2002): The Psycho ; LGBTQ References Grand Theft Auto: San Andreas (2004): LGBTQ References ; LGB Characters ; Que",,2026-08-22
Confirmed Bachelor and Cherchez La Femme perks,Fallout; Fallout 2; Fallout: Brotherhood of Steel; Fallout 3; Fallout: New Vegas; Fallout 4,1997; 1998; 2004; 2008; 2010; 2015,https://lgbtqgamearchive.com/2015/12/02/confirmed-bachelor-and-cherchez-la-femme-in-fallout-new-vegas,Confirmed Bachelor and Cherchez la Femme in Fallout: New Vegas,2010s; Traits,needs_unit_review,no,needs_unit_review,"In Fallout: New Vegas, as players level up their player characters they can select from various perks which will improve their PC’s performance or allow of unique gameplay experiences. Four of these perks are gender specific: female PCs can use the Black Widow and Cherchez La Femme perks, while male PCs can use the Lady Killer and Confirmed Bachelor Traits. Black Widow and Lady Killer were also in Fallout 3 and allow PCs to perform more damage on and have unique dialogue options with certain gender NPCs. In turn, Cherchez La Femme and Confirmed Bachelor were added in Fallout: New Vegas and give PCs the ability to perform more damage on and have unique dialogue options with same gender NPCs. Many of these “unique” interactions involve being able to flirt with NPCs, which is why some players have asserted that Confirmed Bachelor and Cherchez La Femme are “gay perks” ( here , here , here , ",,2026-08-22
Corporal Betsy,Fallout; Fallout 2; Fallout: Brotherhood of Steel; Fallout 3; Fallout: New Vegas; Fallout 4,1997; 1998; 2004; 2008; 2010; 2015,https://lgbtqgamearchive.com/2015/12/02/6758,Corporal Betsy in Fallout: New Vegas,2010s; Characters; Lesbian; Lesbian (explicit); Queer Women,character_candidate,yes,already_registered,"*Content Warning*: mention of rape Image credit http://fallout.wikia.com/wiki/Betsy?file=Corporal_Betsy.jpg Corporal Betsy is an NPC in Fallout: New Vegas, who can be found at Camp McCarran or Camp Forlorn Hope. According to Lt. Gorobets (Betsy’s commanding officer), ever since Betsy was raped by a nearby fiend leader (Cook-Cook): “ Betsy’s shrugged it off like it was nothing, but her behavior keeps getting worse – always making passes at every woman who wanders by. It’s inappropriate for anyone in First Recon to behave that way. I could discipline her, but I’d rather she get medical help .” As a side quest the player is tasked with convincing Betsy to get medical care. Betsy will also pay the player character for killing Cook-Cook as part of another quest. The player can also recruit her as a companion character. She will flirt with female PCs with a high charisma stat (which is interes",,2026-08-22
Crossdressers,Shin Megami Tensei: Devil Summoner: Soul Hackers; Shin Megami Tensei: Devil Summoner 2,1997; 2008,https://lgbtqgamearchive.com/2015/12/10/crossdressers-in-devil-summoner-2-raidou-vs-king-abaddon,,,unavailable,no,unavailable,,HTTP 404,2026-08-22
Drag Queen Demon,Shin Megami Tensei: Devil Summoner: Soul Hackers; Shin Megami Tensei: Devil Summoner 2,1997; 2008,https://lgbtqgamearchive.com/2015/12/10/drag-queen-demon-in-devil-summoner-soul-hackers,Drag Queen Demon in Devil Summoner: Soul Hackers,1990s; Characters; Gender non-conforming,character_candidate,yes,already_registered,"Image credit https://en.wikipedia.org/wiki/LGBT_characters_in_video_games One type of the undead , or corpse demons, found in the game Devil Summoner: Soul Hackers, is a Drag Queen . According to this site , they are described in the Soul Hackers Compendium as follows: “ Cross-dressing men who died while wearing their preferred outfits and became zombies. It is possible that these in particular, and not all transvestites, have such an overwhelming devotion to their hobby that it ended up zombifying them in the afterlife. “ LGBTQ references in this game series : Devil Summoner: Soul Hackers: Drag Queen Demon Devil Summoner 2: Raidou Kuznoha vs. King Adaddon: Goro Tatsumi ; Crossdressers ; Binbou-gami Citations: Devil Summoner: Soul Hackers. (n.d.). Retrieved from http://www.giantbomb.com/devil-summoner-soul-hackers/3030-9853/ Drag Queen. (n.d.). Retrieved from http://megamitensei.wikia.co",,2026-08-22
Eddie Low,Grand Theft Auto; Grand Theft Auto II; Grand Theft Auto III; Grand Theft Auto: Vice City; Grand Theft Auto: San Andreas; Grand Theft Auto: Liberty City Stories; Grand Theft Auto: Vice City Stories; Grand Theft Auto IV; Grand Theft Auto: The Lost and Damned; Grand Theft Auto: The Ballad of Gay Tony; Grand Theft Auto V,1997; 1999; 2001; 2002; 2004; 2005; 2006; 2008; 2009; 2010; 2013,https://lgbtqgamearchive.com/2015/09/12/eddie-low-in-grand-theft-auto-iv,Eddie Low in Grand Theft Auto IV,2000s; Bisexual; Bisexual (explicit); Cross-dressing; Queer Men,character_candidate,yes,already_registered,"(Content warning: discussion of sexual assault and child abuse) Eddie’s mugshot Image credit http://www.grandtheftwiki.com/Eddie_Low#/media/File:EddieLow-GTAIV-mugshot.png Eddie Low is a “random character” that players can encounter in Grand Theft Auto IV. He is a serial killer and rapist (referred to in news stories throughout the game as “Head Hunter”). Wiki authors alternatively refer to him as bisexual and homosexual , though his dialogue suggests he is bisexual and in the game he is represented as sexually assaulting and killing people regardless of gender. He also cross-dresses and was sexual abused as a child. A video of Niko’s interactions with Eddie are available in this video . LGBTQ references in this game series : Grand Theft Auto (1997): El Burro Grand Theft Auto II (1999): Tetsuo Grand Theft Auto: London 1961 (1999): Pretty Charlie Grand Theft Auto III (2001): Gay Pedestria",,2026-08-22
El Burro,Grand Theft Auto; Grand Theft Auto II; Grand Theft Auto III; Grand Theft Auto: Vice City; Grand Theft Auto: San Andreas; Grand Theft Auto: Liberty City Stories; Grand Theft Auto: Vice City Stories; Grand Theft Auto IV; Grand Theft Auto: The Lost and Damned; Grand Theft Auto: The Ballad of Gay Tony; Grand Theft Auto V,1997; 1999; 2001; 2002; 2004; 2005; 2006; 2008; 2009; 2010; 2013,https://lgbtqgamearchive.com/2015/09/06/el-burro-in-grand-theft-auto,El Burro in Grand Theft Auto,1990s; Gay; Gay (explicit); Queer Men,character_candidate,yes,already_registered,"El Burro Image credit: http://gta.wikia.com/wiki/El_Burro_(GTA_1) ?file=ElBurro-GTA1.jpg El Burro appears in the original Grant Theft Auto (GTA I) game. He is one of the characters who gives missions to the protagonist. He is explicitly gay, and Mexican. A character with the same name and features appears in Grand Theft Auto III , but it is unclear if they are meant to be the same character (or if both are homosexual). A younger, thinner character named El Burro also appears in Grand Theft Auto: Chinatown Wars. The video below shows this character in GTA I, and the voice is quite different from the (unseen) El Burro in GTA III heard here . LGBTQ references in this game series : Grand Theft Auto (1997): El Burro Grand Theft Auto II (1999): Tetsuo Grand Theft Auto: London 1961 (1999): Pretty Charlie Grand Theft Auto III (2001): Gay Pedestrian ; LGBTQ References Grand Theft Auto: Vice City ",,2026-08-22
Elizabeta Torres,Grand Theft Auto; Grand Theft Auto II; Grand Theft Auto III; Grand Theft Auto: Vice City; Grand Theft Auto: San Andreas; Grand Theft Auto: Liberty City Stories; Grand Theft Auto: Vice City Stories; Grand Theft Auto IV; Grand Theft Auto: The Lost and Damned; Grand Theft Auto: The Ballad of Gay Tony; Grand Theft Auto V,1997; 1999; 2001; 2002; 2004; 2005; 2006; 2008; 2009; 2010; 2013,https://lgbtqgamearchive.com/2015/09/11/elizabeta-torres-in-grand-theft-auto-iv,Elizabeta Torres in Grand Theft Auto IV,2000s; Bisexual; Bisexual (implicit); Lesbian; Lesbian (implicit); Queer Women,character_candidate,yes,already_registered,"Elizabeta Torres Image credit http://gta.wikia.com/wiki/Elizabeta_Torres?file=LizTorresIV.png Elizabeta “Liz” Torres first appears in Grand Theft Auto IV. Some authors (see here , here , and here ) have indicated she is implicitly coded as lesbian or bisexual. In one scene, she suggestively dances with Carmen Ortiz (seen in this video at about 3:50). In GTA: The Lost and Damned, during the mission “ Shifting Weight ,” the player-character Johnny and Malc briefly discuss the possibility that she is having a relationship with a woman named Marta (seen in this video at about 1:20). Screenshot from https://www.youtube.com/watch?v=61nvAl1RuyY Elsewhere in the game, in an alternate dialog option, Marta mentions having a sexual relationship with Liz. The script for that mission in the game is available here . This video shows all of Liz Torres’s appearances in GTA IV and Lost and Damned. LGBTQ ",,2026-08-22
Evan Moss,Grand Theft Auto; Grand Theft Auto II; Grand Theft Auto III; Grand Theft Auto: Vice City; Grand Theft Auto: San Andreas; Grand Theft Auto: Liberty City Stories; Grand Theft Auto: Vice City Stories; Grand Theft Auto IV; Grand Theft Auto: The Lost and Damned; Grand Theft Auto: The Ballad of Gay Tony; Grand Theft Auto V,1997; 1999; 2001; 2002; 2004; 2005; 2006; 2008; 2009; 2010; 2013,https://lgbtqgamearchive.com/2015/09/14/evan-moss-in-grand-theft-auto-the-ballad-of-gay-tony,Evan Moss in Grand Theft Auto: The Ballad of Gay Tony,2010s; Gay; Gay (explicit); Queer Men,character_candidate,yes,already_registered,"Evan Moss Image credit http://gta.wikia.com/wiki/Evan_Moss?file=EvanMoss-TBOGT.png Evan is Tony’s boyfriend in Grand Theft Auto : The Ballad of Gay Tony. He is a former bodybuilder and responsible for getting Tony addicted to drugs again. He ends up dying at the end of the game during the mission “ Frosting on the Cake .” In GTA: The Lost and Damned the player experiences this from the point of view of Johnny Klebitz in the mission “ Diamonds in the Rough ,” who kills Evan. A video of all of his appearances or times he is mentioned in the game is available here . LGBTQ references in this game series : Grand Theft Auto (1997): El Burro Grand Theft Auto II (1999): Tetsuo Grand Theft Auto: London 1961 (1999): Pretty Charlie Grand Theft Auto III (2001): Gay Pedestrian ; LGBTQ References Grand Theft Auto: Vice City (2002): The Psycho ; LGBTQ References Grand Theft Auto: San Andreas (2004): LG",,2026-08-22
Flak and Shrapnel,Fallout; Fallout 2; Fallout: Brotherhood of Steel; Fallout 3; Fallout: New Vegas; Fallout 4,1997; 1998; 2004; 2008; 2010; 2015,https://lgbtqgamearchive.com/2015/11/25/flak-and-shrapnel-in-fallout-3,Flak and Shrapnel in Fallout 3,2000s; Characters; Gay; Gay (implicit); Queer Men,character_candidate,yes,already_registered,"Flak Image credit http://fallout.wikia.com/wiki/Flak?file=Flak.jpg Shrapnel Image credit http://fallout.wikia.com/wiki/Shrapnel?file=Shrapnel.jpg Flak and Shrapnel run a weapons and ammunitions store called Flak ‘N Shrapnel’s in Rivet City. It is implied they are a couple because their cabin only has one bed (see here , here , and here ). LGBTQ references in this game : Fallout (1997): Sexaulity Fallout 2 (1998): Sexuality Fallout: Brotherhood of Steel (2004): Sexuality Fallout 3 (2008): Sexuality ; Carol and Greta ; Anthony Ling ; Flak and Shrapnel Fallout: New Vegas (2010): Sexuality ; Arcade Gannon ; Christine Royce ; Veronica Santangelo ; Jimmy ; Corporal Betsy ; Sergio ; Major Knight ; Alex Richards ; Confirmed Bachelor and Cherchez La Femme perks ; Mentions of homosexuality Fallout 4 (2015): TBA Citations: Fallout 3 is Anti-Gay. (n.d.). Retrieved from http://www.ign.com/boards/thre",,2026-08-22
Fox,Bloody Roar,1997,https://lgbtqgamearchive.com/2015/09/01/fox-in-bloody-roar,Fox in Bloody Roar,1990s; Playable Character; Transgender; Transgender (implicit),character_candidate,yes,already_registered,"Human form Image credit http://bloodyroar.wikia.com/wiki/Hans_the_Fox?file=FoxHumanBR.jpg Fox, aka Hans Taubemann, is a playable character in the first Bloody Roar . In “Beast” mode, Fox can turn into a half-human, half-fox creature. At the end of the first game , Fox kills a person who turns out to be their own mother, and it is implied in later games that this leads to Fox’s suicide. Animal form Image credit http://bloodyroar.wikia.com/wiki/Hans_the_Fox?file=FoxAnimalBR.jpg Although Fox’s gender and sexuality are never directly discussed in the game, the character is represented as effeminate and vain, and hates all ugly things. Some reviews suggest Fox is either transgender or a crossdresser . The voice actor for Fox in the English release of the game is a woman ( Samantha Vega ). The original manual for the North American release indicates Fox is male, but in the European release Fox",,2026-08-22
game series,Grand Theft Auto; Grand Theft Auto II; Grand Theft Auto III; Grand Theft Auto: Vice City; Grand Theft Auto: San Andreas; Grand Theft Auto: Liberty City Stories; Grand Theft Auto: Vice City Stories; Grand Theft Auto IV; Grand Theft Auto: The Lost and Damned; Grand Theft Auto: The Ballad of Gay Tony; Grand Theft Auto V,1997; 1999; 2001; 2002; 2004; 2005; 2006; 2008; 2009; 2010; 2013,https://lgbtqgamearchive.com/game-series/grand-theft-auto-series,Grand Theft Auto series,,non_character_reference,no,non_character_reference,"Year: 1997 Publisher: Rockstar Games Developer: DMA Designs Limited/Rockstar Games Creators: David Jones and Mike Daily Country: UK Genres: Action-adventure, racing, third-person shooter Platform: Various “GTA – Box Front”. Licensed under Fair use via Wikipedia – https://en.wikipedia.org/wiki/File:GTA_-_Box_Front.jpg#/media/File:GTA_-_Box_Front.jpg The controversial Grand Theft Auto series games are set in fictional cities modeled on major US cities. In the games, the player completes missions for various crime syndicates but they may also complete various side missions or activities. In the original game ‘s PC version, players can choose one of eight player-characters (four male, four female), though the PlayStation version only includes the four male characters. Most other games in the series focus on a single (always male) protagonist, and have more detailed narratives (a list and des",,2026-08-22
Gay Pedestrian,Grand Theft Auto; Grand Theft Auto II; Grand Theft Auto III; Grand Theft Auto: Vice City; Grand Theft Auto: San Andreas; Grand Theft Auto: Liberty City Stories; Grand Theft Auto: Vice City Stories; Grand Theft Auto IV; Grand Theft Auto: The Lost and Damned; Grand Theft Auto: The Ballad of Gay Tony; Grand Theft Auto V,1997; 1999; 2001; 2002; 2004; 2005; 2006; 2008; 2009; 2010; 2013,https://lgbtqgamearchive.com/2015/09/05/gay-pedestrian-in-grand-theft-auto-iii,Gay Pedestrian in Grand Theft Auto III,2000s; Gay; Gay (explicit); Homophobia; Homophobia/Transphobia; Mentions (explicit); Queer Men,character_candidate,yes,already_registered,"One of the pedestrians in Grand Theft Auto III has dialog that indicates the character is meant to be read as gay (including numerous Village People references). Websites refer to this character as either a construction worker or sailor (if you know which is correct, please get in touch ). The video below plays all the dialog for this character (content warning: abelism, homophobia, strong language, misogyny). LGBTQ references in this game series : Grand Theft Auto (1997): El Burro Grand Theft Auto II (1999): Tetsuo Grand Theft Auto: London 1961 (1999): Pretty Charlie Grand Theft Auto III (2001): Gay Pedestrian ; LGBTQ References Grand Theft Auto: Vice City (2002): The Psycho ; LGBTQ References Grand Theft Auto: San Andreas (2004): LGBTQ References ; LGB Characters ; Queens ; OG Loc Mission Grand Theft Auto: Liberty City Stories (2005): Kazuki Kasen ; LGBTQ References Grand Theft Auto: V",,2026-08-22
Goro Tatsumi,Shin Megami Tensei: Devil Summoner: Soul Hackers; Shin Megami Tensei: Devil Summoner 2,1997; 2008,https://lgbtqgamearchive.com/2015/12/10/goro-tatsumi-in-devil-summoner-2,Goro Tatsumi in Devil Summoner 2,2000s; Characters; Gay; Gay (explicit); Queer Men,character_candidate,yes,already_registered,"When first meeting Goro Tatsumi in a gambling parlor, the player-character Raidou can read his thoughts (the end result of which is Tatsumi running away). Raidou can read the minds of the other people in the gambling parlor as well, including a “cold-eye gambler” who thinks to himself: “I think that Tatsumi fellow’s goin’ out with the dealer… That’s the only explanation. Then again, I thought that Tatsumi was the type that didn’t like women…” (according to this walkthrough ). Later in the game, Tatsumi very subtly flirts with Raidou (image below). These have been read as signs that he is meant to be read as a gay character by some players (see here and here ). Image credit http://lparchive.org/Shin-Megami-Tensei-Devil-Summoner-2/Update%2011/ These videos show the main interactions with Tatsumi (though not the above line): video 1 and video 2 . LGBTQ references in this game series : Devil",,2026-08-22
Jacob,Grand Theft Auto; Grand Theft Auto II; Grand Theft Auto III; Grand Theft Auto: Vice City; Grand Theft Auto: San Andreas; Grand Theft Auto: Liberty City Stories; Grand Theft Auto: Vice City Stories; Grand Theft Auto IV; Grand Theft Auto: The Lost and Damned; Grand Theft Auto: The Ballad of Gay Tony; Grand Theft Auto V,1997; 1999; 2001; 2002; 2004; 2005; 2006; 2008; 2009; 2010; 2013,https://lgbtqgamearchive.com/2015/09/14/jacob-in-grand-theft-auto-the-ballad-of-gay-tony,Jacob in Grand Theft Auto: The Ballad of Gay Tony,2010s; Gay; Gay (explicit); Queer Men,character_candidate,yes,already_registered,"Jacob Image credit http://gta.wikia.com/wiki/Jacob?file=ClayJackson-TBOGT.png Jacob is the supposed boyfriend of rapper Clay Jackson in Grand Theft Auto : The Ballad of Gay Tony, though the one time his name is mentioned Clay refers to him as a “business partner.” Rumors of their relationship appear on “ The Celebinator’s ” blog. He is seen in the mission “Club Management,” when the player-character Luis must help him and Clay avoid the paparazzi (video here , first 4 minutes). LGBTQ references in this game series : Grand Theft Auto (1997): El Burro Grand Theft Auto II (1999): Tetsuo Grand Theft Auto: London 1961 (1999): Pretty Charlie Grand Theft Auto III (2001): Gay Pedestrian ; LGBTQ References Grand Theft Auto: Vice City (2002): The Psycho ; LGBTQ References Grand Theft Auto: San Andreas (2004): LGBTQ References ; LGB Characters ; Queens ; OG Loc Mission Grand Theft Auto: Liberty Cit",,2026-08-22
Jimmy,Fallout; Fallout 2; Fallout: Brotherhood of Steel; Fallout 3; Fallout: New Vegas; Fallout 4,1997; 1998; 2004; 2008; 2010; 2015,https://lgbtqgamearchive.com/2015/12/02/jimmy-in-fallout-new-vegas,Jimmy in Fallout: New Vegas,2010s; Characters; Gay; Gay (explicit); Queer Men,character_candidate,yes,already_registered,"Image credit http://vignette1.wikia.nocookie.net/fallout/images/4/4b/Jimmy.jpg/revision/latest?cb=20110116151638 Jimmy is a sex worker in Fallout: New Vegas, who is only available for hire by other male characters. If a female PC tries to hire him he says: “Sorry, ma’am, but ain’t enough caps in all of New Vegas to make me do that. Nuh-uh.” PCs who hire him, or either of t he other two sex workers (both women) at Casa Madrid, will complete the unmarked quest “ A Bit of Slap and Tickle .” PCs with the Confirmed Bachelor perk can hire him for a reduced rate (which can be seen in this video , around 6:30) Jimmy will reportedly only reveal his past to female PCs. According to him : “What Marco said is true. The Legion attacked my village when I was 16. My parents were killed as examples. The rest of us, chained and dragged to some kind of camp. A Centurion there chose me as his tent servant.",,2026-08-22
Kazuki Kasen,Grand Theft Auto; Grand Theft Auto II; Grand Theft Auto III; Grand Theft Auto: Vice City; Grand Theft Auto: San Andreas; Grand Theft Auto: Liberty City Stories; Grand Theft Auto: Vice City Stories; Grand Theft Auto IV; Grand Theft Auto: The Lost and Damned; Grand Theft Auto: The Ballad of Gay Tony; Grand Theft Auto V,1997; 1999; 2001; 2002; 2004; 2005; 2006; 2008; 2009; 2010; 2013,https://lgbtqgamearchive.com/2015/09/06/kazuki-kasen-in-grand-theft-auto-liberty-city-stories,Kazuki Kasen in Grand Theft Auto: Liberty City Stories,2000s; Gay; Gay (implicit); Queer Men,character_candidate,yes,already_registered,"Kazuki Kasen Image credit http://gta.wikia.com/wiki/Kazuki_Kasen?file=KazukiKasen-GTALCS.jpg Kazuki Kasen is a character in Grand Theft Auto : Liberty City Stories. It is implied in the game that he is a closeted gay or bisexual man (see here and here ). LGBTQ references in this game series : Grand Theft Auto (1997): El Burro Grand Theft Auto II (1999): Tetsuo Grand Theft Auto: London 1961 (1999): Pretty Charlie Grand Theft Auto III (2001): Gay Pedestrian ; LGBTQ References Grand Theft Auto: Vice City (2002): The Psycho ; LGBTQ References Grand Theft Auto: San Andreas (2004): LGBTQ References ; LGB Characters ; Queens ; OG Loc Mission Grand Theft Auto: Liberty City Stories (2005): Kazuki Kasen ; LGBTQ References Grand Theft Auto: Vice City Stories (2006): Reni Wassulmaier ; LGBTQ References Grand Theft Auto IV (2008): Brucie Kibbutz ; Tom “French Tom” Rivas ; Bernie Crane/Florian Cravic ",,2026-08-22
LGB Characters,Grand Theft Auto; Grand Theft Auto II; Grand Theft Auto III; Grand Theft Auto: Vice City; Grand Theft Auto: San Andreas; Grand Theft Auto: Liberty City Stories; Grand Theft Auto: Vice City Stories; Grand Theft Auto IV; Grand Theft Auto: The Lost and Damned; Grand Theft Auto: The Ballad of Gay Tony; Grand Theft Auto V,1997; 1999; 2001; 2002; 2004; 2005; 2006; 2008; 2009; 2010; 2013,https://lgbtqgamearchive.com/2015/09/08/lgb-characters-in-grand-theft-auto-san-andreas,LGB Characters in Grand Theft Auto: San Andreas,2000s; Gay; Gay (explicit); Gay (implicit); Homophobia; Lesbian; Lesbian (explicit); Queer Men; Queer Women,character_candidate,no,needs_character_review,"There are several minor gay or implicitly gay characters in Grand Theft Auto : San Andreas. First, are police officers in San Fierro (the game’s version of San Francisco) whose dialog implies they are gay. This can be heard in the video below (content warning: violence and threats of sexual assault). Their dialog is also listed here . In San Fierro, reportedly (see here ), players can see gay and lesbian couples walking together on the streets. All the images and videos we have found are of men walking together holding hands, however. We don’t link them here, because the ones we have found are of players shooting these couples. The owner of the ProLaps sporting goods store in the game is reportedly coded as gay (see here , here , and here ). He can be heard speaking to the player in the video clip below. Bobby is a character who does not appear in the game but, according to two members o",,2026-08-22
LGB Love-meet.net users,Grand Theft Auto; Grand Theft Auto II; Grand Theft Auto III; Grand Theft Auto: Vice City; Grand Theft Auto: San Andreas; Grand Theft Auto: Liberty City Stories; Grand Theft Auto: Vice City Stories; Grand Theft Auto IV; Grand Theft Auto: The Lost and Damned; Grand Theft Auto: The Ballad of Gay Tony; Grand Theft Auto V,1997; 1999; 2001; 2002; 2004; 2005; 2006; 2008; 2009; 2010; 2013,https://lgbtqgamearchive.com/2015/09/11/lgb-love-meet-net-users-in-grand-theft-auto-iv,LGB Love-meet.net Users in Grand Theft Auto IV,2000s; Asexual; Asexual (explicit); Asexual (Implicit); Bisexual; Bisexual (implicit); Gay; Gay (explicit); Queer Men; Queer Women,character_candidate,no,needs_character_review,"In Grand Theft Auto IV, during the “Out of the Closet” mission, Niko is forced to create a dating profile on love-meet.net. He uses this profile to trick Tom Rivas into meeting him so he can kill him. After that mission, Niko can contact other users on the site, though none of the male users will actually date him and only two female users will (full list of users available here ). Below are the characters whose profiles indicate they are homosexual or bisexual (excluding Tom Rivas and Bryce Dawkins , who is possibly behind the username Troy Harder), as well as characters whose profiles players read as indicating they are homosexual or bisexual. Oscar Wild indicates he is straight and looking for a female companion, but his description of his ideal woman is one “who isn’t too girly.” He also wants a woman with a brother he can go fishing with and enjoys being in clubs with large numbers ",,2026-08-22
LGBT Media Personalities,Grand Theft Auto; Grand Theft Auto II; Grand Theft Auto III; Grand Theft Auto: Vice City; Grand Theft Auto: San Andreas; Grand Theft Auto: Liberty City Stories; Grand Theft Auto: Vice City Stories; Grand Theft Auto IV; Grand Theft Auto: The Lost and Damned; Grand Theft Auto: The Ballad of Gay Tony; Grand Theft Auto V,1997; 1999; 2001; 2002; 2004; 2005; 2006; 2008; 2009; 2010; 2013,https://lgbtqgamearchive.com/2015/09/12/lgbt-media-personalities-in-grand-theft-auto-iv,LGBT Media Personalities in Grand Theft Auto IV,2000s; Gay; Gay (implicit); Homophobia; Homophobia/Transphobia; Queer Men; Transgender; Transgender (explicit); Transphobia,character_candidate,no,needs_character_review,"There are several media personalities in Grand Theft Auto IV who are implicitly represented as LGBT characters. Marcel LeMuir is a co-host of the in-game radio show Fizz! and is noted for being “fat, gay, and bitchy!” He is voiced by former radio personality Fez Whatley, who publicly announced that he is gay in 2012 following years of playing what he felt were overly flamboyant character on radio shows. A video with this show is available here (video description includes a link to the correct time stamp). Jeremy St. Ives appears on the television show The Men’s Room. His LCPD database record indicates he was arrested playing a naked game of Ultimate Disk with 11 other men (it also indicates he has been arrested for hiring sex workers, but the sex workers’ genders are not mentioned). Wiki authors describe him as passive and effeminate, and he makes several references implying he is homose",,2026-08-22
LGBT NPCs in LCPD Database,Grand Theft Auto; Grand Theft Auto II; Grand Theft Auto III; Grand Theft Auto: Vice City; Grand Theft Auto: San Andreas; Grand Theft Auto: Liberty City Stories; Grand Theft Auto: Vice City Stories; Grand Theft Auto IV; Grand Theft Auto: The Lost and Damned; Grand Theft Auto: The Ballad of Gay Tony; Grand Theft Auto V,1997; 1999; 2001; 2002; 2004; 2005; 2006; 2008; 2009; 2010; 2013,https://lgbtqgamearchive.com/2015/09/12/lgbt-npcs-in-lcpd-database-in-grand-theft-auto-iv,LGBT NPCs in LCPD Database in Grand Theft Auto IV,2000s; Cross-dressing; Gay; Gay (explicit); Gay (implicit); Gender non-conforming; Queer Men; Transgender; Transgender (implicit),character_candidate,no,needs_character_review,"In Grand Theft Auto IV, players can access information about various criminals in Liberty City through the LCPD database. The characters listed below have profiles or are implied in the game to be homosexual, bisexual, or transgender. Roy Zito is a Gambetti Family underboss whose LCPD record first appears in GTA IV. In Ballad of Gay Tony, Tony implies he had a sexual encounter with Roy. This conversation appears in this video at about 2:23. Heathcliff Waterstreet’s and Gavin Finkle’s names also appear in the GTA IV LCPD database. They are partners and live together. Posters to GTA forums suggest that both appear in Ballad of Gay Tony, but we cannot find confirmation of this. Both Heathcliff and Gavin are banned from Tony’s nightclub Hercules. Wiki authors refer to Heathcliff as homosexual and Gavin (whose nickname is Ambrosia) as a transvestite, though it is unclear if Gavin is actually ",,2026-08-22
LGBTQ References,Grand Theft Auto; Grand Theft Auto II; Grand Theft Auto III; Grand Theft Auto: Vice City; Grand Theft Auto: San Andreas; Grand Theft Auto: Liberty City Stories; Grand Theft Auto: Vice City Stories; Grand Theft Auto IV; Grand Theft Auto: The Lost and Damned; Grand Theft Auto: The Ballad of Gay Tony; Grand Theft Auto V,1997; 1999; 2001; 2002; 2004; 2005; 2006; 2008; 2009; 2010; 2013,https://lgbtqgamearchive.com/2015/09/06/lgbtq-references-in-grand-theft-auto-iii,LGBTQ references in Grand Theft Auto III,2000s; Artifacts; Homophobia; Locations; Locations (rumored/implicit); Mentions (implicit); Queerly Read/Rumored,non_character_reference,no,non_character_reference,"There are at least two LGBTQ mentions in Grand Theft Auto III. Image credit http://www.grandtheftwiki.com/File:FudgePackingCorp-GTAIII-logo.png The first is Fudge Packing Corporation, which is a shipping business. The ads for the business apparently also appear in Grand Theft Auto: Vice City and Vice City Stories. The name is a derogatory term for homosexual men (we are listing this as an “implict” mention only because recognizing it requires knowing this slang term). Screenshot Image Credit http://gtaforums.com/topic/269870-secrets-easter-eggs/page-3 The second mention is the radio-controlled car known as the RC Bandit . Supposedly, the name refers to a slang term for homosexuals (“arse bandit”), but we could find no confirmation of this. LGBTQ references in this game series : Grand Theft Auto (1997): El Burro Grand Theft Auto II (1999): Tetsuo Grand Theft Auto: London 1961 (1999): Pret",,2026-08-22
LGBTQ References,Grand Theft Auto; Grand Theft Auto II; Grand Theft Auto III; Grand Theft Auto: Vice City; Grand Theft Auto: San Andreas; Grand Theft Auto: Liberty City Stories; Grand Theft Auto: Vice City Stories; Grand Theft Auto IV; Grand Theft Auto: The Lost and Damned; Grand Theft Auto: The Ballad of Gay Tony; Grand Theft Auto V,1997; 1999; 2001; 2002; 2004; 2005; 2006; 2008; 2009; 2010; 2013,https://lgbtqgamearchive.com/2015/09/06/lgbtq-references-in-grand-theft-auto-vice-city-stories,LGBTQ References in Grand Theft Auto: Vice City Stories,2000s; Gay; Gay (explicit); Homophobia; Locations; Locations (explicit); Mentions; Mentions (implicit); Queer Men; Queerly Read/Rumored,non_character_reference,no,non_character_reference,"In Grand Theft Auto : Vice City Stories, White Stallionz Bar is a bar frequented a biker gang of the same name, which is characterized as “ a homosexual white-supremacist outlaw motorcycle club .” By Grand Theft Auto: Vice City (which takes place two years after Vice City Stories), the bar has become Crocs Bar and is no longer associated with the gang. The bar is the site of The Bum Deal mission, which is the final mission in the game. White Stallionz Bar Image credit http://gta.wikia.com/wiki/White_Stallionz_Bar?file=White-Stallionz-Bar.png White Stallionz Members Image credit http://gta.wikia.com/wiki/White_Stallionz?file=WhiteStallionz-GTAVCS-members.jpg Les Beans Cafe (a likely play on the word lesbians) is an inaccessible cafe in the game. It plays no role in the game’s narrative. Les Beans Cafe Image credit http://gta.wikia.com/wiki/Les_Beans_Caf%C3%A9 In this game (and later games",,2026-08-22
LGBTQ References,Grand Theft Auto; Grand Theft Auto II; Grand Theft Auto III; Grand Theft Auto: Vice City; Grand Theft Auto: San Andreas; Grand Theft Auto: Liberty City Stories; Grand Theft Auto: Vice City Stories; Grand Theft Auto IV; Grand Theft Auto: The Lost and Damned; Grand Theft Auto: The Ballad of Gay Tony; Grand Theft Auto V,1997; 1999; 2001; 2002; 2004; 2005; 2006; 2008; 2009; 2010; 2013,https://lgbtqgamearchive.com/2015/09/08/lgbtq-references-in-grand-theft-auto-san-andreas,LGBTQ References in Grand Theft Auto: San Andreas,2000s; Artifacts; Easter Egg; Homophobia; Homophobia/Transphobia; Locations; Locations (rumored/implicit); Mentions; Mentions (explicit); Mentions (implicit); Transphobia,non_character_reference,no,non_character_reference,"The character Katie Zhan , who the player-character CJ can date in Grand Theft Auto : San Andreas , is noted to be homophobic. She doesn’t like it if the player drives her through the Queens district. Katie Zhan Image credit http://gta.wikia.com/wiki/Katie_Zhan?file=KatieZhan-GTASA.jpg My Five Uncles is a television show advertised in the game. As the ad in the video below explains, the show is about five gay men who live together and adopt a teenage daughter. Ultimate Disk in the Dark is a game advertised in San Andreas, which is roughly based on Ultimate Frisbee. As the commercial below demonstrates, the commercial uses a lot of gay references and the ad appears to hail a homosexual male player. A text of the commercial dialog is available here . In GTA IV, Bernie Crane also plays Ultimate Disk in the Dark. The San Fierro Packers are the baseball team of San Fierro , the game’s version",,2026-08-22
LGBTQ References,Grand Theft Auto; Grand Theft Auto II; Grand Theft Auto III; Grand Theft Auto: Vice City; Grand Theft Auto: San Andreas; Grand Theft Auto: Liberty City Stories; Grand Theft Auto: Vice City Stories; Grand Theft Auto IV; Grand Theft Auto: The Lost and Damned; Grand Theft Auto: The Ballad of Gay Tony; Grand Theft Auto V,1997; 1999; 2001; 2002; 2004; 2005; 2006; 2008; 2009; 2010; 2013,https://lgbtqgamearchive.com/2015/09/06/lgbtq-references-in-grand-theft-auto-liberty-city-stories,LGBTQ References in Grand Theft Auto: Liberty City Stories,2000s; Artifacts; Mentions; Mentions (explicit); Mentions (implicit),non_character_reference,no,non_character_reference,"The two rival computer companies in Grand Theft Auto : Liberty City Stories are called TOS (Technical Operating System) and Fruit Computers (a clear parody of Microsoft and Apple computers). The users of the former are called Tossers, the latter Fruits. Both terms have derogatory homosexual connotations. In addition, there is a parody organization called Citizens United Negating Technology for Life and People’s Safety (the abbreviation for which is a derogatory reference to female genitalia). One of the actions of this organization is to ban a website that “ is accused of influencing visitors to become homosexuals .” LGBTQ references in this game series : Grand Theft Auto (1997): El Burro Grand Theft Auto II (1999): Tetsuo Grand Theft Auto: London 1961 (1999): Pretty Charlie Grand Theft Auto III (2001): Gay Pedestrian ; LGBTQ References Grand Theft Auto: Vice City (2002): The Psycho ; LG",,2026-08-22
LGBTQ References,Grand Theft Auto; Grand Theft Auto II; Grand Theft Auto III; Grand Theft Auto: Vice City; Grand Theft Auto: San Andreas; Grand Theft Auto: Liberty City Stories; Grand Theft Auto: Vice City Stories; Grand Theft Auto IV; Grand Theft Auto: The Lost and Damned; Grand Theft Auto: The Ballad of Gay Tony; Grand Theft Auto V,1997; 1999; 2001; 2002; 2004; 2005; 2006; 2008; 2009; 2010; 2013,https://lgbtqgamearchive.com/2015/09/06/lgbtq-references-in-grand-theft-auto-iv,LGBTQ References in Grand Theft Auto: IV,2000s; Homophobia; Homophobia/Transphobia; Locations; Locations (rumored/implicit); Mentions (explicit); Mentions (implicit); Transphobia,non_character_reference,no,non_character_reference,"On the radio show Integrity 2.0 in Grand Theft Auto : IV and Episodes from Liberty City, there is one interviewee who is “a latent homosexual” according to this wikia . There is also a great deal of transphobic and homophobic dialogue in the show, the full version of with is available here . There is also an in-game mail delivery service in GTA IV and V called “Post Op,” the slogan for which is “no longer just mail” (an obvious reference to gender confirmation surgery). Post Op logo Image credit http://gta.wikia.com/wiki/Post_OP?file=PostOp-GTA4-logo.png One wiki states the Weazel News reporter Lori Diangelo-Stockton reports a story on whether peanut allergies make children homosexual. We can find no additional confirmation of this, however. There is a ringtone available in the game that sounds like two women having sex, as heard in the video below (note the image is not from Grand Theft",,2026-08-22
LGBTQ References,Grand Theft Auto; Grand Theft Auto II; Grand Theft Auto III; Grand Theft Auto: Vice City; Grand Theft Auto: San Andreas; Grand Theft Auto: Liberty City Stories; Grand Theft Auto: Vice City Stories; Grand Theft Auto IV; Grand Theft Auto: The Lost and Damned; Grand Theft Auto: The Ballad of Gay Tony; Grand Theft Auto V,1997; 1999; 2001; 2002; 2004; 2005; 2006; 2008; 2009; 2010; 2013,https://lgbtqgamearchive.com/2015/09/14/lgbtq-references-in-grand-theft-auto-the-ballad-of-gay-tony,LGBTQ References in Grand Theft Auto: The Ballad of Gay Tony,2010s; Bisexual; Bisexual (implicit); Gay; Gay (implicit); Mentions; Mentions (explicit); Queer Men; Queerly Read/Rumored,queer_reading_candidate,no,queer_reading_candidate,"During one conversation in Grand Theft Auto : The Ballad of Gay Tony, Luis suggests that his friend Armando Torres had a sexual relationship with his cellmate in prison. In turn his friends, Henrique Bardas and Armando, suggest that Luis is gay because he works in gay clubs for a gay man. The follow exchange comes from this copy of the game script: Luis Yeah, I ain't lecturing. I'm just looking out for my boys. Mando Ain't that what you do at them clubs of yours? Rique He looks out for boys in tight denim shorts. Luis Oh, wow, we back there again? Mando Luis bro, you want us to come downtown to lecture you on interior decoration? Rique Or Boulevard musicals? Mando Or sucking cock? Rique I don't think you do. Luis Oh yeah, sabes que. Now that you mention it, I could do with some dick sucking lessons. I hear you nailed your technique on that last bid upstate, A. Mando We was just close fri",,2026-08-22
LGBTQ References,Grand Theft Auto; Grand Theft Auto II; Grand Theft Auto III; Grand Theft Auto: Vice City; Grand Theft Auto: San Andreas; Grand Theft Auto: Liberty City Stories; Grand Theft Auto: Vice City Stories; Grand Theft Auto IV; Grand Theft Auto: The Lost and Damned; Grand Theft Auto: The Ballad of Gay Tony; Grand Theft Auto V,1997; 1999; 2001; 2002; 2004; 2005; 2006; 2008; 2009; 2010; 2013,https://lgbtqgamearchive.com/2015/09/14/lgbtq-references-in-grand-theft-auto-v,LGBTQ References in Grand Theft Auto V,2010s; Artifacts; Homophobia; Homophobia/Transphobia; Mentions; Mentions (explicit); Mentions (implicit); Transphobia,non_character_reference,no,non_character_reference,"In Grand Theft Auto V, an advertisement for Pump Buddy Magazine , a bodybuilding magazine, near the Muscle Sands Gym, has been altered to read “Bum Buddy” (a crude reference to male homosexuality). The Los Santos Benders are a professional soccer team in GTA V. Their name may be a reference to the British slang term for homosexuals. There is a video game featured in radio commercials in GTA V called Pride not Prejudice . It is a first-person shooter set in the Deep South. One commercial advertises the game by saying “Save the South against liberals and land prospectors and out homosexuals.” The full video of this commercial appears below. The Lifeinvader social networking service and accompanying tablet and smart phone have the tag line “it is time to dock.” This is meant, according to wiki authors, to be a reference to the homosexual sex act of “docking,” an assumption strengthened by t",,2026-08-22
Li Dian,Dynasty Warriors; Dynasty Warriors 7; Dynasty Warriors 8,1997; 2011; 2013,https://lgbtqgamearchive.com/2018/06/24/li-dian-in-dynasty-warriors-8,Li Dian in Dynasty Warriors 8,2010s; Bisexual; Bisexual (implicit); Characters; Games by Decade; Gay; Gay (implicit); Playable Character; Queer Men,character_candidate,yes,already_registered,"Li Dian in Dynasty Warriors 9. Image credit: http://koei.wikia.com/wiki/Li_Dian?file=Li_Dian_Artwork_(DW9).png Li Dian first appears as a playable character in Dynasty Warriors 8, and as sent in via email has certain lines that make it possible to read him as potentially gay or bisexual. As reported to us he: “has some voice lines which aren’t affected by character gender… ‘I think I’m in love… Uh, forget I said anything!’ and ‘I’ll feel so much safer with you around… I mean, will you accompany me?'” An example appears below: Image credit: https://steamcommunity.com/sharedfiles/filedetails/?id=292566932 LGBTQ references in this game series : Dynasty Warriors (1997): Zhang He Dynasty Warriors 7 (2011): Same-sex relationship Dynasty Warriors 8 (2013): Li Dian , same-sex marriage mod Citations: I am Li Dian, your worst nightmare. (n.d.). Reddit. Retrieved from https://www.reddit.com/r/dynas",,2026-08-22
Locations,Grand Theft Auto; Grand Theft Auto II; Grand Theft Auto III; Grand Theft Auto: Vice City; Grand Theft Auto: San Andreas; Grand Theft Auto: Liberty City Stories; Grand Theft Auto: Vice City Stories; Grand Theft Auto IV; Grand Theft Auto: The Lost and Damned; Grand Theft Auto: The Ballad of Gay Tony; Grand Theft Auto V,1997; 1999; 2001; 2002; 2004; 2005; 2006; 2008; 2009; 2010; 2013,https://lgbtqgamearchive.com/2015/09/14/locations-in-gta-v,Locations in GTA V,2010s; Homophobia; Locations; Locations (rumored/implicit); Transphobia,non_character_reference,no,non_character_reference,"Cockatoos in a supposedly gay bar in Grand Theft Auto V, which plays no role in the game or storyline. The one wiki that indicates this is a gay bar determines this by the crowd outside and name of the bar. A video of the crowd outside the nightclub is available here (content warning: violence). A fan video (content warning: violence, transphobia) suggests that the bar Singleton’s is a gay club for similar reasons Cockatoos Logo Image credit http://gta.wikia.com/wiki/Cockatoos?file=Cockatoos-GTAV-Logo.png The store Homme Gina, is supposedly a reference to “manjina” i.e. a male’s anus and in turn a reference to homosexual sex. This could not be confirmed however. There is a street in the Sandy Shores area of the game (based on the real world town of Desert Shores), called Lesbos Lane . LGBTQ references in this game series : Grand Theft Auto (1997): El Burro Grand Theft Auto II (1999): Tet",,2026-08-22
Major Knight,Fallout; Fallout 2; Fallout: Brotherhood of Steel; Fallout 3; Fallout: New Vegas; Fallout 4,1997; 1998; 2004; 2008; 2010; 2015,https://lgbtqgamearchive.com/2015/12/02/major-knight-in-fallout-new-vegas,Major Knight in Fallout: New Vegas,2010s; Characters; Gay; Gay (explicit); Queer Men,character_candidate,yes,already_registered,"Image credit http://vignette3.wikia.nocookie.net/fallout/images/3/3a/Major_Knight.jpg/revision/latest?cb=20150525153028 Major Knight is an army office at Outpost 2281. A male player character with the Confirmed Bachelor perk can flirt with him. He indicates he is interested, but that same-sex relationships in the outpost is not allowed. This video shows this interaction (around :50). LGBTQ references in this game : Fallout (1997): Sexaulity Fallout 2 (1998): Sexuality Fallout: Brotherhood of Steel (2004): Sexuality Fallout 3 (2008): Sexuality ; Carol and Greta ; Anthony Ling ; Flak and Shrapnel Fallout: New Vegas (2010): Sexuality ; Arcade Gannon ; Christine Royce ; Veronica Santangelo ; Jimmy ; Corporal Betsy ; Sergio ; Major Knight ; Alex Richards ; Confirmed Bachelor and Cherchez La Femme perks ; Mentions of homosexuality Fallout 4 (2015): TBA Citations: Major Knight. (n.d.). Retrieve",,2026-08-22
Marcus,Grand Theft Auto; Grand Theft Auto II; Grand Theft Auto III; Grand Theft Auto: Vice City; Grand Theft Auto: San Andreas; Grand Theft Auto: Liberty City Stories; Grand Theft Auto: Vice City Stories; Grand Theft Auto IV; Grand Theft Auto: The Lost and Damned; Grand Theft Auto: The Ballad of Gay Tony; Grand Theft Auto V,1997; 1999; 2001; 2002; 2004; 2005; 2006; 2008; 2009; 2010; 2013,https://lgbtqgamearchive.com/2015/09/12/marcus-in-grand-theft-auto-iv,Marcus in Grand Theft Auto IV,2000s; Gay; Gay (implicit); Queer Men,character_candidate,yes,already_registered,"Marcus Image credit http://gta.wikia.com/wiki/Marcus?file=Perseusattendant-GTAIV.jpg Although Marcus appears in Grand Theft Auto IV, he is not named until Ballad of Gay Tony. He works at the clothing store Perseus . His dialog and voice acting imply that he is meant to be read as homosexual (video available here ). There are also pedestrians in the game who look like Marcus and are voiced by the same actor, but who wear different clothes. LGBTQ references in this game series : Grand Theft Auto (1997): El Burro Grand Theft Auto II (1999): Tetsuo Grand Theft Auto: London 1961 (1999): Pretty Charlie Grand Theft Auto III (2001): Gay Pedestrian ; LGBTQ References Grand Theft Auto: Vice City (2002): The Psycho ; LGBTQ References Grand Theft Auto: San Andreas (2004): LGBTQ References ; LGB Characters ; Queens ; OG Loc Mission Grand Theft Auto: Liberty City Stories (2005): Kazuki Kasen ; LGBTQ R",,2026-08-22
Marriage,Tibia,1997,https://lgbtqgamearchive.com/2018/08/27/marriage,Marriage,1990s; Games by Decade; Optional Relationship; Relationships/Romance/Sex,non_character_reference,no,non_character_reference,"Image credit: Newly Wed Outfits. (n.d.). TibiaWiki. Retrieved from http://tibia.wikia.com/wiki/Newly_Wed_Outfits Even before same sex marriage was legal in the United States, Tibia allowed two player characters to get married regardless of their gender. In order to get married players must collect two Wedding Rings and two Wedding Outfit Boxes and request to be wed by a priest. After they are married, both players receive Newly Wed Outfits, and are given access to Meluna for a day for their honeymoon. It does not matter what level each player is at in order to get married, but both players must consent. In order to get a divorce, however, only one player’s permission is necessary. LGBTQ References in this game : Marriage Citations: (n.d.). How to Get Married in TIbia?. TibiaQA. Retrieved from https://www.tibiaqa.com/139/how-to-get-married-in-tibia (n.d.). Marriage/Divorce. Tibia. Retriev",,2026-08-22
Mentions of homosexuality,Fallout; Fallout 2; Fallout: Brotherhood of Steel; Fallout 3; Fallout: New Vegas; Fallout 4,1997; 1998; 2004; 2008; 2010; 2015,https://lgbtqgamearchive.com/2015/12/02/mentions-of-homosexuality-in-fallout-new-vegas,Mentions of homosexuality in Fallout: New Vegas,2010s; Characters; Mentions; Mentions (explicit),character_candidate,no,needs_character_review,"Although there are quite a few homosexual NPCs in Fallout: New Vegas (see list below), and the player-character is generally able to engage in same-sex flirtations , there are several mentions in the game of homosexuality being taboo or even illegal. Major Knight , for example, suggests that it is taboo for men to have “friendships” when stationed at the Mojave outpost. Veronica’s lover left because her parents wanted her to only be part of procreative relationships (presumably with men). Jimmy indicates that homosexuality is a capital offense in Caesar’s Legion , but also says: “ Honestly, as long as men meet obligations and the child count, “friendships” are a sight more equal than the level of most Legion husbands and wives .” When a male PC with the Confirmed Bachelor perk tells Cass that he isn’t interested in her romantically, she’ll say: “Guess you’ve got a Legion outlook on thing",,2026-08-22
OG Loc Mission,Grand Theft Auto; Grand Theft Auto II; Grand Theft Auto III; Grand Theft Auto: Vice City; Grand Theft Auto: San Andreas; Grand Theft Auto: Liberty City Stories; Grand Theft Auto: Vice City Stories; Grand Theft Auto IV; Grand Theft Auto: The Lost and Damned; Grand Theft Auto: The Ballad of Gay Tony; Grand Theft Auto V,1997; 1999; 2001; 2002; 2004; 2005; 2006; 2008; 2009; 2010; 2013,https://lgbtqgamearchive.com/2015/09/10/og-loc-mission-in-grand-theft-auto-san-andreas,OG Loc Mission in Grand Theft Auto: San Andreas,2000s; Gay; Gay (implicit); Homophobia; Queer Men,character_candidate,no,needs_character_review,"Screenshot Image credit http://gta.wikia.com/wiki/OG_Loc_(mission) ?file=OGLocmission-GTASA.jpg In Grand Theft Auto : San Andreas, there is one mission where the player-character CJ is introduced to OG Loc (also known as Jeffery). While in prison, he apparently had sex with a character named Freddy . It is unclear if this was a consensual relationship, if it actually occurred, or if either character identifies as gay or bisexual (though Freddy’s voice seems to be meant to code him as gay). In the OG Loc mission, the player has to help OG Loc kill Freddy for “stealing his rhymes.” A video of this mission can be seen here . LGBTQ references in this game series : Grand Theft Auto (1997): El Burro Grand Theft Auto II (1999): Tetsuo Grand Theft Auto: London 1961 (1999): Pretty Charlie Grand Theft Auto III (2001): Gay Pedestrian ; LGBTQ References Grand Theft Auto: Vice City (2002): The Psycho",,2026-08-22
Peter Dreyfuss,Grand Theft Auto; Grand Theft Auto II; Grand Theft Auto III; Grand Theft Auto: Vice City; Grand Theft Auto: San Andreas; Grand Theft Auto: Liberty City Stories; Grand Theft Auto: Vice City Stories; Grand Theft Auto IV; Grand Theft Auto: The Lost and Damned; Grand Theft Auto: The Ballad of Gay Tony; Grand Theft Auto V,1997; 1999; 2001; 2002; 2004; 2005; 2006; 2008; 2009; 2010; 2013,https://lgbtqgamearchive.com/2015/09/18/peter-dreyfuss-in-grand-theft-auto-v,Peter Dreyfuss in Grand Theft Auto V,2010s; Bisexual; Bisexual (explicit); Queer Men,character_candidate,yes,already_registered,"Peter Dreyfuss Image credit http://gta.wikia.com/wiki/Peter_Dreyfuss?file=PeterDreyfuss-GTAV.png Peter Dreyfuss is of the random characters (or “strangers and freaks”) players can interact with in Grand Theft Auto V. After collecting 50 scraps of paper that piece together to form his confession note, the player-character Franklin can go on the mission “A Starlet in Vinewood,” where they can confront and kill (optional) Dreyfuss. In the scene where Franklin confronts Dreyfuss, he repeatedly asks whether Franklin is there for sex or if he will give him a blow job (both of which have been suggested as indicators that he is bisexual). When Franklin tells him that he knows the truth about Dreyfuss’s role in the death of Leanore Johnson, Dreyfuss calls for security saying “this man is trying to rape me.” The video of this scene can be viewed below. LGBTQ references in this game series : Grand ",,2026-08-22
Pretty Charlie,Grand Theft Auto; Grand Theft Auto II; Grand Theft Auto III; Grand Theft Auto: Vice City; Grand Theft Auto: San Andreas; Grand Theft Auto: Liberty City Stories; Grand Theft Auto: Vice City Stories; Grand Theft Auto IV; Grand Theft Auto: The Lost and Damned; Grand Theft Auto: The Ballad of Gay Tony; Grand Theft Auto V,1997; 1999; 2001; 2002; 2004; 2005; 2006; 2008; 2009; 2010; 2013,https://lgbtqgamearchive.com/2015/09/06/pretty-charlie-in-grand-theft-auto-london-1961,Pretty Charlie in Grand Theft Auto: London 1961,1990s; Queer Men; Queerly Read/Rumored,queer_reading_candidate,no,queer_reading_candidate,"Pretty Charlie is a member of the Cartwright Gang in Grand Theft Auto : London 1969. He only appears on one wiki , and is described there as implicitly homosexual, but as we cannot find him mentioned anywhere else we categorizing him as “rumored.” LGBTQ references in this game series : Grand Theft Auto (1997): El Burro Grand Theft Auto II (1999): Tetsuo Grand Theft Auto: London 1961 (1999): Pretty Charlie Grand Theft Auto III (2001): Gay Pedestrian ; LGBTQ References Grand Theft Auto: Vice City (2002): The Psycho ; LGBTQ References Grand Theft Auto: San Andreas (2004): LGBTQ References ; LGB Characters ; Queens ; OG Loc Mission Grand Theft Auto: Liberty City Stories (2005): Kazuki Kasen ; LGBTQ References Grand Theft Auto: Vice City Stories (2006): Reni Wassulmaier ; LGBTQ References Grand Theft Auto IV (2008): Brucie Kibbutz ; Tom “French Tom” Rivas ; Bernie Crane/Florian Cravic ; Bryce",,2026-08-22
Queens,Grand Theft Auto; Grand Theft Auto II; Grand Theft Auto III; Grand Theft Auto: Vice City; Grand Theft Auto: San Andreas; Grand Theft Auto: Liberty City Stories; Grand Theft Auto: Vice City Stories; Grand Theft Auto IV; Grand Theft Auto: The Lost and Damned; Grand Theft Auto: The Ballad of Gay Tony; Grand Theft Auto V,1997; 1999; 2001; 2002; 2004; 2005; 2006; 2008; 2009; 2010; 2013,https://lgbtqgamearchive.com/2015/09/10/queens-in-grand-theft-auto-san-andreas,Queens in Grand Theft Auto: San Andreas,2000s; Locations; Locations (explicit),non_character_reference,no,non_character_reference,"Queens Image credit http://gta.wikia.com/wiki/Queens?file=Queens.jpg Queens is an area of San Fierro , which is Grand Theft Auto : San Andrea’s version of the Castro District of San Francisco. Like the Castro, Queens is the game’s “gay neighborhood” (the only one in the game series). The neighborhood is marked with rainbow banners on the lightpoles and gay-owned or gay-frequented businesses like the Gaydar Station (image below) and the Uphill Gardener Garden Center . Gaydar Station Image credit http://gta.wikia.com/wiki/Queens?file=GaydarStation-GTASA-exterior.jpg LGBTQ references in this game series : Grand Theft Auto (1997): El Burro Grand Theft Auto II (1999): Tetsuo Grand Theft Auto: London 1961 (1999): Pretty Charlie Grand Theft Auto III (2001): Gay Pedestrian ; LGBTQ References Grand Theft Auto: Vice City (2002): The Psycho ; LGBTQ References Grand Theft Auto: San Andreas (2004): L",,2026-08-22
Rebecca and Sophie,The Last Express,1997,https://lgbtqgamearchive.com/2015/08/26/rebecca-and-sophie-in-the-last-express,Rebecca and Sophie in The Last Express,1990s; Lesbian; Lesbian (implicit); Queer Women,character_candidate,yes,already_registered,"Rebecca and Sophie Image credit http://www.hitselfdestruct.com/2013/07/rebecca-norton.html The Last Express features 30 non-player characters who the player can learn more or less about depending on how they progress through the non-linear narrative. Two of these characters are friends (or more than friends): the English woman Rebecca Norton and the French woman Sophie de Bretheuil . By listening to their conversations (see an example here ) and reading pages of Rebecca’s diary (see video below), it becomes clear they are in a romantic relationship, though potentially a one-sided relationship . It is, however, possible to miss many of these references if the player is not paying attention to these two characters (who are not central to the plot). Rebecca’s diary pages and the related sound files are available in the video below (0:39-2:16). Citations: Fyfe, B. (2013, July 14). Rebecca No",,2026-08-22
Reni Wassulmaier,Grand Theft Auto; Grand Theft Auto II; Grand Theft Auto III; Grand Theft Auto: Vice City; Grand Theft Auto: San Andreas; Grand Theft Auto: Liberty City Stories; Grand Theft Auto: Vice City Stories; Grand Theft Auto IV; Grand Theft Auto: The Lost and Damned; Grand Theft Auto: The Ballad of Gay Tony; Grand Theft Auto V,1997; 1999; 2001; 2002; 2004; 2005; 2006; 2008; 2009; 2010; 2013,https://lgbtqgamearchive.com/2015/09/06/reni-wassulmaier-in-grand-theft-auto-vice-city-stories,Reni Wassulmaier in Grand Theft Auto: Vice City Stories,2000s; Gender non-conforming; Non-binary or genderqueer; Non-binary or Genderqueer (implicit); Transphobia,character_candidate,yes,already_registered,"Reni Wassulmaier Image credit http://gta.wikia.com/wiki/Reni_Wassulmaier?file=ReniWassulmaier-GTAVCS2.jpg Reni Wassulmaier is a main character in Grand Theft Auto: Vice City Stories (and appears in other games in the series). Reni is an avant-garde German filmmaker, as well as a former sex worker and pornographic film star. They have undergone multiple gender confirmation surgeries, moving back and forth from female to male (this characterization is why we have labelled this content transphobic). Reni’s gender identity is not explicitly articulated, but at one point they state: “Oh darling, I’m a little bit of everything. Man. Woman.” This is shown in the video below. In the game, one of the missions given to the protagonist, Victor, is to help Reni get a fourth gender confirmation surgery. LGBTQ references in this game series : Grand Theft Auto (1997): El Burro Grand Theft Auto II (1999",,2026-08-22
Rudolph and Damian,Groove on Fight,1997,https://lgbtqgamearchive.com/2015/09/01/rudolph-and-damian-in-groove-on-fight,Rudolph and Damian in Groove on Fight,1990s; Gay; Gay (explicit); Playable Character; Queer Men,character_candidate,yes,already_registered,"Rudolph Image credit: http://powerinstinct.wikia.com/wiki/Rudolph_Gartheimer Rudolph Gartheimer is an opponent in the story mode of Groove on Fight . Damian Shade is described as his “servant” and, by most accounts, is his lover. In the story mode of the game, Damian is killed by Bristol. Damian Image credit http://powerinstinct.wikia.com/wiki/Damian_Shade In the Sega Saturn version of the game, Damian can be unlocked as a playable character by defeating the game with specific other characters. Unlike other characters in the game, however, he appears to have to “Super” moves. You can see both characters in action in the video below. Citations: Craig, B. (2015, February 15). LGBT Couples in video games. http://diaryofaslightlyirritatedblackman.blogspot.com/2015/02/lgbt-couples-in-video-gaming.html Damian Shade. (n.d.). Retrieved from http://powerinstinct.wikia.com/wiki/Damian_Shade Groove",,2026-08-22
same-sex marriage mod; Same-sex relationship,Dynasty Warriors; Dynasty Warriors 7; Dynasty Warriors 8,1997; 2011; 2013,https://lgbtqgamearchive.com/2018/06/24/same-sex-relationships-in-dynasty-warriors-series,Same-sex relationships in Dynasty Warriors series,2010s; Games by Decade; Mods; Optional Relationship; Queerly Read/Rumored; Relationships/Romance/Sex,non_character_reference,no,non_character_reference,"In Dynasty Warriors 7 (2011), players can have close relationships or even marriages to NPCs. According to this thread marriage can only be achieved with NPCs that are not the same gender as the PC, whereas “sworn siblings” can be same-sex pairings as well. However the scenes for both “events” are very similar . Some players have read these as examples of possible same-sex relationships in the game. For other games in the series , players have used mods to allow for same-sex marriage scenes such as this one: Screenshot from https://www.youtube.com/watch?time_continue=6&v=TTGdSRcpfR8 LGBTQ references in this game series : Dynasty Warriors (1997): Zhang He Dynasty Warriors 7 (2011): Same-sex relationship Dynasty Warriors 8 (2013): Li Dian , same-sex marriage mod Citations: Dynasty Warriors 7 Empires Info thread. (n.d.) Playstation Trophies. Retrieved from https://www.playstationtrophies.or",,2026-08-22
Sergio,Fallout; Fallout 2; Fallout: Brotherhood of Steel; Fallout 3; Fallout: New Vegas; Fallout 4,1997; 1998; 2004; 2008; 2010; 2015,https://lgbtqgamearchive.com/2015/12/02/sergio-in-fallout-new-vegas,Sergio in Fallout: New Vegas,2010s; Characters; Gay; Gay (implicit); Queer Men,character_candidate,yes,already_registered,"Image credit http://vignette3.wikia.nocookie.net/fallout/images/a/a6/Sergio.jpg/revision/latest?cb=20110204175937 Sergio is the hairdresser for the Kings gang in Freeside. His speaking manner is a bit flamboyant in a manner typically used to code gay male characters, as can be heard in this video . Male hairdressers are often coded as gay as well. On the “ talk ” page for this character’s wiki entry, a contributor cut out the line “he is believed to be homosexual based on his voice” (though the reason was not given). Players have still read this character as a gay, however ( here , here , and comments section here ). LGBTQ references in this game : Fallout (1997): Sexaulity Fallout 2 (1998): Sexuality Fallout: Brotherhood of Steel (2004): Sexuality Fallout 3 (2008): Sexuality ; Carol and Greta ; Anthony Ling ; Flak and Shrapnel Fallout: New Vegas (2010): Sexuality ; Arcade Gannon ; Chris",,2026-08-22
Sexuality,Fallout; Fallout 2; Fallout: Brotherhood of Steel; Fallout 3; Fallout: New Vegas; Fallout 4,1997; 1998; 2004; 2008; 2010; 2015,https://lgbtqgamearchive.com/2015/11/24/sexuality-in-fallout-series,Sexuality in Fallout Series,1990s; 2000s; 2010s; Bisexual; Bisexual (implicit); Characters; Optional Relationship; Queer Men; Queer Women; Relationships/Romance/Sex; Sex Workers and Bisexuality,character_candidate,no,needs_character_review,"In all of the Fallout games, the majority of non-player characters are heterosexual. There are some homosexual characters throughout the series, but few references to bisexuality (though the player can play as a bisexual character). Several points throughout the series do allow for same-sex pairing options for the player-character (mostly just sex, few long lasting relationships). In particular, many sex workers in the game can be hired by male and female PCs. The details of PC sexuality are detailed below, but there are also specific pages for any NPCs who are coded as LGBTQ. Fallout (1997) In Fallout 1, players can choose either a male or female player-character (the Vault Dweller ). This choice has few effects on game play. A male PC can hire a sex worker named Sinthia . A female PC can flirt with Sinthia , but cannot hire her. However, after the player rescues her (with the 1000 xp e",,2026-08-22
Talbot Daniels,Grand Theft Auto; Grand Theft Auto II; Grand Theft Auto III; Grand Theft Auto: Vice City; Grand Theft Auto: San Andreas; Grand Theft Auto: Liberty City Stories; Grand Theft Auto: Vice City Stories; Grand Theft Auto IV; Grand Theft Auto: The Lost and Damned; Grand Theft Auto: The Ballad of Gay Tony; Grand Theft Auto V,1997; 1999; 2001; 2002; 2004; 2005; 2006; 2008; 2009; 2010; 2013,https://lgbtqgamearchive.com/2015/09/12/talbot-daniels-in-grand-theft-auto-iv,Talbot Daniels in Grand Theft Auto IV,2000s; Gay; Gay (implicit); Queer Men,character_candidate,yes,already_registered,"Talbot Daniels Image credit http://gta.wikia.com/wiki/Talbot_Daniels?file=TalbotDaniels-GTAIV.png Talbot Daniels is a minor character in Grand Theft Auto IV. He leads Niko to Florian (now Bernie). Through dialog, he implies that he had a past sexual relationship with Florian/Bernie. Moreover, Ray Boccino, who tells Niko to seek out Talbot, calls him a “ fanook ,” which is an Italian-American slang term for homosexual derived from the Italian word finocchio. The full scene of his interaction with Niko can be seen in this video . LGBTQ references in this game series : Grand Theft Auto (1997): El Burro Grand Theft Auto II (1999): Tetsuo Grand Theft Auto: London 1961 (1999): Pretty Charlie Grand Theft Auto III (2001): Gay Pedestrian ; LGBTQ References Grand Theft Auto: Vice City (2002): The Psycho ; LGBTQ References Grand Theft Auto: San Andreas (2004): LGBTQ References ; LGB Characters ; Qu",,2026-08-22
Tetsuo,Grand Theft Auto; Grand Theft Auto II; Grand Theft Auto III; Grand Theft Auto: Vice City; Grand Theft Auto: San Andreas; Grand Theft Auto: Liberty City Stories; Grand Theft Auto: Vice City Stories; Grand Theft Auto IV; Grand Theft Auto: The Lost and Damned; Grand Theft Auto: The Ballad of Gay Tony; Grand Theft Auto V,1997; 1999; 2001; 2002; 2004; 2005; 2006; 2008; 2009; 2010; 2013,https://lgbtqgamearchive.com/2015/09/06/tetsuo-in-grand-theft-auto-ii,Tetsuo in Grand Theft Auto II,1990s; Gay; Gay (explicit); Queer Men,character_candidate,yes,already_registered,"Tetsuo is an unseen character in Grand Theft Auto II. He is described on one wiki as “ a homosexual Japanese business man .” He is the owner of the also unseen Hochi-ban Bar , and a torturer for the Yakuza. LGBTQ references in this game series : Grand Theft Auto (1997): El Burro Grand Theft Auto II (1999): Tetsuo Grand Theft Auto: London 1961 (1999): Pretty Charlie Grand Theft Auto III (2001): Gay Pedestrian ; LGBTQ References Grand Theft Auto: Vice City (2002): The Psycho ; LGBTQ References Grand Theft Auto: San Andreas (2004): LGBTQ References ; LGB Characters ; Queens ; OG Loc Mission Grand Theft Auto: Liberty City Stories (2005): Kazuki Kasen ; LGBTQ References Grand Theft Auto: Vice City Stories (2006): Reni Wassulmaier ; LGBTQ References Grand Theft Auto IV (2008): Brucie Kibbutz ; Tom “French Tom” Rivas ; Bernie Crane/Florian Cravic ; Bryce Dawkins ; LGB Love-meet.net users ; Eliz",,2026-08-22
The Celebinator,Grand Theft Auto; Grand Theft Auto II; Grand Theft Auto III; Grand Theft Auto: Vice City; Grand Theft Auto: San Andreas; Grand Theft Auto: Liberty City Stories; Grand Theft Auto: Vice City Stories; Grand Theft Auto IV; Grand Theft Auto: The Lost and Damned; Grand Theft Auto: The Ballad of Gay Tony; Grand Theft Auto V,1997; 1999; 2001; 2002; 2004; 2005; 2006; 2008; 2009; 2010; 2013,https://lgbtqgamearchive.com/2015/09/14/the-celebinator-in-grand-theft-auto-the-ballad-of-gay-tony,The Celebinator in Grand Theft Auto: The Ballad of Gay Tony,2010s; Gay; Gay (implicit); Queer Men,character_candidate,yes,already_registered,"The Celebinator Image credit http://gta.wikia.com/wiki/The_Celebinator?file=TheCelebinator-TBOGT.png The Celebinator is a blogger at the site “youvebeencelenibated.com.” He is clearly a parody of celebrity news blogger Perez Hilton, given that many of his stories are about outing closeted celebrities including Clay “Pain Giver” Jackson . He also infers that Luis and Tony are having a sexual relationship. One wiki suggests that he is meant to be read as a gay character. The video of the missions “Blog This…” and “…Blog This!,” where Gay Tony outlines their problems with the blogger and where Luis drop The Celebinator from a helicopter to dissuade him from posting more stories appears below (content warning: violence). LGBTQ references in this game series : Grand Theft Auto (1997): El Burro Grand Theft Auto II (1999): Tetsuo Grand Theft Auto: London 1961 (1999): Pretty Charlie Grand Theft ",,2026-08-22
The Hater,Grand Theft Auto; Grand Theft Auto II; Grand Theft Auto III; Grand Theft Auto: Vice City; Grand Theft Auto: San Andreas; Grand Theft Auto: Liberty City Stories; Grand Theft Auto: Vice City Stories; Grand Theft Auto IV; Grand Theft Auto: The Lost and Damned; Grand Theft Auto: The Ballad of Gay Tony; Grand Theft Auto V,1997; 1999; 2001; 2002; 2004; 2005; 2006; 2008; 2009; 2010; 2013,https://lgbtqgamearchive.com/2015/09/10/the-hater-in-grand-theft-auto-iv,The Hater in Grand Theft Auto IV,2000s; Homophobia,needs_unit_review,no,needs_unit_review,"The Hater Image credit http://gta.wikia.com/wiki/The_Hater?file=TheHater.png The Hater is homophobic character in Grand Theft Auto IV who harasses and attacks gay men in Middle Park. In the mission “ Hating the Haters ,” the player-character Niko is tasked with protecting Bernie Crane from the Hater, and ultimately kills him. A text version of the script for this mission is available here and a video of it is here . LGBTQ references in this game series : Grand Theft Auto (1997): El Burro Grand Theft Auto II (1999): Tetsuo Grand Theft Auto: London 1961 (1999): Pretty Charlie Grand Theft Auto III (2001): Gay Pedestrian ; LGBTQ References Grand Theft Auto: Vice City (2002): The Psycho ; LGBTQ References Grand Theft Auto: San Andreas (2004): LGBTQ References ; LGB Characters ; Queens ; OG Loc Mission Grand Theft Auto: Liberty City Stories (2005): Kazuki Kasen ; LGBTQ References Grand Theft A",,2026-08-22
The Psycho,Grand Theft Auto; Grand Theft Auto II; Grand Theft Auto III; Grand Theft Auto: Vice City; Grand Theft Auto: San Andreas; Grand Theft Auto: Liberty City Stories; Grand Theft Auto: Vice City Stories; Grand Theft Auto IV; Grand Theft Auto: The Lost and Damned; Grand Theft Auto: The Ballad of Gay Tony; Grand Theft Auto V,1997; 1999; 2001; 2002; 2004; 2005; 2006; 2008; 2009; 2010; 2013,https://lgbtqgamearchive.com/2015/09/06/the-psycho-in-grand-theft-auto-vice-city,The Psycho in Grand Theft Auto: Vice City,2000s; Cross-dressing; Gender non-conforming; Mentions; Mentions (explicit); Transphobia,needs_unit_review,no,needs_unit_review,"The Psycho Image credit: http://gta.wikia.com/wiki/The_Psycho?file=ThePsycho-GTAVC.jpg The “Psycho” is obsessed with killing the band Love Fist in Grand Theft Auto : Vice City. He dresses as a woman to get close to the band (it is unclear if the character normally wears women’s clothes). The game’s protagonist Tommy is tasked with protecting the band and killing the “psycho.” The video below shows this mission. The band is also accused of being bisexual (to which they do not respond) and have a song about cross-dressing. LGBTQ references in this game series : Grand Theft Auto (1997): El Burro Grand Theft Auto II (1999): Tetsuo Grand Theft Auto: London 1961 (1999): Pretty Charlie Grand Theft Auto III (2001): Gay Pedestrian ; LGBTQ References Grand Theft Auto: Vice City (2002): The Psycho ; LGBTQ References Grand Theft Auto: San Andreas (2004): LGBTQ References ; LGB Characters ; Queens ; ",,2026-08-22
this game series,Dynasty Warriors; Dynasty Warriors 7; Dynasty Warriors 8,1997; 2011; 2013,https://lgbtqgamearchive.com/game-series/dynasty-warriors-series,Dynasty Warriors,,non_character_reference,no,non_character_reference,"Year: 1997 Publisher: Koei Developer: Omega Force Country: Japan Genre: Hack and slash, fighting Platform: Various “Dynastry Warriors cover” by Source. Licensed under Fair use via Wikipedia – https://en.wikipedia.org/wiki/File:Dynastry_Warriors_cover.jpg#/media/File:Dynastry_Warriors_cover.jpg The original Dynasty Warriors game features 16 characters who are largely historical figures from China’s Three Kingdoms Era. Currently there are 87 playable characters in the series. LGBTQ references in this game series : Dynasty Warriors (1997): Zhang He Dynasty Warriors 7 (2011): Same-sex relationship Dynasty Warriors 8 (2013): Li Dian , same-sex marriage mod Citations: Dynasty Warriors. (n.d.). Retrieved from https://en.wikipedia.org/wiki/Dynasty_Warriors_(video_game) Dynasty Warriors (video game). Retrieved from https://en.wikipedia.org/wiki/Dynasty_Warriors_(video_game)",,2026-08-22
this game series,Shin Megami Tensei: Devil Summoner: Soul Hackers; Shin Megami Tensei: Devil Summoner 2,1997; 2008,https://lgbtqgamearchive.com/game-series/shin-megami-tensei-devil-summoner-series,Shin Megami Tensei: Devil Summoner Series,,non_character_reference,no,non_character_reference,"Year: 1995 Publisher: Atlus Developer: Atlus Country: Japan Genre: Role-playing Platform: Sega Saturn, PSP “Devsum” by Source. Licensed under Fair use via Wikipedia – https://en.wikipedia.org/wiki/File:Devsum.jpg#/media/File:Devsum.jpg The Devil Summoner franchise is a spin-off of the popular Japanese franchise Megami Tensei . In the first game, the player character (PC) is a college student who, along with his girlfriend, is attacked by demons. They are rescued by Kyouji, a demon hunter. The demon hunter and PC die, but the PC finds himself in the body of Kyoji (whose voice guides the player). The PC and Kyouji’s partner Rei then attempt to save the PC’s girlfriend. In the sequel, Devil Summoner: Soul Hackers, the PC is a hacker. The PC fights their way through demons in a series of dungeons and solve puzzles with a team of NPCs. Devil Summoner: Raidou Kuzunoha vs. The Soulless Army is ",,2026-08-22
Tom “French Tom” Rivas,Grand Theft Auto; Grand Theft Auto II; Grand Theft Auto III; Grand Theft Auto: Vice City; Grand Theft Auto: San Andreas; Grand Theft Auto: Liberty City Stories; Grand Theft Auto: Vice City Stories; Grand Theft Auto IV; Grand Theft Auto: The Lost and Damned; Grand Theft Auto: The Ballad of Gay Tony; Grand Theft Auto V,1997; 1999; 2001; 2002; 2004; 2005; 2006; 2008; 2009; 2010; 2013,https://lgbtqgamearchive.com/2015/09/10/tom-french-tom-rivas-in-grand-theft-auto-iv,Tom “French Tom” Rivas in Grand Theft Auto IV,2000s; Actions; Gay; Gay (explicit); Homophobia; Queer Men,character_candidate,yes,already_registered,"French Tom Image credit http://gta.wikia.com/wiki/Tom_Rivas?file=FrenchTom-GTAIV.png Tom Rivas, also known as French Tom (it is unclear why, the character is Puerto Rican), is a minor character in Grand Theft Auto IV. He is openly gay and owes Brucie money. In a quest called “ Out of the Closet ,” the player-character Niko is tasked with killing Tom on behalf of Roman and Brucie . He must first use a dating website to lure Tom into going on a date with him. When Niko meets Tom at a diner, they speak briefly before Niko shoots him. A video of the mission is available here (content warning: abelism and fat phobia). Tom’s police record also indicates he has been arrested for being a sex worker. His love-meet.net profile appears below. Image Credit: http://vignette4.wikia.nocookie.net/gtawiki/images/b/b6/FrenchTomProfile.png/revision/latest?cb=20130718112604 LGBTQ references in this game ser",,2026-08-22
Trans Man,Grand Theft Auto; Grand Theft Auto II; Grand Theft Auto III; Grand Theft Auto: Vice City; Grand Theft Auto: San Andreas; Grand Theft Auto: Liberty City Stories; Grand Theft Auto: Vice City Stories; Grand Theft Auto IV; Grand Theft Auto: The Lost and Damned; Grand Theft Auto: The Ballad of Gay Tony; Grand Theft Auto V,1997; 1999; 2001; 2002; 2004; 2005; 2006; 2008; 2009; 2010; 2013,https://lgbtqgamearchive.com/2015/09/06/trans-man-in-grand-theft-auto-the-lost-and-the-damned,Trans Man in Grand Theft Auto: The Lost and the Damned,2000s; Mentions; Mentions (explicit); Transphobia,needs_unit_review,no,needs_unit_review,"Jousters Image credit http://gta.wikia.com/wiki/Jousters?file=Jousters-TLAD-exterior.jpg In Grand Theft Auto : The Lost and the Damned, there is an exclusive, upper-class gentleman’s club called Jousters. Reportedly, in the past a transgender man sued when he was denied membership (he is not shown in the game). LGBTQ references in this game series : Grand Theft Auto (1997): El Burro Grand Theft Auto II (1999): Tetsuo Grand Theft Auto: London 1961 (1999): Pretty Charlie Grand Theft Auto III (2001): Gay Pedestrian ; LGBTQ References Grand Theft Auto: Vice City (2002): The Psycho ; LGBTQ References Grand Theft Auto: San Andreas (2004): LGBTQ References ; LGB Characters ; Queens ; OG Loc Mission Grand Theft Auto: Liberty City Stories (2005): Kazuki Kasen ; LGBTQ References Grand Theft Auto: Vice City Stories (2006): Reni Wassulmaier ; LGBTQ References Grand Theft Auto IV (2008): Brucie Kibbu",,2026-08-22
Transgender Sex Workers,Grand Theft Auto; Grand Theft Auto II; Grand Theft Auto III; Grand Theft Auto: Vice City; Grand Theft Auto: San Andreas; Grand Theft Auto: Liberty City Stories; Grand Theft Auto: Vice City Stories; Grand Theft Auto IV; Grand Theft Auto: The Lost and Damned; Grand Theft Auto: The Ballad of Gay Tony; Grand Theft Auto V,1997; 1999; 2001; 2002; 2004; 2005; 2006; 2008; 2009; 2010; 2013,https://lgbtqgamearchive.com/2015/09/18/transgender-sex-workers-in-grand-theft-auto-v,Transgender Sex Workers in Grand Theft Auto V,2010s; Transgender; Transgender (explicit); Transphobia,character_candidate,no,needs_character_review,"Screenshot Image credit: http://badtransjokes.tumblr.com/post/62878576548/before-i-even-started-playing-the-new-gta-i-knew According to an article posted by Mitch Alexander, “The only ‘significant’ (i.e., visible) trans* characters are stereotyped sex workers that can be found in [ Grand Theft Auto V], and can be heralded with disgustingly transphobic lines such as ‘Hello, sir. I mean, madam.'” A tumblr post collects the dialogue options for the player-character when interacting with this women and for the passive dialogue these characters say if the player waits and listens to them talk among themselves. Elsewhere in the game there is a stripper named Peach at the chain of strip clubs called Vanilla Unicorn . She was voiced by a male voice actor and appears to be meant to be read as a trans woman. She is notably the only stripper who cannot be taken home by the player-character in eithe",,2026-08-22
Trevor Philips,Grand Theft Auto; Grand Theft Auto II; Grand Theft Auto III; Grand Theft Auto: Vice City; Grand Theft Auto: San Andreas; Grand Theft Auto: Liberty City Stories; Grand Theft Auto: Vice City Stories; Grand Theft Auto IV; Grand Theft Auto: The Lost and Damned; Grand Theft Auto: The Ballad of Gay Tony; Grand Theft Auto V,1997; 1999; 2001; 2002; 2004; 2005; 2006; 2008; 2009; 2010; 2013,https://lgbtqgamearchive.com/2015/09/18/trevor-philips-in-grand-theft-auto-v,Trevor Philips in Grand Theft Auto V,2010s; Bisexual; Bisexual (explicit); Playable Character; Queer Men,character_candidate,yes,already_registered,"Trevor Phillips Image credit http://gta.wikia.com/wiki/Trevor_Philips?file=TrevorPhilips-GTAV-next.jpg Trevor Phillips is one of three player-characters/protagonists in Grand Theft Auto V. According to most write-ups Trevor is a sociopath or psychopath who endured physical an emotional abuse during his childhood. In terms of sexuality, wikis have described him as either bisexual or pansexual as well as being into a variety of non-normative sexual practices. His LifeInvader profile also lists is relationship status as “any hole’s a goal.” Despite this, he has been left off of many lists of LGBTQ video game characters. LGBTQ references in this game series : Grand Theft Auto (1997): El Burro Grand Theft Auto II (1999): Tetsuo Grand Theft Auto: London 1961 (1999): Pretty Charlie Grand Theft Auto III (2001): Gay Pedestrian ; LGBTQ References Grand Theft Auto: Vice City (2002): The Psycho ; LG",,2026-08-22
Unnamed Homosexual NPCs,Grand Theft Auto; Grand Theft Auto II; Grand Theft Auto III; Grand Theft Auto: Vice City; Grand Theft Auto: San Andreas; Grand Theft Auto: Liberty City Stories; Grand Theft Auto: Vice City Stories; Grand Theft Auto IV; Grand Theft Auto: The Lost and Damned; Grand Theft Auto: The Ballad of Gay Tony; Grand Theft Auto V,1997; 1999; 2001; 2002; 2004; 2005; 2006; 2008; 2009; 2010; 2013,https://lgbtqgamearchive.com/2015/09/12/unnamed-homosexual-npcs-in-grand-theft-auto-iv,Unnamed Homosexual NPCs in Grand Theft Auto IV,2000s; Gay; Gay (implicit); Lesbian; Lesbian (explicit); Lesbian (implicit); Playable Character; Queer Men; Queer Women; Queerly Read/Rumored,queer_reading_candidate,no,queer_reading_candidate,"In Grand Theft Auto IV, there are some pedestrians who may be coded as homosexual. These male characters are programmed to use female voices when screaming in pain, and have effeminate mannerisms when they move. Aside from two wikis ( here and here ), however, we have no documentation of these pedestrians. In the multiplayer version of GTA IV, female NPCs can use either taunts or flirty dialogue. Reportedly (see here and here ) they only use flirty taunts while near women and intimidating taunts near men. Moreover, in the multiplayer version it is reportedly possible to customize one’s avatar to look like the character below (which, as the title suggests, is meant to be read as a lesbian player-character): Image credit http://lesbiangamers.com/2008/05/gta-lesbo-multiplayer-fun/ LGBTQ references in this game series : Grand Theft Auto (1997): El Burro Grand Theft Auto II (1999): Tetsuo Gra",,2026-08-22
Veronica Santangelo,Fallout; Fallout 2; Fallout: Brotherhood of Steel; Fallout 3; Fallout: New Vegas; Fallout 4,1997; 1998; 2004; 2008; 2010; 2015,https://lgbtqgamearchive.com/2015/12/02/veronica-santangelo-in-fallout-new-vegas,Veronica Santangelo in Fallout: New Vegas,2010s; Characters; Lesbian; Lesbian (explicit); Queer Women,character_candidate,yes,already_registered,"Image credit http://fallout.wikia.com/wiki/Veronica_Santangelo?file=Veronica_Santangelo.jpg Veronica is an NPC in Fallout: New Vegas, who can be found at the 188 trading outpost. The player can recruit her as a companion character. During one conversation, if the player asks her if she has “ever been in love,” she will reveal that she was in love with a woman in the past. This woman left the Brotherhood because her parents were of a group of Brotherhood members who felt everyone should be in procreative relationships (text available here ): PC: “Ever been in love?” Veronica: “{ Sincere} I was, once. We were pretty young, but I like to think it was love. She left the Brotherhood. Wanted to put some distance between herself and her parents. Since our membership isn’t open to outsiders, some members think that obligates all of us to procreate. Since our membership isn’t open to outsiders, s",,2026-08-22
Zhang He,Dynasty Warriors; Dynasty Warriors 7; Dynasty Warriors 8,1997; 2011; 2013,https://lgbtqgamearchive.com/2015/09/02/zhang-he-in-dynasty-warriors,Zhang He in Dynasty Warriors,1990s; Gay; Gay (implicit); Playable Character; Queer Men,character_candidate,yes,already_registered,"Zhang Image credit http://koei.wikia.com/wiki/Zhang_He?file=Zhanghe-dw8art.jpg Zhang He is a general in the Dynasty Warriors series. He is based on the historical figure from the Three Kingdoms period in China. The historical figure was not, reportedly, as effeminate as he is portrayed in the game. In the series, he is represented as graceful and obsessed with beauty and elegance. That said, although he is read as homosexual by Western audiences, there is no confirmation of his sexuality in the series. One site points out that he does not have a love interest, unlike the other male generals in the game. You can see him in action in this video , in which he does seem to be implicitly coded as a gay character. LGBTQ references in this game series : Dynasty Warriors (1997): Zhang He Dynasty Warriors 7 (2011): Same-sex relationship Dynasty Warriors 8 (2013): Li Dian , same-sex marriage mod C",,2026-08-22
Aya Brea and Eve,Parasite Eve,1998,https://lgbtqgamearchive.com/2025/12/16/aya-brea-and-eve-in-parasite-eve,Aya Brea and Eve in Parasite Eve,1990s; Bisexual (implicit); Characters; Lesbian (implicit); Playable Character; Queer Women; Queerly Read/Rumored; Uncategorized,queer_reading_candidate,no,queer_reading_candidate,"Image Credit: Tetsuya Nomura from Parasite Eve: The Cinematic RPG artbook The protagonist of Parasite Eve, Aya Brea, has an emotional connection to the villain of the game, named Eve. The homoerotic nature of their rivalry has been mentioned by some fans and concept art for the game, shown above, portrays Eve suggestively nibbling Aya’s ear. This art has been discussed for its sexual implications. In addition, some fans have explored Aya’s sexuality outside of Eve. There has also been various references to the manga adaption of the game giving Aya a female romantic interest. LGBTQ References in this game : Aya Brea and Eve Citations: 1: Parasite Eve: The Cinema RPG. (1998) Kadokawa. 2: TossAWatermelon. Any PS1 games with gay characters? (2016). EmptyClosets. Retrieved 9/20/2025, from https://forum.emptyclosets.com/index.php?threads/any-ps1-games-with-gay-characters.434779/ 3:R, P. Parasi",,2026-08-22
Kaz,Metal Gear Solid; Metal Gear Solid 2: Sons of Liberty; Metal Gear Solid 3: Snake Eater; Metal Gear Solid: Peace Walker,1998; 2001; 2004; 2010,https://lgbtqgamearchive.com/2015/09/11/kaz,Kaz in Metal Gear Solid: Peace Walker,2010s; Bisexual; Bisexual (implicit); Queer Men,character_candidate,yes,already_registered,"Kaz Image Credit: http://metalgear.wikia.com/wiki/Kazuhira_Miller?file=TPP_Miller_infobox.png Kaz (Kazuhira Miller) originally appeared in Metal Gear 2, but the relevant queer representation of him is in Metal Gear Solid: Peace Walker. There are several instances of Kaz’s implied bisexuality. There is even an “Extra Op” in Peace Walker that involves Kaz and Snake going on a “date.” As demonstrated in the two videos below, what players can do during those scenes can vary greatly. Players also have to achieve particular things in the game first, before they can go on this “date.” There is also a collectible tape in Metal Gear Solid V: Ground Zeros where Paz recounts seeing Kaz and Snake get into a naked fist fight, only to hug when the fight is over. LGBTQ References in this series: Metal Gear Solid (1998): Ocelot ; Otacon Metal Gear Solid 2: Sons of Liberty (2001): Vamp ; Scott Dolph ; Ra",,2026-08-22
Kyouichi Houraiji,Tokyo Majin Gakuen: Ken Kaze Tobari,1998,https://lgbtqgamearchive.com/2018/08/27/kyouichi-houraiji,Kyouichi Houraiji,1990s; Characters; Games by Decade; Optional Relationship; Relationships/Romance/Sex,character_candidate,no,needs_character_review,"Image Credit: Kyouichi Jouraiji Screenshot. (2014, October 5). Tokyo Majin Gakuen: Ken Kaze Tobari. Retrieved from https://www.giantbomb.com/tokyo-majin-gakuen-ken-kaze-tobari/3030-33483/images/ Kyouichi Houraiji is the only male character that will openly state his love for the player-character if you choose a romantic ending with him. Although the player-character can end up with other male characters, their relationships tend to be more subtle or platonic. Kyouichi Houraiji is also the only male character the player-character can date at Christmas. LGBTQ References in this game : Tatsuma Hiyuu Kyouichi Houraiji Moroha Kirishima Citations: (n.d.). Anime / Tokyo Majin. tvtropes. Retrieved from https://tvtropes.org/pmwiki/pmwiki.php/Anime/TokyoMajin (n.d.). Characters / Tokyo Majin. tvtropes. Retrieved from https://tvtropes.org/pmwiki/pmwiki.php/Characters/TokyoMajin (n.d.). Kyouichi Hou",,2026-08-22
Moroha Kirishima,Tokyo Majin Gakuen: Ken Kaze Tobari,1998,https://lgbtqgamearchive.com/2018/08/27/moroha-kirishima,Moroha Kirishima,1990s; Characters; Games by Decade; Optional Relationship; Relationships/Romance/Sex,character_candidate,no,needs_character_review,Moroha Kirishima is a game-only (not featured in the anime adaptation) character. He has a crush on Kyouichi Houraiji and greatly admires his skills. LGBTQ References in this game : Tatsuma Hiyuu Kyouichi Houraiji Moroha Kirishima Citations: 1. (n.d.). Characters / Tokyo Majin. tvtropes. Retrieved from https://tvtropes.org/pmwiki/pmwiki.php/Characters/TokyoMajin,,2026-08-22
Ocelot,Metal Gear Solid; Metal Gear Solid 2: Sons of Liberty; Metal Gear Solid 3: Snake Eater; Metal Gear Solid: Peace Walker,1998; 2001; 2004; 2010,https://lgbtqgamearchive.com/2015/09/11/ocelot,Ocelot in Metal Gear Solid,1990s; Gay; Gay (implicit); Mods; Queer Men,character_candidate,yes,already_registered,"Ocelot in MGS5 Image credit: http://img2.wikia.nocookie.net/__cb20141223073430/metalgear/images/thumb/4/49/Ocelot%28PP%29.png/280px-Ocelot%28PP%29.png Revolver Ocelot first appeared in 1998’s Metal Gear Solid. He also has a doppelganger, “ Liquid Ocelot ,” who is Ocelot possessed by Liquid Snake. Liquid Ocelot is introduced in Metal Gear Solid 2 . Revolver Ocelot’s sexuality has been much debated (see here , here , here , and here ), with some asserting that he is in love with Big Boss, he flirts with him, or their relationship is homoerotic. Others see them as just two men who have a lot of mutual respect for each other (see this video for example). There is also an Easter Egg (requiring the player to not press anything when Liquid Ocelot has Snake in a head lock) where Ocelot kisses Snake on the cheek. Allowing this to happens earns the player the “you’re pretty good” trophy for the ga",,2026-08-22
Otacon,Metal Gear Solid; Metal Gear Solid 2: Sons of Liberty; Metal Gear Solid 3: Snake Eater; Metal Gear Solid: Peace Walker,1998; 2001; 2004; 2010,https://lgbtqgamearchive.com/2015/09/11/otacon,Otacon in Metal Gear Solid,1990s; Gay; Gay (implicit); Queer Men,character_candidate,yes,already_registered,"Otacon. Image credit http://metalgear.wikia.com/wiki/Hal_Emmerich Otacon, or Dr. Hal Emmerich, first appeared in Metal Gear Solid in 1998 and is a close friend to Solid Snake. There is a great deal of suspicion that he and Snake are “ more than friends ” (see a full list of evidence identified here, and the comment section here ). The U.S. voice actors for the English version of the game have said there is something homoerotic about their scenes together (see here and here ), though David Hayter, Snake’s voice actor, refers to Otacon as Snake’s platonic gay sidekick . LGBTQ References in this series: Metal Gear Solid (1998): Ocelot ; Otacon Metal Gear Solid 2: Sons of Liberty (2001): Vamp ; Scott Dolph ; Raiden Metal Gear Solid 3: Snake Eater (2004): Raikov and Volgin Metal Gear Solid: Peace Walker (2010): Strangelove ; Kaz Citations: 1Up Staff. (2008, July 9). An Open Letter from David ",,2026-08-22
Raiden,Metal Gear Solid; Metal Gear Solid 2: Sons of Liberty; Metal Gear Solid 3: Snake Eater; Metal Gear Solid: Peace Walker,1998; 2001; 2004; 2010,https://lgbtqgamearchive.com/2015/09/11/raiden,Raiden in Metal Gear Solid 2: Sons of Liberty,2000s; Playable Character; Queer Men; Queerly Read/Rumored,queer_reading_candidate,no,queer_reading_candidate,"Raiden Image credit http://en.wikipedia.org/wiki/Raiden_(Metal_Gear) Raiden first appeared in Metal Gear Solid 2 . He has been read as a potentially gay characte r, as he is described as effeminate and Vamp flirts with him. The fact that Raiden has a girlfriend and child, however, are used to demonstrate his heterosexuality (see here , for example). Some have also argued that Raikov , an explicitly gay character, is meant to be a parody of Raiden. An extended analysis of this is provided by John Brindle here . While Raiden may certainly be a character than can be queerly read (Youngblood, 2013), there isn’t enough evidence to classify him as implicitly gay. LGBTQ References in this series: Metal Gear Solid (1998): Ocelot ; Otacon Metal Gear Solid 2: Sons of Liberty (2001): Vamp ; Scott Dolph ; Raiden Metal Gear Solid 3: Snake Eater (2004): Raikov and Volgin Metal Gear Solid: Peace Walker",,2026-08-22
Raikov,Metal Gear Solid; Metal Gear Solid 2: Sons of Liberty; Metal Gear Solid 3: Snake Eater; Metal Gear Solid: Peace Walker,1998; 2001; 2004; 2010,https://lgbtqgamearchive.com/2015/09/11/raikov,Raikov Metal Gear Solid 3: Snake Eater,2000s; Gay; Gay (explicit); Queer Men,character_candidate,yes,already_registered,"Screen Shot. Image credit: http://gaygamer.net/2008/06/metal_gear_solid_gay_gay_gay.html Major Raikov first appeared in Metal Gear Solid 3 and, as the screen shot above shows, is the lover of Colonel Volgin (his commanding officer). Raikov is said to be a parody of Raiden (see here and here ), and (unlike Raiden) is represented as explicitly gay. Although his sexuality is not actually stated, Raikov does seem to be intentionally coded as a gay character. For example, heterosexual pornography that can be used to stun most enemy NPCs has no effect on him . He is also often portrayed as wearing thong underwear with Volgin’s symbol, a lightening bolt, in the video on this page. LGBTQ References in this series: Metal Gear Solid (1998): Ocelot ; Otacon Metal Gear Solid 2: Sons of Liberty (2001): Vamp ; Scott Dolph ; Raiden Metal Gear Solid 3: Snake Eater (2004): Raikov and Volgin Metal Gear So",,2026-08-22
Scott Dolph,Metal Gear Solid; Metal Gear Solid 2: Sons of Liberty; Metal Gear Solid 3: Snake Eater; Metal Gear Solid: Peace Walker,1998; 2001; 2004; 2010,https://lgbtqgamearchive.com/2015/09/11/scott-dolph,Scott Dolph in Metal Gear Solid 2: Sons of Liberty,2000s; Bisexual; Bisexual (implicit); Queer Men,character_candidate,yes,already_registered,"Scott Dolph Image credit http://metalgear.wikia.com/wiki/Scott_Dolph Commandant Scott Dolph (USMC) appears in Metal Gear Solid 2 . Is it stated that he is Vamp’s lover, but Dolph’s sexuality is not explicitly stated. It is rumored that he is bisexual , because he had a relationship with Vamp while he was still married to his wife (see also here ). Without confirmation, we are listing him as bisexual implicit. LGBTQ References in this series: Metal Gear Solid (1998): Ocelot ; Otacon Metal Gear Solid 2: Sons of Liberty (2001): Vamp ; Scott Dolph ; Raiden Metal Gear Solid 3: Snake Eater (2004): Raikov and Volgin Metal Gear Solid: Peace Walker (2010): Strangelove ; Kaz Citations: Dickens, D. (2011, May 9). 16 LGBT video game characters. Buzzfeed. http://www.buzzfeed.com/donnad/16-lgbt-video-game-characters#.eg6GwOpLqj Doop. (n.d.). Top 10 LGBT Video Game Characters: #6 – Vamp. GayNerds. http",,2026-08-22
Strangelove,Metal Gear Solid; Metal Gear Solid 2: Sons of Liberty; Metal Gear Solid 3: Snake Eater; Metal Gear Solid: Peace Walker,1998; 2001; 2004; 2010,https://lgbtqgamearchive.com/2015/09/11/strangelove,Strangelove in Metal Gear Solid: Peace Walker,2010s; Lesbian; Lesbian (explicit); Queer Women,character_candidate,yes,already_registered,"Strangelove Image Credit: http://metalgear.wikia.com/wiki/Strangelove?file=Strangelove.jpg Strangelove is an AI researcher who first appears in Metal Gear Solid: Peace Walker . She is described as a lesbian, or possibly bisexual. For example, she says “naked men are not my cup of tea” and rubs sunscreen (suggestively) on a female character. She appears to have some sort of relationship or attraction to The Boss, as scene in the video below. She is also likely the mother of Otacon , and it is indicated that she has some sort of relationship with his father Huey Emmerich . LGBTQ References in this series: Metal Gear Solid (1998): Ocelot ; Otacon Metal Gear Solid 2: Sons of Liberty (2001): Vamp ; Scott Dolph ; Raiden Metal Gear Solid 3: Snake Eater (2004): Raikov and Volgin Metal Gear Solid: Peace Walker (2010): Strangelove ; Kaz Citations : Ho Yay: Metal Gear. (n.d.) Retrieved from http://",,2026-08-22
Tatsuma Hiyuu,Tokyo Majin Gakuen: Ken Kaze Tobari,1998,https://lgbtqgamearchive.com/2018/08/27/tatsuma-hiyuu,Tatsuma Hiyuu,1990s; Characters; Games by Decade; Optional Relationship; Relationships/Romance/Sex,character_candidate,no,needs_character_review,"Image credit: Screenshot. (2014, October 5). Tokyo Majin Gakuen: Ken Kaze Tobari. Retrieved from https://www.giantbomb.com/tokyo-majin-gakuen-ken-kaze-tobari/3030-33483/images/ The player-character is able to end up with any one of over twenty characters that join the adventure, regardless of their gender. Although many of the male characters’ endings are platonic, there are often subtle hints suggesting romantic interest. Kyouichi Houraiji is the only male character who openly declares his love for the player-character in his ending. LGBTQ References in this game : Tatsuma Hiyuu Kyouichi Houraiji Moroha Kirishima Citations​: (n.d.). Anime / Tokyo Majin. tvtropes. Retrieved from https://tvtropes.org/pmwiki/pmwiki.php/Anime/TokyoMajin (n.d.). Characters / Tokyo Majin. tvtropes. Retrieved from https://tvtropes.org/pmwiki/pmwiki.php/Characters/TokyoMajin",,2026-08-22
Vamp,Metal Gear Solid; Metal Gear Solid 2: Sons of Liberty; Metal Gear Solid 3: Snake Eater; Metal Gear Solid: Peace Walker,1998; 2001; 2004; 2010,https://lgbtqgamearchive.com/2015/09/11/vamp,Vamp in Metal Gear Solid 2: Sons of Liberty,2000s; Bisexual; Bisexual (explicit); Queer Men,character_candidate,yes,already_registered,"Vamp Image credit: http://www.buzzfeed.com/donnad/16-lgbt-video-game-characters#.eg6GwOpLqj Vamp was introduced in Metal Gear Solid 2: Sons of Liberty as an antagonist. As Snake explains to Raiden at one point in the game, Vamp is bisexual and the former lover of Scott Dolph . Vamp is also “very close” but “more than friends” with Dolph’s daughter Fortune. LGBTQ References in this series: Metal Gear Solid (1998): Ocelot ; Otacon Metal Gear Solid 2: Sons of Liberty (2001): Vamp ; Scott Dolph ; Raiden Metal Gear Solid 3: Snake Eater (2004): Raikov and Volgin Metal Gear Solid: Peace Walker (2010): Strangelove ; Kaz Citations: Dickens, D. (2011, May 9). 16 LGBT video game characters. Buzzfeed. http://www.buzzfeed.com/donnad/16-lgbt-video-game-characters#.eg6GwOpLqj Doop. (n.d.). Top 10 LGBT Video Game Characters: #6 – Vamp. GayNerds. http://gay-nerds.com/site/videogames/top-10-lgbt-video-gam",,2026-08-22
Volgin,Metal Gear Solid; Metal Gear Solid 2: Sons of Liberty; Metal Gear Solid 3: Snake Eater; Metal Gear Solid: Peace Walker,1998; 2001; 2004; 2010,https://lgbtqgamearchive.com/2015/09/11/volgin,Volgin in Metal Gear Solid 3: Snake Eater,2000s; Bisexual; Bisexual (explicit); Queer Men,character_candidate,yes,already_registered,"Volgin Image Credit: http://metalgear.wikia.com/wiki/Yevgeny_Borisovitch_Volgin Colonel Volgin is a character in Metal Gear Solid 3 , who is the lover of Major Raikov (his subordinate). He is described as bisexual and a “man of broad tastes.” In MSG3, Snake disguises himself as Raikov. When he encounters Volgin, Volgin grabs Snake’s crotch, which is how he realizes that the man is not actually Raikov. He then beats him for hurting Raikov. This can be seen in the video below. LGBTQ References in this series: Metal Gear Solid (1998): Ocelot ; Otacon Metal Gear Solid 2: Sons of Liberty (2001): Vamp ; Scott Dolph ; Raiden Metal Gear Solid 3: Snake Eater (2004): Raikov and Volgin Metal Gear Solid: Peace Walker (2010): Strangelove ; Kaz Citations: Are Raikov and Volgin gay? (n.d.) Retrieved from http://www.ign.com/boards/threads/are-raikov-and-volgin-gay.146590869 Fruit Brute. (2006, July 12).",,2026-08-22
Ally Support,Fire Emblem: Thracia 776; Fire Emblem: Rekka no Ken; Fire Emblem: Sacred Stones; Fire Emblem: Path of Radiance; Fire Emblem: Radiant Dawn; Fire Emblem: Awakening; Fire Emblem Fates; Fire Emblem Echoes: Shadows of Valentia; Fire Emblem Heroes; Fire Emblem: Three Houses; Fire Emblem Three Houses: Cindered Shadows,1999; 2003; 2004; 2005; 2007; 2012; 2015; 2017; 2017; 2019; 2020,https://lgbtqgamearchive.com/?p=12637,Ally Support in Fire Emblem Heroes,2010s; Games by Decade; Relationships/Romance/Sex,non_character_reference,no,non_character_reference,Image Credit: Retrieved from https://community.gamepress.gg/t/flying-bois-get-married/74736 Ally Support is a feature in Fire Emblem Heroes that allows players to form partnerships between their units. Supports can rank all the way up to S rank where a cutscene showing the two units blushing together plays (as seen here ). This can be done with any units regardless of gender. LGBTQ references in this game series : Fire Emblem: Thracia 776 (1999): Marty and Dagdar Fire Emblem: The Blazing Blade (2003): Bramimond ; Florina and Lyndis ; Legault ; Lucius and Raven Fire Emblem: Sacred Stones (2004): Ephraim and Lyon ; Joshua and Gerik Fire Emblem: Path of Radiance (2005): Ike and Soren ; Jill and Mist ; Reyson and Tibarn ; Sigrun and Tanith Fire Emblem: Radiant Dawn (2007): Elincia and Lucia ; Heather ; Jill and Mist ; Joke about Ike and Sothe ; Kyza ; Ranulf Fire Emblem Awakening (2012): Gay,,2026-08-22
Big Gay Al,South Park Rally,1999,https://lgbtqgamearchive.com/2015/08/31/big-gay-al-in-south-park-rally,Big Gay Al in South Park Rally,1990s; Gay; Gay (explicit); Intertextual Reference; Queer Men,character_candidate,yes,already_registered,"Big Gay Al Image credit http://www.igcd.net/vehicle.php?id=8843&PHPSESSID= Big Gay Al is a flamboyant and overly stereotypical gay man from the show South Park. His first major appearance in the South Park video games is in South Park Rally (though he has very minor appearance in South Park: The Stick of Truth). One of the race courses in the game is Big Gay Al’s Animal Sanctuary. You can see him race in the video below. Citations: Big Gay Al (n.d.). Retrieved from http://spsot.wikia.com/wiki/Big_Gay_Al Big Gay Al (n.d.). Retrieved from http://southpark.wikia.com/wiki/Big_Gay_Al rubinho146. (2012, April 7). South Park Rally PC MODS: Big gay Al’s Black Car. YouTube. https://www.youtube.com/watch?v=vuj743OQVtA South Park Rally. (n.d.). Retrieved from https://en.wikipedia.org/wiki/South_Park_Rally",,2026-08-22
Billy and Brad,Wild Arms 2,1999,https://lgbtqgamearchive.com/2015/08/26/billy-and-brad-in-wild-arms-2,Billy and Brad in Wild Arms 2,1990s; Queer Men; Queerly Read/Rumored,queer_reading_candidate,no,queer_reading_candidate,"Brad Image Credit: http://wildarms.wikia.com/wiki/Brad_Evans Brad Evans is one of the playable characters in Wild Arms 2 . He was imprisoned as a war criminal, but rescued by the ARMS team to fight Odessa. His close relationship to fellow soldier Brad is often read queerly . Other sites suggest this reading is based on a poor translation of the game. There is no clear answer in the debates, and the script we have found does not indicate their sexuality directly. Citations: Billy Pilder. (n.d.). Retrieved from http://wildarms.wikia.com/wiki/Billy_Pilder Brad Evans. (n.d.). Retrieved from http://wildarms.wikia.com/wiki/Brad_Evans Fruite Brute. (2006, July 17). Top twenty gayest video game characters – Brad. GayGamer.Net http://gaygamer.net/2006/07/top_20_gayest_video_game_chara_11.html Unos Hamablos. (2007, November 22). Wild ARMs2- Game Script. Game FAQs. http://www.gamefaqs.com/ps/913703",,2026-08-22
Bramimond,Fire Emblem: Thracia 776; Fire Emblem: Rekka no Ken; Fire Emblem: Sacred Stones; Fire Emblem: Path of Radiance; Fire Emblem: Radiant Dawn; Fire Emblem: Awakening; Fire Emblem Fates; Fire Emblem Echoes: Shadows of Valentia; Fire Emblem Heroes; Fire Emblem: Three Houses; Fire Emblem Three Houses: Cindered Shadows,1999; 2003; 2004; 2005; 2007; 2012; 2015; 2017; 2017; 2019; 2020,https://lgbtqgamearchive.com/?p=12600,Bramimond in Fire Emblem: The Blazing Blade,2000s; Agender; Characters; Games by Decade,character_candidate,no,needs_character_review,"Image Credit: Retrieved from https://fireemblem.fandom.com/wiki/Bramimond Bramimond, otherwise known as Bramimond the Enigma, is an NPC in Fire Emblem: The Blazing Blade . They were assigned male at birth, but due to their usage and mastery of dark magic, they no longer have any gender or personality. Instead, they reflect the personality and voice of the person speaking to them. Because of this, we have classified them as Agender. LGBTQ references in this game series : Fire Emblem: Thracia 776 (1999): Marty and Dagdar Fire Emblem: The Blazing Blade (2003): Bramimond ; Florina and Lyndis ; Legault ; Lucius and Raven Fire Emblem: Sacred Stones (2004): Ephraim and Lyon ; Joshua and Gerik Fire Emblem: Path of Radiance (2005): Ike and Soren ; Jill and Mist ; Reyson and Tibarn ; Sigrun and Tanith Fire Emblem: Radiant Dawn (2007): Elincia and Lucia ; Heather ; Jill and Mist ; Joke about Ike an",,2026-08-22
Byleth Pairings and Controversy,Fire Emblem: Thracia 776; Fire Emblem: Rekka no Ken; Fire Emblem: Sacred Stones; Fire Emblem: Path of Radiance; Fire Emblem: Radiant Dawn; Fire Emblem: Awakening; Fire Emblem Fates; Fire Emblem Echoes: Shadows of Valentia; Fire Emblem Heroes; Fire Emblem: Three Houses; Fire Emblem Three Houses: Cindered Shadows,1999; 2003; 2004; 2005; 2007; 2012; 2015; 2017; 2017; 2019; 2020,https://lgbtqgamearchive.com/?p=12272,Byleth Pairings and Controversy in Fire Emblem: Three Houses,2010s; 2020s; Add on content; Bisexual; Bisexual (explicit); Bisexual (implicit); Changed in localization; Characters; Games by Decade; Optional Relationship; Playable Character; Queer Men; Queer Women; Queerly Read/Rumored; Relationships/Romance/Sex,queer_reading_candidate,no,queer_reading_candidate,"Image Credit: Retrieved from https://fireemblemwiki.org/wiki/Byleth Byleth is the main protagonist of Fire Emblem: Three Houses . Like other games in the series, the player character is able to romance (S-rank) other in-game characters. Until the release of Fire Emblem Fates , players were unable to have same-sex romances. However, the options within Fates faced ire and controversy. Although Three Houses has added more same-sex romances for the player character, they still face similar ire and controversy. Image Credit: Retrieved from @TheCyanYoh at https://twitter.com/TheCyanYoh/status/1150187787410452481 The above image from Twitter user @TheCyanYoh compiles the available same-sex S-rank options for Female and Male Byleth (F!Byleth and M!Byleth respectively) at the game’s launch on July 26th, 2019. The text underneath each character shows positives and negatives to each option that oth",,2026-08-22
Cherry,Fighter Destiny 2,1999,https://lgbtqgamearchive.com/2016/05/10/cherry-in-fighters-destiny,Cherry in Fighters Destiny,1990s; Changed in localization; Characters; Cross-dressing; Gender non-conforming; Playable Character,character_candidate,no,needs_character_review,"Cherry, Image credit: http://gamersgeneration.forumotion.com/t425-fighters-destiny-fighters-destiny-2 Cherry is an unlockable enemy character in Fighter Destiny 2 who, at least in the Japanese version of the game, was coded as a drag queen character. In the original game Cherry, according to one review, speaks “with a camp but unmistakably masculine voice” ( Szczepaniak, 2011 ). When the game was localized for the U.S., however, Cherry’s voice over was provided by a female voice actor. You can see a video of Cherry in action here. Accounts of how to access this character differ. One site says to access Cherry the player needs to beat the game (against the computer) with Pierre and then playing the game in survival mode and beating at least 100 characters. Another site says to simply “play as Pierre and beat Survival Mode.” Once defeated, Cherry becomes a playable character. Citations: Ah",,2026-08-22
Cop,The Longest Journey,1999,https://lgbtqgamearchive.com/2015/08/26/cop-in-the-longest-journey,Cop in The Longest Journey,1990s; Gay; Gay (explicit); Queer Men,character_candidate,yes,already_registered,"Cop Image credit http://tlj.wikia.com/wiki/Gay_Cop In The Longest Journey , the protagonist April tries to flirt with a cop to get him away from a hovercraft wreck she needs to explore. He responds to his by saying “Sorry ma’am, but I’m gay. Now–move along.” This can also be seen in the video below. LGBTQ references in this game : Fiona and Mickey Cop Citations: Gay Cop. (n.d.). Retrieved from http://tlj.wikia.com/wiki/Gay_Cop LGBT characters in video games. (n.d.). Retrieved from http://en.wikipedia.org/wiki/LGBT_characters_in_video_games Onehp. (2008, November 23). TLJ – Gay Cop Dialogue. YouTube. https://www.youtube.com/watch?v=WLsRNNq_YIs",,2026-08-22
Cybil Bennet,Silent Hill,1999,https://lgbtqgamearchive.com/2015/08/31/cybil-bennet-in-silent-hill,Cybil Bennet in Silent Hill,1990s; Queer Women; Queerly Read/Rumored,queer_reading_candidate,no,queer_reading_candidate,"Cybil Image credit http://gaygamer.net/2006/07/top_20_gayest_video_game_chara_3.html Cybil Bennet is a police officer in Silent Hill. According to some lists, she is coded as a lesbian character. This may be even more obvious in the film adaptation of the game. There appears to be no explicit indication of her sexuality in the game, however. Citations: Cybil Bennett (film). (n.d.). Retrieved from http://silenthill.wikia.com/wiki/Cybil_Bennett_(film) Fruit Brute. (2006, July 8). Top 20 gayest video game characters #18. GayGamer. http://gaygamer.net/2006/07/top_20_gayest_video_game_chara_3.html",,2026-08-22
Elincia and Lucia,Fire Emblem: Thracia 776; Fire Emblem: Rekka no Ken; Fire Emblem: Sacred Stones; Fire Emblem: Path of Radiance; Fire Emblem: Radiant Dawn; Fire Emblem: Awakening; Fire Emblem Fates; Fire Emblem Echoes: Shadows of Valentia; Fire Emblem Heroes; Fire Emblem: Three Houses; Fire Emblem Three Houses: Cindered Shadows,1999; 2003; 2004; 2005; 2007; 2012; 2015; 2017; 2017; 2019; 2020,https://lgbtqgamearchive.com/?p=12619,Elincia and Lucia in Fire Emblem: Radiant Dawn,2000s; Bisexual; Bisexual (implicit); Characters; Games by Decade; Lesbian; Lesbian (implicit); Playable Character; Queer Women,character_candidate,yes,already_registered,"Image Credit: Retrieved from https://killapenguin.com/progresslog/fire-emblem-radiant-dawn-progress-log-13/ Elincia and Lucia are two playable characters in Fire Emblem: Path of Radiance and Fire Emblem: Radiant Dawn . They have a very close bond, as Lucia serves as Elincia’s adviser after the events of Path of Radiance . In Radiant Dawn , Lucia’s generic ending has the following text: Tireless Advisor (女王の姉妹 Joō no shimai , lit. Sister of the Queen) Where the queen went, Lucia followed. Their love was fabled to be stronger than even most blood sisters. Fans have read this queerly , and we are unaware of what the original Japanese text says, so if you know, please feel free to contact us . However, because of their deep bond and the usage of “love” in Lucia’s ending, as well as the fact that Lucia can also have a paired ending with Bastian, we have classified Lucia as Bisexual Implicit a",,2026-08-22
Ephraim and Lyon,Fire Emblem: Thracia 776; Fire Emblem: Rekka no Ken; Fire Emblem: Sacred Stones; Fire Emblem: Path of Radiance; Fire Emblem: Radiant Dawn; Fire Emblem: Awakening; Fire Emblem Fates; Fire Emblem Echoes: Shadows of Valentia; Fire Emblem Heroes; Fire Emblem: Three Houses; Fire Emblem Three Houses: Cindered Shadows,1999; 2003; 2004; 2005; 2007; 2012; 2015; 2017; 2017; 2019; 2020,https://lgbtqgamearchive.com/?p=12607,Ephraim and Lyon in Fire Emblem: Sacred Stones,2000s; Bisexual; Bisexual (implicit); Changed in localization; Characters; Games by Decade; Playable Character; Queer Men,character_candidate,yes,already_registered,"Image Credit: Retrieved from https://feheroes.gamepedia.com/Ephraim:_Dynastic_Duo Ephraim and Lyon are both characters from Fire Emblem: Sacred Stones . Ephraim is one of the two playable protagonists while Lyon is the main antagonist of the game. The two grew up as close childhood friends, alongside Ephraim’s twin sister, Eirika. Fans have read their relationship to be possibly romantic rather than friendly, and Lyon’s appearance as a long purple-haired character adds to Fire Emblem’s history of coding long purple-haired male characters as gay or bisexual. Ephraim and Lyon also appear in Fire Emblem Heroes , both as individual units, as well as a special Duo unit where the two fight side by side. This has been taken as further implying possible romance between the two, as seen here . In a tumblr post by fe-according-to-japan , an analysis of the Japanese dialogue between Lyon and Eirika",,2026-08-22
Fiona and Mickey,The Longest Journey,1999,https://lgbtqgamearchive.com/2015/08/26/fiona-and-mickey-from-the-longest-journey,Fiona and Mickey from The Longest Journey,1990s; Lesbian; Lesbian (explicit); Queer Women,character_candidate,yes,already_registered,"Fiona Image credit: http://tlj.wikia.com/wiki/Fiona Mickey Image Credit: http://tlj.wikia.com/wiki/Mickey In The Longest Journey , the protagonist April lives in the Border House. This boarding house is run by a lesbian couple: Fiona and Mickey . They are explicitly a couple in the game, and have run the Border House together for approximately 15 years. There are many places the player can hear more about their relationship (e.g., this video ). Screenshot Image credit: http://gaygamer.net/2011/01/gay_characters_the_longest_jou.html LGBTQ references in this game : Fiona and Mickey Cop Citations: Fiona. (n.d.). Retreived from http://tlj.wikia.com/wiki/Fiona LGBT characters in video games. (n.d.). Retrieved from http://en.wikipedia.org/wiki/LGBT_characters_in_video_games Mikey. (n.d.). Retrieved from http://tlj.wikia.com/wiki/Mickey PredandBeranie. (2013, March 20). The Longest Journey Walk",,2026-08-22
Florina and Lyndis,Fire Emblem: Thracia 776; Fire Emblem: Rekka no Ken; Fire Emblem: Sacred Stones; Fire Emblem: Path of Radiance; Fire Emblem: Radiant Dawn; Fire Emblem: Awakening; Fire Emblem Fates; Fire Emblem Echoes: Shadows of Valentia; Fire Emblem Heroes; Fire Emblem: Three Houses; Fire Emblem Three Houses: Cindered Shadows,1999; 2003; 2004; 2005; 2007; 2012; 2015; 2017; 2017; 2019; 2020,https://lgbtqgamearchive.com/2016/09/05/florina-and-lyndis-in-fire-emblem-blazing-sword-rekka-no-ken,Florina and Lyndis in Fire Emblem: Blazing Sword (Rekka no Ken),2000s; Games by Decade; Lesbian; Lesbian (implicit); Optional Relationship; Playable Character; Queer Women; Relationships/Romance/Sex,character_candidate,yes,already_registered,"Image of Lyndis and Florina: https://i.ytimg.com/vi/aGOt4-tpnQ0/hqdefault.jpg Lyn (or Lyndis) and Florina are playable characters in Fire Emblem: Blazing Sword (Rekka no Ken). During their paired ending , Lyn asks Florina to come spend “forever” with her. Some fans of the game have interpreted the avowed “ friendship ” between the two as code for romantic feelings. LGBTQ references in this game series : Fire Emblem: Thracia 776 (1999): Marty and Dagdar Fire Emblem: The Blazing Blade (2003): Bramimond ; Florina and Lyndis ; Legault ; Lucius and Raven Fire Emblem: Sacred Stones (2004): Ephraim and Lyon ; Joshua and Gerik Fire Emblem: Path of Radiance (2005): Ike and Soren ; Jill and Mist ; Reyson and Tibarn ; Sigrun and Tanith Fire Emblem: Radiant Dawn (2007): Elincia and Lucia ; Heather ; Jill and Mist ; Joke about Ike and Sothe ; Kyza ; Ranulf Fire Emblem Awakening (2012): Gay Jokes and ",,2026-08-22
Forrest,Fire Emblem: Thracia 776; Fire Emblem: Rekka no Ken; Fire Emblem: Sacred Stones; Fire Emblem: Path of Radiance; Fire Emblem: Radiant Dawn; Fire Emblem: Awakening; Fire Emblem Fates; Fire Emblem Echoes: Shadows of Valentia; Fire Emblem Heroes; Fire Emblem: Three Houses; Fire Emblem Three Houses: Cindered Shadows,1999; 2003; 2004; 2005; 2007; 2012; 2015; 2017; 2017; 2019; 2020,https://lgbtqgamearchive.com/2019/03/08/forrest-in-fire-emblem-fates,Forrest in Fire Emblem Fates,2010s; Characters; Games by Decade; Gender non-conforming; Queerly Read/Rumored,queer_reading_candidate,no,queer_reading_candidate,"Image credit: https://fireemblem.fandom.com/wiki/Forrest_(Fates) ?file=Foleo_portrait.png Forrest is one of the 2nd-generation child units the player can recruit to their army once his father, Leo, has an S-rank with another female unit in your army. According to in-game support dialogue (pasted below), Forrest identifies as a heterosexual cisgender man, while not conforming to traditional gender roles/norms. Fans however have queerly read him to be trans or queer in other ways. Corrin: I’ve never met anyone like you, and I’m curious: Do you prefer boys or girls? Forrest: *giggle* Romantically speaking you mean? Girls, exclusively. I can’t imagine why you would have been confused on that point. Forrest: Corrin … do you think I’m strange? Because of my interests and clothing that is. It’s not that I consider myself to be a girl. Far from it. But I see darling things such as this bracelet,",,2026-08-22
game series,Fire Emblem: Thracia 776; Fire Emblem: Rekka no Ken; Fire Emblem: Sacred Stones; Fire Emblem: Path of Radiance; Fire Emblem: Radiant Dawn; Fire Emblem: Awakening; Fire Emblem Fates; Fire Emblem Echoes: Shadows of Valentia; Fire Emblem Heroes; Fire Emblem: Three Houses,1999; 2003; 2004; 2005; 2007; 2012; 2015; 2017; 2017; 2019,https://lgbtqgamearchive.com/game-series/fire-emblem-series,Fire Emblem Series,,non_character_reference,no,non_character_reference,"Year: 1990 Publisher: Nintendo Developer: Intelligent Systems Country: Japan Genre: Tactical role-playing Platform: Various Image credit: “Fire Emblem Awakening gameplay” by Source (WP:NFCC#4). Licensed under Fair use via Wikipedia – https://en.wikipedia.org/wiki/File:Fire_Emblem_Awakening_gameplay.jpg#/media/File:Fire_Emblem_Awakening_gameplay.jpg Fire Emblem, a tactical role-playing video game franchise set within a Medieval time period across fictional continents, was developed by Intelligent Systems and published by Nintendo. It now consists of 15 games across multiple game systems. Its RPG simulation is based on the tactical movement of characters across grid-based environments while incorporating a story, characters, and decision making similar to a traditional RPG video game. Gameplay is notable for the permanent death of characters and their subsequent removal from all action. Th",,2026-08-22
Gay Jokes and Queerness,Fire Emblem: Thracia 776; Fire Emblem: Rekka no Ken; Fire Emblem: Sacred Stones; Fire Emblem: Path of Radiance; Fire Emblem: Radiant Dawn; Fire Emblem: Awakening; Fire Emblem Fates; Fire Emblem Echoes: Shadows of Valentia; Fire Emblem Heroes; Fire Emblem: Three Houses; Fire Emblem Three Houses: Cindered Shadows,1999; 2003; 2004; 2005; 2007; 2012; 2015; 2017; 2017; 2019; 2020,https://lgbtqgamearchive.com/?p=12622,Gay Jokes and Queerness in Fire Emblem Awakening,2010s; Add on content; Bisexual; Bisexual (explicit); Bisexual (implicit); Changed in localization; Characters; Games by Decade; Gay; Gay (implicit); Gender non-conforming; Homophobia; Homophobia/Transphobia; Intertextual Reference; Playable Character; Queer Men; Queer Women; Transgender; Transgender (implicit); Transphobia,character_candidate,no,needs_character_review,"Image Credit: Retrieved from https://www.youtube.com/watch?v=yzbUxGYWs6k Fire Emblem Awakening has a large amount of content dealing with possible queerness with its characters and their interactions with one another. This content often revolves around humor, but sometimes doesn’t. The following is a list of this content and if and why we have classified this content a certain way: Excellus is an enemy character who uses female pronouns and styles of speaking in the Japanese version of the game. This was changed in localization, but with other characters like Kyza and Leon having similar changes, this leads us to classify Excellus as Gay Implicit and Transgender Woman Implicit. It is also worth noting that Aversa says that Excellus is a eunuch, which could be a transphobic joke implying Excellus is a trans woman. Libra is a playable male character who is often mistaken for a woman. This ",,2026-08-22
Heather,Fire Emblem: Thracia 776; Fire Emblem: Rekka no Ken; Fire Emblem: Sacred Stones; Fire Emblem: Path of Radiance; Fire Emblem: Radiant Dawn; Fire Emblem: Awakening; Fire Emblem Fates; Fire Emblem Echoes: Shadows of Valentia; Fire Emblem Heroes; Fire Emblem: Three Houses; Fire Emblem Three Houses: Cindered Shadows,1999; 2003; 2004; 2005; 2007; 2012; 2015; 2017; 2017; 2019; 2020,https://lgbtqgamearchive.com/2017/02/10/heather-in-fire-emblem-path-of-radiance,Heather in Fire Emblem: Radiant Dawn,2000s; Characters; Lesbian; Lesbian (explicit); Playable Character; Queer Women,character_candidate,yes,already_registered,"Image source- Serenes Forest: https://serenesforest.net/gallery/radiant-dawn/ In Fire Emblem: Radiant Dawn , Heather is depicted as a lesbian, having joined the party to meet all of the cute girls. This characterization was directly addressed and defended by the game’s creators in a Q&A on the game’s official site. A player asked why Heather is attracted to women, asking if she had been subjected to some trauma or had some other reason for hating men. The staff response was that perhaps she was just born that way. Source: https://www.nintendo.co.jp/fe/akatsuki_bk/post/answer02.html LGBTQ references in this game series : Fire Emblem: Thracia 776 (1999): Marty and Dagdar Fire Emblem: The Blazing Blade (2003): Bramimond ; Florina and Lyndis ; Legault ; Lucius and Raven Fire Emblem: Sacred Stones (2004): Ephraim and Lyon ; Joshua and Gerik Fire Emblem: Path of Radiance (2005): Ike and Soren ",,2026-08-22
Ike and Soren,Fire Emblem: Thracia 776; Fire Emblem: Rekka no Ken; Fire Emblem: Sacred Stones; Fire Emblem: Path of Radiance; Fire Emblem: Radiant Dawn; Fire Emblem: Awakening; Fire Emblem Fates; Fire Emblem Echoes: Shadows of Valentia; Fire Emblem Heroes; Fire Emblem: Three Houses; Fire Emblem Three Houses: Cindered Shadows,1999; 2003; 2004; 2005; 2007; 2012; 2015; 2017; 2017; 2019; 2020,https://lgbtqgamearchive.com/2016/09/05/ike-and-soren-in-fire-emblem-path-of-radiance,Ike and Soren in Fire Emblem: Path of Radiance,2000s; Games by Decade; Gay; Gay (implicit); Optional Relationship; Playable Character; Queer Men; Relationships/Romance/Sex,character_candidate,yes,already_registered,"Image of Ike and Soren: http://lparchive.org/Fire-Emblem-Path-of-Radiance/Update%2078/7-GFEP01-634.jpg Ike and Soren are playable characters in Fire Emblem: Path of Radiance. If Ike and Soren achieve A-support, there is an ending in which Soren says : “There’s only one place for me to be, Ike… and it’s by your side.” Fans have long speculated about Ike and Soren having a possible romantic relationship, primarily due to a combination of Soren’s unwavering affection for Ike and Ike not being interested in any of his numerous other admirers. The positioning of the two as a couple is slightly more overt in the Japanese release and in some official Japanese-language publications, due to choice of language. In the A-Level support conversation between the two in Fire Emblem: Path of Radiance , Soren tells Ike, “You are the only one that is special to me” (「あなただけが、僕にとって特別になったんです⋯⋯」). Furthermore",,2026-08-22
Jill and Mist,Fire Emblem: Thracia 776; Fire Emblem: Rekka no Ken; Fire Emblem: Sacred Stones; Fire Emblem: Path of Radiance; Fire Emblem: Radiant Dawn; Fire Emblem: Awakening; Fire Emblem Fates; Fire Emblem Echoes: Shadows of Valentia; Fire Emblem Heroes; Fire Emblem: Three Houses; Fire Emblem Three Houses: Cindered Shadows,1999; 2003; 2004; 2005; 2007; 2012; 2015; 2017; 2017; 2019; 2020,https://lgbtqgamearchive.com/?p=10464,Jill and Mist in Fire Emblem: Path of Radiance,2000s; Characters; Games by Decade; Lesbian; Lesbian (implicit); Optional Relationship; Queer Women; Relationships/Romance/Sex,character_candidate,yes,already_registered,"Jill and Mist are two characters from Fire Emblem: Path of Radiance and Fire Emblem: Radiant Dawn. Both characters are given possible supports with men that are romantic in nature, as one person who emailed us pointed out, but during their A-rank conversation (the usual max of support conversation ranks for non-romantic relationships), the two exchange dialogue that could be perceived as a potential WLW relationship (found here: https://www.youtube.com/watch?v=86NMRWU9EVQ ): “Mist… You make all of my worries go away when you’re near me… The world is hard. Hard and cold and… terrible. Even so, you make me… You make me want to keep going.” As the person who emailed us also mentioned, it’s worth noting that it’s possible for Jill to defect to the enemy forces to join her father if she speaks to him in one chapter; however, this defection won’t be possible if she’s had her A rank support wit",,2026-08-22
Jill and Mist,Fire Emblem: Thracia 776; Fire Emblem: Rekka no Ken; Fire Emblem: Sacred Stones; Fire Emblem: Path of Radiance; Fire Emblem: Radiant Dawn; Fire Emblem: Awakening; Fire Emblem Fates; Fire Emblem Echoes: Shadows of Valentia; Fire Emblem Heroes; Fire Emblem: Three Houses; Fire Emblem Three Houses: Cindered Shadows,1999; 2003; 2004; 2005; 2007; 2012; 2015; 2017; 2017; 2019; 2020,https://lgbtqgamearchive.com/2019/01/31/jill-and-mist-in-fire-emblem-path-of-radiance-and-fire-emblem-radiant-dawn,Jill and Mist in Fire Emblem: Path of Radiance,2000s; Characters; Games by Decade; Lesbian; Lesbian (implicit); Optional Relationship; Queer Women; Relationships/Romance/Sex,character_candidate,no,needs_character_review,"Jill and Mist are two characters from Fire Emblem: Path of Radiance and Fire Emblem: Radiant Dawn. Both characters are given possible supports with men that are romantic in nature, as one person who emailed us pointed out, but during their A-rank conversation (the usual max of support conversation ranks for non-romantic relationships), the two exchange dialogue that could be perceived as a potential WLW relationship (found here: https://www.youtube.com/watch?v=86NMRWU9EVQ ): “Mist… You make all of my worries go away when you’re near me… The world is hard. Hard and cold and… terrible. Even so, you make me… You make me want to keep going.” As the person who emailed us also mentioned, it’s worth noting that it’s possible for Jill to defect to the enemy forces to join her father if she speaks to him in one chapter; however, this defection won’t be possible if she’s had her A rank support wit",,2026-08-22
Joke about Ike and Sothe,Fire Emblem: Thracia 776; Fire Emblem: Rekka no Ken; Fire Emblem: Sacred Stones; Fire Emblem: Path of Radiance; Fire Emblem: Radiant Dawn; Fire Emblem: Awakening; Fire Emblem Fates; Fire Emblem Echoes: Shadows of Valentia; Fire Emblem Heroes; Fire Emblem: Three Houses; Fire Emblem Three Houses: Cindered Shadows,1999; 2003; 2004; 2005; 2007; 2012; 2015; 2017; 2017; 2019; 2020,https://lgbtqgamearchive.com/?p=12616,Joke about Ike and Sothe in Fire Emblem: Radiant Dawn,2000s; Games by Decade; Mentions; Mentions (explicit),needs_unit_review,no,needs_unit_review,"Image Credit: Retrieved from https://kantopia.wordpress.com/2018/02/17/fe10-radiant-dawn-localization-ike-father-of-sothes-children-jpn-vs-eng/ In Fire Emblem: Radiant Dawn , Micaiah makes a joke about Sothe’s admiration of Ike, saying that Ike is the “father of Sothe’s children”. This however only appears in the English localization, as Micaiah’s line is not a joke at all in her Japanese dialogue. A full analysis of the change in dialogue can be read here . LGBTQ references in this game series : Fire Emblem: Thracia 776 (1999): Marty and Dagdar Fire Emblem: The Blazing Blade (2003): Bramimond ; Florina and Lyndis ; Legault ; Lucius and Raven Fire Emblem: Sacred Stones (2004): Ephraim and Lyon ; Joshua and Gerik Fire Emblem: Path of Radiance (2005): Ike and Soren ; Jill and Mist ; Reyson and Tibarn ; Sigrun and Tanith Fire Emblem: Radiant Dawn (2007): Elincia and Lucia ; Heather ; Jill a",,2026-08-22
Joshua and Gerik,Fire Emblem: Thracia 776; Fire Emblem: Rekka no Ken; Fire Emblem: Sacred Stones; Fire Emblem: Path of Radiance; Fire Emblem: Radiant Dawn; Fire Emblem: Awakening; Fire Emblem Fates; Fire Emblem Echoes: Shadows of Valentia; Fire Emblem Heroes; Fire Emblem: Three Houses; Fire Emblem Three Houses: Cindered Shadows,1999; 2003; 2004; 2005; 2007; 2012; 2015; 2017; 2017; 2019; 2020,https://lgbtqgamearchive.com/2016/09/05/joshua-and-gerik-in-fire-emblem-sacred-stones,Joshua and Gerik in Fire Emblem: Sacred Stones,2000s; Bisexual; Bisexual (implicit); Games by Decade; Gay; Gay (implicit); Optional Relationship; Playable Character; Queer Men; Relationships/Romance/Sex,character_candidate,yes,already_registered,"Image of Joshua and Gerik: https://i.ytimg.com/vi/L7jL9kEm6S8/maxresdefault.jpg Joshua and Gerik are playable characters in strategy role-playing game Fire Emblem: Sacred Stones. There are a number of different paired endings for characters in the game, and both Joshua and Gerik have endings where they end up with women. However, one possible ending () leads to the two men being paired together as Gerik pledges to spend the rest of his life at Joshua’s side. Some fans have interpreted this ending as further evidence that the two are romantically interested in each other as well due to their in-game rapport . LGBTQ references in this game series : Fire Emblem: Thracia 776 (1999): Marty and Dagdar Fire Emblem: The Blazing Blade (2003): Bramimond ; Florina and Lyndis ; Legault ; Lucius and Raven Fire Emblem: Sacred Stones (2004): Ephraim and Lyon ; Joshua and Gerik Fire Emblem: Path of Radi",,2026-08-22
Kaworu Nagisa,Neon Genesis Evangelion,1999,https://lgbtqgamearchive.com/2015/09/02/kaworu-from-neon-gensis-evangelion,Kaworu from Neon Gensis Evangelion,1990s; Intertextual Reference; Queer Men; Queerly Read/Rumored,queer_reading_candidate,no,queer_reading_candidate,"Kaworu (from animated series) Image credit https://en.wikipedia.org/wiki/Kaworu_Nagisa#/media/File:Eva24DC_Kaworu.jpg Kaworu Nagisa is a character from the Neon Genesis Evangelion series and related franchise media. He is primarily seen in the film that followed the series finale, and the two episodes preceding it. He is one of the Angels, but appears in human (child) form. His first appearance in a game was the Nintendo 64 game. Kaworu’s sexuality is much debated in Evangelion fandom. In the show and even more so in the manga , he does seem to have a more-than-platonic interest in Shinji. If there is any definitive evidence of his sexuality, we have not yet found it. He is certainly a character who can be queerly read, however. Citations: Kaworu Nagisa. (n.d.). Retrieved from https://en.wikipedia.org/wiki/Kaworu_Nagisa Kaworu Nagisa. (n.d.). Retrieved from http://evangelion.wikia.com/wi",,2026-08-22
Kyza,Fire Emblem: Thracia 776; Fire Emblem: Rekka no Ken; Fire Emblem: Sacred Stones; Fire Emblem: Path of Radiance; Fire Emblem: Radiant Dawn; Fire Emblem: Awakening; Fire Emblem Fates; Fire Emblem Echoes: Shadows of Valentia; Fire Emblem Heroes; Fire Emblem: Three Houses; Fire Emblem Three Houses: Cindered Shadows,1999; 2003; 2004; 2005; 2007; 2012; 2015; 2017; 2017; 2019; 2020,https://lgbtqgamearchive.com/2017/02/10/kyza-in-fire-emblem-radiant-dawn,Kyza in Fire Emblem: Radiant Dawn,2000s; Changed in localization; Characters; Games by Decade; Gay; Gay (explicit); Playable Character; Queer Men; Transgender; Transgender (implicit),character_candidate,yes,already_registered,"Image source- Serenes Forest: https://serenesforest.net/gallery/radiant-dawn/ In the Japanese version of Fire Emblem: Radiant Dawn , the character Kyza (Kisa in the Japanese version), a member of the Laguz Beast Tribe, is gay, and openly in love with his superior officer Ranulf. He views himself as a rival with fellow warrior Lyre (a female Laguz) for Ranulf’s affections, though Ranulf would prefer to not be involved in the triangle at all. Kyza is depicted in the Japanese games as being very formal toward others, but when only in the company of Ranulf and Lyre, his speech patterns change to use very strongly feminine Japanese. The character’s depiction is generally used for comic effect, though this characterisation was entirely altered in localization to remove the feminine speech patterns and the attraction to Ranulf. However, according to the Fire Emblem Fandom Wiki, in the Fire Embl",,2026-08-22
Legault,Fire Emblem: Thracia 776; Fire Emblem: Rekka no Ken; Fire Emblem: Sacred Stones; Fire Emblem: Path of Radiance; Fire Emblem: Radiant Dawn; Fire Emblem: Awakening; Fire Emblem Fates; Fire Emblem Echoes: Shadows of Valentia; Fire Emblem Heroes; Fire Emblem: Three Houses; Fire Emblem Three Houses: Cindered Shadows,1999; 2003; 2004; 2005; 2007; 2012; 2015; 2017; 2017; 2019; 2020,https://lgbtqgamearchive.com/?p=12604,Legault in Fire Emblem: The Blazing Blade,2000s; Bisexual; Bisexual (implicit); Characters; Games by Decade; Playable Character; Queer Men,character_candidate,yes,already_registered,"Image Credit: Retrieved from https://fireemblem.fandom.com/wiki/Legault Legault is a playable character in Fire Emblem: The Blazing Blade . He is a purple-haired thief who flirts with various characters. As Fire Emblem as a series has a history of long purple-haired purple-haired characters who are gay or bisexual and sometimes flirty (such as Lyon , Leon , or Yuri ), this comes off as queer coding for Legault. In Legault’s supports, Legault flirts (albeit possibly jokingly) with both Heath (seen here at 5:29) and Matthew (seen here at 0:41) and also (explicitly, seen here at 3:15) with Isadora. He does not have any same-sex paired endings, and his only paired ending is with Isadora. He also comments on Lloyd’s morphed body as being handsome, even as a monster (seen here at 0:36). Because of this, we have classified him as Bisexual Implicit. LGBTQ references in this game series : Fire Em",,2026-08-22
Leon,Fire Emblem: Thracia 776; Fire Emblem: Rekka no Ken; Fire Emblem: Sacred Stones; Fire Emblem: Path of Radiance; Fire Emblem: Radiant Dawn; Fire Emblem: Awakening; Fire Emblem Fates; Fire Emblem Echoes: Shadows of Valentia; Fire Emblem Heroes; Fire Emblem: Three Houses; Fire Emblem Three Houses: Cindered Shadows,1999; 2003; 2004; 2005; 2007; 2012; 2015; 2017; 2017; 2019; 2020,https://lgbtqgamearchive.com/2018/06/21/leon-from-fire-emblem-echoes-shadows-of-valentia,Leon from Fire Emblem Echoes: Shadows of Valentia,2010s; Characters; Games by Decade; Gay; Gay (explicit); Playable Character; Queer Men,character_candidate,yes,already_registered,"Image credit: http://fireemblem.wikia.com/wiki/File:FE_Echoes_Leon.png This information was submitted via email (two separate people). We have included the links we were provided, but if you have additional details please let us know. Leon is an openly gay playable character in Fire Emblem Echoes: Shadows of Valentia, which is a remake of Fire Emblem Gaiden. As indicated by one reader, however, he is not presented as gay in the original game. He loves his companion Valbar, a married, heterosexual male character. This is supported through various conversations and “in-town” dialogues ( here and here ). Some transcripts of this dialogue appear below and were provided by the person who emailed us: “When I was a kid, there was this guy that I was head over heels for. He’s the reason I enlisted, actually. Just so I could stay close to him. He died in the first battle we fought. I cried so har",,2026-08-22
Loki,Fire Emblem: Thracia 776; Fire Emblem: Rekka no Ken; Fire Emblem: Sacred Stones; Fire Emblem: Path of Radiance; Fire Emblem: Radiant Dawn; Fire Emblem: Awakening; Fire Emblem Fates; Fire Emblem Echoes: Shadows of Valentia; Fire Emblem Heroes; Fire Emblem: Three Houses; Fire Emblem Three Houses: Cindered Shadows,1999; 2003; 2004; 2005; 2007; 2012; 2015; 2017; 2017; 2019; 2020,https://lgbtqgamearchive.com/?p=12640,Loki in Fire Emblem Heroes,2010s; Changed in localization; Characters; Games by Decade; Intertextual Reference; Non-binary or genderqueer; Non-binary or Genderqueer (explicit); Playable Character,character_candidate,yes,already_registered,"Image Credit: Retrieved from https://fireemblem.fandom.com/wiki/Loki Loki is an antagonist in Fire Emblem Heroes who is also a playable unit. She is a mischievous trickster who can shapeshift, taking inspiration from the Nordic god of the same name. She is referred to with she/her pronouns in the English version of Heroes but is referred to with gender neutral pronouns in Japanese (a full analysis of pronoun usage can be read here ). Also, despite not gendering her in Japanese, she is gendered as female in Fire Emblem Cipher , the spin-off card game for the Fire Emblem series. Because she is based off of the Nordic god, Loki, who is genderfluid, we have classified her as Non-Binary or Genderqueer Explicit with Intertextual Reference. LGBTQ references in this game series : Fire Emblem: Thracia 776 (1999): Marty and Dagdar Fire Emblem: The Blazing Blade (2003): Bramimond ; Florina and Lynd",,2026-08-22
Lucius and Raven,Fire Emblem: Thracia 776; Fire Emblem: Rekka no Ken; Fire Emblem: Sacred Stones; Fire Emblem: Path of Radiance; Fire Emblem: Radiant Dawn; Fire Emblem: Awakening; Fire Emblem Fates; Fire Emblem Echoes: Shadows of Valentia; Fire Emblem Heroes; Fire Emblem: Three Houses; Fire Emblem Three Houses: Cindered Shadows,1999; 2003; 2004; 2005; 2007; 2012; 2015; 2017; 2017; 2019; 2020,https://lgbtqgamearchive.com/2016/09/05/lucius-and-raven-in-fire-emblem-blazing-sword-rekka-no-ken,Lucius and Raven in Fire Emblem: Blazing Sword (Rekka no Ken),2000s; Games by Decade; Gay; Gay (implicit); Optional Relationship; Playable Character; Queer Men; Relationships/Romance/Sex,character_candidate,yes,already_registered,"Image of Lucius and Raven: http://lparchive.org/Fire-Emblem-Blazing-Sword/Update%2021/30-E07P23.png Lucius and Raven are playable characters in tactical/strategy role-playing game Fire Emblem: Blazing Sword (Rekka no Ken) . Some fans have interpreted the paired ending between the two as having romantic connotations, and this was identified as a possibility in the guidebook to the game. In dialogue during their special ending, Raven also makes a joke about Lucius nagging him enough that he doesn’t have any need for a wife. LGBTQ references in this game series : Fire Emblem: Thracia 776 (1999): Marty and Dagdar Fire Emblem: The Blazing Blade (2003): Bramimond ; Florina and Lyndis ; Legault ; Lucius and Raven Fire Emblem: Sacred Stones (2004): Ephraim and Lyon ; Joshua and Gerik Fire Emblem: Path of Radiance (2005): Ike and Soren ; Jill and Mist ; Reyson and Tibarn ; Sigrun and Tanith Fire ",,2026-08-22
Lukas,Fire Emblem: Thracia 776; Fire Emblem: Rekka no Ken; Fire Emblem: Sacred Stones; Fire Emblem: Path of Radiance; Fire Emblem: Radiant Dawn; Fire Emblem: Awakening; Fire Emblem Fates; Fire Emblem Echoes: Shadows of Valentia; Fire Emblem Heroes; Fire Emblem: Three Houses; Fire Emblem Three Houses: Cindered Shadows,1999; 2003; 2004; 2005; 2007; 2012; 2015; 2017; 2017; 2019; 2020,https://lgbtqgamearchive.com/?p=12634,Lukas in Fire Emblem Echoes: Shadows of Valentia,2010s; Aromantic; Aromantic (implicit); Asexual; Asexual (Implicit); Characters; Games by Decade; Playable Character; Queer Men,character_candidate,yes,already_registered,"Image Credit: Retrieved from https://fireemblem.fandom.com/wiki/Lukas Lukas is a playable character in Fire Emblem Echoes: Shadows of Valentia . A DLC pack added a support chain to the game between Lukas and Python, another playable character. In it, Python expresses jealousy that all the ladies in town keep asking him who the knight in red (Lukas) is. Lukas then tells Python about how he courted a woman “for many a year” back home. In their A support, Lukas expresses that since he parted ways with her, he doesn’t feel any longing to see her again. It’s then that he says, “I sometimes wonder if a vital part of me is broken”. Python supports him by saying that the “one true love” thing isn’t for everyone, and that Lukas can take it at his own pace. This has been read by others to hint at Lukas being asexual or aromantic, as the “being broken” part appears often in asexual/aromantic repres",,2026-08-22
Marty and Dagdar,Fire Emblem: Thracia 776; Fire Emblem: Rekka no Ken; Fire Emblem: Sacred Stones; Fire Emblem: Path of Radiance; Fire Emblem: Radiant Dawn; Fire Emblem: Awakening; Fire Emblem Fates; Fire Emblem Echoes: Shadows of Valentia; Fire Emblem Heroes; Fire Emblem: Three Houses; Fire Emblem Three Houses: Cindered Shadows,1999; 2003; 2004; 2005; 2007; 2012; 2015; 2017; 2017; 2019; 2020,https://lgbtqgamearchive.com/?p=12597,Marty and Dagdar in Fire Emblem: Thracia 776,1990s; Bisexual; Bisexual (implicit); Characters; Games by Decade; Gay; Gay (implicit); Playable Character; Queer Men,character_candidate,yes,already_registered,"Image Credit: Retrieved from https://twitter.com/Ippei_painter/status/1027034723506302982?s=20 Marty and Dagdar are two playable characters in Fire Emblem: Thracia 776 . Though the game was never released outside of Japan, fans have translated the game for play in English. In the fan-translation, Marty has an ending with text as follows: Marty – The Man Whom Dagdar Loved (ダグダが愛した男 Daguda ga aishita otoko ) Returning to Mount Violdrake, Marty reunited with his old friends, and set about restoring the barren land. While somewhat dim-witted, his absentmindedness gave way to a sort of rugged honesty and innocence. His straightforward and uncomplicated nature won him many friends, and he was especially beloved among children. In this reddit thread , Soeda Ippei, an artist who has worked on Fire Emblem Heroes, has his art of Marty and Dagdar displayed. In the comments, there is a discussion ov",,2026-08-22
Michael Doi,Bust-a-Groove 2,1999,https://lgbtqgamearchive.com/2015/09/01/michael-doi-in-bust-a-groove-2,Michael Doi in Bust a Groove 2,1990s; Gay; Gay (explicit); Playable Character; Queer Men,character_candidate,yes,already_registered,"Screenshot Image credit https://www.youtube.com/watch?v=GBbPebeajZ4 Micahel Doi is Kitty-N’s dance instructor in Bust a Groove 2 . In her storyline, it is explained that she had a crush on her dance teacher, Michael, before she learned he was gay (image below). A video of them dancing together can be seen here . He is portrayed as very stereotypically gay in the game. Michael is one of the unlockable playable characters in the game. Screenshot Image credit http://gaygamer.net/2007/03/new_gay_game_character_discove.html Citations: ChocoToken. (2012, August 22). Bust a Grovoe 2: Michael Doi vs. Kitty-N Fruite Brute. (2007, March 21). New Gay Game Character Discovered. GayGamer.Net. http://gaygamer.net/2007/03/new_gay_game_character_discove.html Link. (2008, January 1). The List: Top 10 Gay Gamer Characters. The Healing Touch. https://thehealingtouch.wordpress.com/2008/01/01/the-list-top-10",,2026-08-22
Nina,Fire Emblem: Thracia 776; Fire Emblem: Rekka no Ken; Fire Emblem: Sacred Stones; Fire Emblem: Path of Radiance; Fire Emblem: Radiant Dawn; Fire Emblem: Awakening; Fire Emblem Fates; Fire Emblem Echoes: Shadows of Valentia; Fire Emblem Heroes; Fire Emblem: Three Houses; Fire Emblem Three Houses: Cindered Shadows,1999; 2003; 2004; 2005; 2007; 2012; 2015; 2017; 2017; 2019; 2020,https://lgbtqgamearchive.com/2019/03/08/nina-in-fire-emblem-fates,Nina in Fire Emblem Fates,2010s; Games by Decade; Mentions; Mentions (implicit),needs_unit_review,no,needs_unit_review,"Image credit: https://fireemblem.fandom.com/wiki/Nina/Gallery?file=Nina_Heroes.png Nina is one of the 2nd-generation child units the player can recruit to their army once her father, Niles, has an S-rank with another female unit in your army. As a character, she is known for her obsession with men being more than friends (as shown below with support dialogue text). Because of this, many fans have associated her with loving yaoi (Japanese boy-on-boy love). Corrin: No, of course not. But now I’m curious… What have you been up to, Nina? Nina: Oh, nothing interesting at all. Nothing even worth talking about. I suppose if I had to say SOMETHING, I would say I was…people watching. Corrin: People watching? Nina: Yeah! Like, see that guy over there? The one dripping with sweat from practice? Corrin: Yeah, looks like he had quite a workout. Nina: And then over there, there’s a guy tending to some",,2026-08-22
Non-Byleth Pairings,Fire Emblem: Thracia 776; Fire Emblem: Rekka no Ken; Fire Emblem: Sacred Stones; Fire Emblem: Path of Radiance; Fire Emblem: Radiant Dawn; Fire Emblem: Awakening; Fire Emblem Fates; Fire Emblem Echoes: Shadows of Valentia; Fire Emblem Heroes; Fire Emblem: Three Houses; Fire Emblem Three Houses: Cindered Shadows,1999; 2003; 2004; 2005; 2007; 2012; 2015; 2017; 2017; 2019; 2020,https://lgbtqgamearchive.com/?p=12285,Non-Byleth Pairings in Fire Emblem: Three Houses,2010s; 2020s; Add on content; Asexual; Asexual (Implicit); Bisexual; Bisexual (explicit); Bisexual (implicit); Changed in localization; Characters; Games by Decade; Mentions; Mentions (explicit); Optional Relationship; Playable Character; Queer Men; Queer Women; Relationships/Romance/Sex,character_candidate,no,needs_character_review,"Image Credit: Retrieved from https://www.reddit.com/r/FireEmblemThreeHouses/comments/djcbxh/thats_kinda_gay/ Although Byleth’s sexuality is determined by the player’s actions, other characters have support conversations or paired endings without Byleth that imply or confirm their queerness. The list below goes into details about each specific character who is implied or confirmed to be queer in some way: Dimitri : He has three same-sex paired endings, with none explicitly ending in romance or marriage, but his ending with Dedue could imply queerness in that they were family in private and were buried next to each other. There is also no mention of a queen or children in this ending specifically. We have classified him as Bisexual Implicit. Hubert : He has one same-sex paired ending which does not explicitly mention romance or marriage, but his A+ support with Ferdinand heavily implies fe",,2026-08-22
Queer Readings,Fire Emblem: Thracia 776; Fire Emblem: Rekka no Ken; Fire Emblem: Sacred Stones; Fire Emblem: Path of Radiance; Fire Emblem: Radiant Dawn; Fire Emblem: Awakening; Fire Emblem Fates; Fire Emblem Echoes: Shadows of Valentia; Fire Emblem Heroes; Fire Emblem: Three Houses; Fire Emblem Three Houses: Cindered Shadows,1999; 2003; 2004; 2005; 2007; 2012; 2015; 2017; 2017; 2019; 2020,https://lgbtqgamearchive.com/?p=12631,Queer Readings in Fire Emblem Echoes: Shadows of Valentia,2010s; Characters; Games by Decade; Playable Character; Queerly Read/Rumored,queer_reading_candidate,no,queer_reading_candidate,"Image Credit: Retrieved from https://www.youtube.com/watch?v=tSOre10lEHs There are a few popular queer readings of characters in Fire Emblem Echoes: Shadows of Valentia that do not have conclusive evidence to suggest implied or explicit content. If you have other queer readings you think belong in this post, please let us know. The ones we have found are listed below: Conrad is a playable character in Fire Emblem Echoes: Shadows of Valentia who has an ending that uses the gender-neutral “suitors,” which fans have taken to possibly hint towards both male and female suitors . Some read this as a hint that he may be gay, while others read his rejection of these suitors and not marrying as him being asexual, as seen in the linked GameFAQS thread. Kamui is a playable character in Fire Emblem Echoes: Shadows of Valentia who has a support conversation with Leon where he asks about Leon’s taste ",,2026-08-22
Ranulf,Fire Emblem: Thracia 776; Fire Emblem: Rekka no Ken; Fire Emblem: Sacred Stones; Fire Emblem: Path of Radiance; Fire Emblem: Radiant Dawn; Fire Emblem: Awakening; Fire Emblem Fates; Fire Emblem Echoes: Shadows of Valentia; Fire Emblem Heroes; Fire Emblem: Three Houses; Fire Emblem Three Houses: Cindered Shadows,1999; 2003; 2004; 2005; 2007; 2012; 2015; 2017; 2017; 2019; 2020,https://lgbtqgamearchive.com/2017/02/10/ranulf-in-fire-emblem-radiant-dawn,Ranulf in Fire Emblem: Radiant Dawn,2000s; Characters; Games by Decade; Gay; Gay (implicit); Playable Character; Queer Men,character_candidate,yes,already_registered,"Image source- Serenes Forest: https://serenesforest.net/gallery/radiant-dawn/ Ranulf from Fire Emblem: Path of Radiance and Fire Emblem: Radiant Dawn has been read as a gay character, particularly as a potential love interest for Ike, though the relationship is not nearly as strongly implied as it is for Ike and Soren. Ranulf is one of only two characters (the other being Soren) whose ending in Fire Emblem: Radiant Dawn changes if he has an A-level support with Ike, whereby he disappears from his home to explore the world. It is implied that he travels with Ike, who also leaves to travel the world. If Ranulf dies over the course of the game, his last thoughts are of Ike. Furthermore, the books Fire Emblem: Path of Radiance Memorial Book Tellius Recollection: The First Volume (2016) and Fire Emblem: Radiant Dawn Memorial Book Tellius Recollection: The Second Volume (2016) makes frequent r",,2026-08-22
Relationship Options,Star Ocean: The Second Story,1999,https://lgbtqgamearchive.com/2015/09/02/relationship-options-in-star-ocean-the-second-story,Relationship Options in Star Ocean: The Second Story,1990s; Optional Relationship,non_character_reference,no,non_character_reference,"Sites we have found suggest alternatively that in Star Ocean: The Second Story , players can have a romantic relationship with any party character members , or that there is only one same-sex party member that Claude and Rena can end up with. Based on one walkthrough of the relationship combinations, it seems that whether or not the two characters end up together at the end of the game are based on relationship points. Depending on how the relationships between various characters add up, they player will see one of 87 possible endings. We should note that the writer of that walkthrough states that same-sex “couples” are “like best friends” rather than lovers. Based on these video, that seems like an accurate reading. But then, viewing the Claude and Precis ending, this might not be that unusual. A full list of ending possibilities is available here . Based on this list, few endings are e",,2026-08-22
Reyson and Tibarn,Fire Emblem: Thracia 776; Fire Emblem: Rekka no Ken; Fire Emblem: Sacred Stones; Fire Emblem: Path of Radiance; Fire Emblem: Radiant Dawn; Fire Emblem: Awakening; Fire Emblem Fates; Fire Emblem Echoes: Shadows of Valentia; Fire Emblem Heroes; Fire Emblem: Three Houses; Fire Emblem Three Houses: Cindered Shadows,1999; 2003; 2004; 2005; 2007; 2012; 2015; 2017; 2017; 2019; 2020,https://lgbtqgamearchive.com/?p=12613,Reyson and Tibarn in Fire Emblem: Path of Radiance,2000s; Bisexual; Bisexual (implicit); Characters; Games by Decade; Gay; Gay (implicit); Playable Character; Queer Men,character_candidate,yes,already_registered,"Image Credit: Retrieved from https://fireemblem-logic.tumblr.com/post/181653978679/pairing-20-reysontibarn Reyson and Tibarn are two playable characters in Fire Emblem: Path of Radiance and Fire Emblem: Radiant Dawn . They also appear in Fire Emblem Heroes . They have been read by fans as queer for sleeping together in the same tent and acting like a couple at times. This blog post goes into detail about their relationship and the possibility of them being gay. Additionally, Tibarn has some suggestive dialogue with Nailah, that suggests them possibly being sexually interested with each other (seen here ). Because of this, we have classified Reyson as Gay Implicit and Tibarn as Bisexual Implicit. LGBTQ references in this game series : Fire Emblem: Thracia 776 (1999): Marty and Dagdar Fire Emblem: The Blazing Blade (2003): Bramimond ; Florina and Lyndis ; Legault ; Lucius and Raven Fire Em",,2026-08-22
Romance options,Fire Emblem: Thracia 776; Fire Emblem: Rekka no Ken; Fire Emblem: Sacred Stones; Fire Emblem: Path of Radiance; Fire Emblem: Radiant Dawn; Fire Emblem: Awakening; Fire Emblem Fates; Fire Emblem Echoes: Shadows of Valentia; Fire Emblem Heroes; Fire Emblem: Three Houses; Fire Emblem Three Houses: Cindered Shadows,1999; 2003; 2004; 2005; 2007; 2012; 2015; 2017; 2017; 2019; 2020,https://lgbtqgamearchive.com/2018/06/21/romance-options-in-fire-emblem-fates,Romance Options in Fire Emblem Fates,2010s; Games by Decade; Optional Relationship; Relationships/Romance/Sex,non_character_reference,no,non_character_reference,"This information was submitted via email (two separate people). We have included the links we were provided, but if you have additional details please let us know. In Fire Emblem Fates, players can make a male or female avatar. There are two NPCs available for romance options by either gender: Niles and Rhajat . Niles Image credit http://fireemblem.wikia.com/wiki/Niles?file=Niles.png Rhajat Image credit: http://fireemblem.wikia.com/wiki/Rhajat?file=Rhajat_Heroes.png According to this site , marrying either with a same-sex avatar can lead the player to permanently lose out on one or two children. Also Rhajat is not automatically unlocked in the game and hence is missable. LGBTQ references in this game series : Fire Emblem: Thracia 776 (1999): Marty and Dagdar Fire Emblem: The Blazing Blade (2003): Bramimond ; Florina and Lyndis ; Legault ; Lucius and Raven Fire Emblem: Sacred Stones (2004",,2026-08-22
Same-Sex Relationship Hack,Fire Emblem: Thracia 776; Fire Emblem: Rekka no Ken; Fire Emblem: Sacred Stones; Fire Emblem: Path of Radiance; Fire Emblem: Radiant Dawn; Fire Emblem: Awakening; Fire Emblem Fates; Fire Emblem Echoes: Shadows of Valentia; Fire Emblem Heroes; Fire Emblem: Three Houses; Fire Emblem Three Houses: Cindered Shadows,1999; 2003; 2004; 2005; 2007; 2012; 2015; 2017; 2017; 2019; 2020,https://lgbtqgamearchive.com/2017/03/21/same-sex-relationship-hack-in-fire-emblem-awakening,Same-Sex Relationship Hack in Fire Emblem Awakening and Fire Emblem Fates,2010s; Games by Decade; Mods; Optional Relationship; Queer Reproduction; Relationships/Romance/Sex,non_character_reference,no,non_character_reference,"Screenshot from game with hack Fire Emblem Awakening is the eleventh game in the strategic role-playing Fire Emblem game series and was released exclusively on the Nintendo 3DS. The player character is customizable and canonically suffers from amnesia which lessens as the story progresses. Players have debated the pros and cons of adding same-sex options to the Fire Emblem relationship system, referencing queer readings of earlier titles (see Fire Emblem entries in the archive). In response to the lack of same-sex relationship options in Fire Emblem Awakening, UnassumingVenasaur, a fan of the game, designed a game hack/modification that adds same sex marriage options as well the ability for same-sex couples to have children. UnassumingVenasaur also designed a game hack/modification that does the same things as the Awakening hack, but for Fire Emblem Fates. LGBTQ references in this game s",,2026-08-22
"Setsuna, Kakurine, and Ihadurca",Evil Zone,1999,https://lgbtqgamearchive.com/2015/09/02/setsuna-kakurine-and-ihadulca-in-evil-zone,"Setsuna, Kakurine, and Ihadulca in Evil Zone",1990s; Queer Women; Queerly Read/Rumored,queer_reading_candidate,no,queer_reading_candidate,"Three of the female characters in Evil Zone—Setsuna, Kakurine, and Ihadurca—are claimed to be lesbians ( here , here ), but we can find no additional information on their sexuality. There does seem to be a relationship between Kakurine and Ihadulca (the main villain in the game). Setsuna Saizuki is a playable character who has a being, Karin, who coexists with her in her body. Her childhood friend is Midori, and perhaps their closeness is what is being read as evidence for Setsuna’s queerness. Setsuna image credit http://evil-zone.wikia.com/wiki/Setsuna_Saizuki?file=Sestuna.jpg Kakurine is an ancient goddess who acts like a little girl. She is described as being both Lea’s twin sister and her lover . Kakurine Image credit http://evilzone.wikia.com/wiki/Kakurine?file=Kakurine.jpg Ithadulca is the main antagonist, and she is trapped in the Evil Zone. She is possessed by Lea, and some descr",,2026-08-22
Sharena,Fire Emblem: Thracia 776; Fire Emblem: Rekka no Ken; Fire Emblem: Sacred Stones; Fire Emblem: Path of Radiance; Fire Emblem: Radiant Dawn; Fire Emblem: Awakening; Fire Emblem Fates; Fire Emblem Echoes: Shadows of Valentia; Fire Emblem Heroes; Fire Emblem: Three Houses; Fire Emblem Three Houses: Cindered Shadows,1999; 2003; 2004; 2005; 2007; 2012; 2015; 2017; 2017; 2019; 2020,https://lgbtqgamearchive.com/?p=12643,Sharena in Fire Emblem Heroes,2010s; Characters; Games by Decade; Playable Character; Queerly Read/Rumored,queer_reading_candidate,no,queer_reading_candidate,"Image Credit: Retrieved from https://fireemblem.fandom.com/wiki/Sharena Sharena is a playable character in Fire Emblem Heroes . As the game centers around summoning heroes to your army, the Heroes cast often meets and interacts with new heroes added to the game. Sharena has been read by some fans as potentially being a lesbian as she seems to be a bit overly friendly at times with some female units. Because of this, we have classified her as Queerly Rumored/Read. LGBTQ references in this game series : Fire Emblem: Thracia 776 (1999): Marty and Dagdar Fire Emblem: The Blazing Blade (2003): Bramimond ; Florina and Lyndis ; Legault ; Lucius and Raven Fire Emblem: Sacred Stones (2004): Ephraim and Lyon ; Joshua and Gerik Fire Emblem: Path of Radiance (2005): Ike and Soren ; Jill and Mist ; Reyson and Tibarn ; Sigrun and Tanith Fire Emblem: Radiant Dawn (2007): Elincia and Lucia ; Heather ; J",,2026-08-22
Sigrun and Tanith,Fire Emblem: Thracia 776; Fire Emblem: Rekka no Ken; Fire Emblem: Sacred Stones; Fire Emblem: Path of Radiance; Fire Emblem: Radiant Dawn; Fire Emblem: Awakening; Fire Emblem Fates; Fire Emblem Echoes: Shadows of Valentia; Fire Emblem Heroes; Fire Emblem: Three Houses; Fire Emblem Three Houses: Cindered Shadows,1999; 2003; 2004; 2005; 2007; 2012; 2015; 2017; 2017; 2019; 2020,https://lgbtqgamearchive.com/?p=12610,Sigrun and Tanith in Fire Emblem: Path of Radiance,2000s; Characters; Games by Decade; Playable Character; Queerly Read/Rumored,queer_reading_candidate,no,queer_reading_candidate,"Image Credit: Retrieved from https://feheroes.gamepedia.com/Bridal_Belonging_(Focus) Sigrun and Tanith are two characters who both appear in Fire Emblem: Path of Radiance and Fire Emblem: Radiant Dawn . Tanith is a playable character in both games while Sigrun is an NPC in the former and a playable character in the latter. Both serve Empress Sanaki of Begnion and act as her caretaker and guardians. Fans have read the two as queer , but they sadly have no support conversations or paired endings to provide further insight into their relationship outside of their screen-time in-game. Both also appear in Fire Emblem Heroes (the top two in the picture above), notably with Bridal alternate skins. Fans have read this to be hinting at their relationship , as two other characters included in the banner, Louise and Pent, are a couple. However, they both have no dialogue that references the other e",,2026-08-22
Skinshipping,Fire Emblem: Thracia 776; Fire Emblem: Rekka no Ken; Fire Emblem: Sacred Stones; Fire Emblem: Path of Radiance; Fire Emblem: Radiant Dawn; Fire Emblem: Awakening; Fire Emblem Fates; Fire Emblem Echoes: Shadows of Valentia; Fire Emblem Heroes; Fire Emblem: Three Houses; Fire Emblem Three Houses: Cindered Shadows,1999; 2003; 2004; 2005; 2007; 2012; 2015; 2017; 2017; 2019; 2020,https://lgbtqgamearchive.com/?p=12628,Skinshipping in Fire Emblem Fates,2010s; Actions; Changed in localization; Games by Decade,needs_unit_review,no,needs_unit_review,"Image Credit: Retrieved from https://www.youtube.com/watch?v=xjsTsF-9H6Y In Fire Emblem Fates , there is the ability to perform “skinship” with members of your army. Skinshipping is a mini-game where players can invite members of their army to their private quarters and pet them. The original Japanese version allowed you to do this with characters regardless of gender or support rank (as seen here with a female Corrin petting Hinoka), but the NA localization removed this mini-game almost entirely , allowing players to only do this with a character they have achieved S-rank (love/marriage) with. LGBTQ references in this game series : Fire Emblem: Thracia 776 (1999): Marty and Dagdar Fire Emblem: The Blazing Blade (2003): Bramimond ; Florina and Lyndis ; Legault ; Lucius and Raven Fire Emblem: Sacred Stones (2004): Ephraim and Lyon ; Joshua and Gerik Fire Emblem: Path of Radiance (2005): I",,2026-08-22
Soleil,Fire Emblem: Thracia 776; Fire Emblem: Rekka no Ken; Fire Emblem: Sacred Stones; Fire Emblem: Path of Radiance; Fire Emblem: Radiant Dawn; Fire Emblem: Awakening; Fire Emblem Fates; Fire Emblem Echoes: Shadows of Valentia; Fire Emblem Heroes; Fire Emblem: Three Houses; Fire Emblem Three Houses: Cindered Shadows,1999; 2003; 2004; 2005; 2007; 2012; 2015; 2017; 2017; 2019; 2020,https://lgbtqgamearchive.com/2019/03/08/soleil-in-fire-emblem-fates,Soleil in Fire Emblem Fates,2010s; Bisexual; Bisexual (implicit); Changed in localization; Characters; Games by Decade; Homophobia; Homophobia/Transphobia; Lesbian; Lesbian (implicit); Queer Women; Queerly Read/Rumored,queer_reading_candidate,no,queer_reading_candidate,"Image credit: Retrieved from https://fireemblem.fandom.com/wiki/Soleil?file=Soleil_portrait.png Soleil is one of the 2nd-generation child units the player can recruit to their army once her father, Laslow, has an S-rank with another female unit in your army. Soleil’s character development and support conversations in the game have evoked much controversy , such as her support conversations in the original Japanese text of the game with Male Kamui/Corrin (the protagonist). A transcript of the original text is linked here . In it, Soleil, who is known for having crushes on girls, asks the protagonist for help focusing on her work as a mercenary. The protagonist over the course of their relationship slips a magic powder into her drink, causing her to see people as the opposite gender they are, and in their final support conversation, proposes to her. She accepts and says that she loved seei",,2026-08-22
the game,South Park Rally,1999,https://lgbtqgamearchive.com/games-by-decade/1990s/south-park-rally,South Park Rally,,needs_unit_review,no,needs_unit_review,"Year: 1999 Publisher: Acclaim Entertainment Developer: Tantalus Interactive Country: Australia Genre: Racing Platform: Various “South Park Rally PS” by Source. Licensed under Fair use via Wikipedia – https://en.wikipedia.org/wiki/File:South_Park_Rally_PS.jpg#/media/File:South_Park_Rally_PS.jpg South Park Rally is the third game based on Comedy Central’s popular show, and allows players to race as several characters from the show. LGBTQ references in the game : Big Gay Al Citations: South Park Rally. (n.d.). Retrieved from https://en.wikipedia.org/wiki/South_Park_Rally",,2026-08-22
The Hubba Tester,Fire Emblem: Thracia 776; Fire Emblem: Rekka no Ken; Fire Emblem: Sacred Stones; Fire Emblem: Path of Radiance; Fire Emblem: Radiant Dawn; Fire Emblem: Awakening; Fire Emblem Fates; Fire Emblem Echoes: Shadows of Valentia; Fire Emblem Heroes; Fire Emblem: Three Houses; Fire Emblem Three Houses: Cindered Shadows,1999; 2003; 2004; 2005; 2007; 2012; 2015; 2017; 2017; 2019; 2020,https://lgbtqgamearchive.com/?p=12625,The Hubba Tester in Fire Emblem Awakening and Fire Emblem Fates,2010s; Artifacts; Games by Decade,non_character_reference,no,non_character_reference,"Image Credit: Retrieved from https://unassumingvenusaur.tumblr.com/post/147514893590/i-put-my-gays-in-the-hubba-tester-and-look-what The Hubba Tester is an extra feature available in Fire Emblem Awakening and Fire Emblem Fates . Players can use this to guage a fake relationship between two characters, with readings changing every time the player leaves and reenters the room in Awakening and changing every time the player performs a reading again in Fates . There is separate dialogue for when players pair two characters of the same sex together, which can be found on this page under the “Same Gender Friendship Final Reading” section. For example, a Mutual Best Reading results in “Whatever floats your boat” for two male characters. LGBTQ references in this game series : Fire Emblem: Thracia 776 (1999): Marty and Dagdar Fire Emblem: The Blazing Blade (2003): Bramimond ; Florina and Lyndis ;",,2026-08-22
Alfred Ashford,Resident Evil Code: Veronica; Resident Evil: Dead Aim; Resident Evil: Operation Raccon City,2000; 2003; 2012,https://lgbtqgamearchive.com/2015/09/03/alfred-ashford-in-resident-evil-code-veronica,Alfred Ashford in Resident Evil: Code Veronica,2000s; Cross-dressing; Gender non-conforming; Transphobia,needs_unit_review,no,needs_unit_review,"Alfred Image credit http://residentevil.wikia.com/wiki/Alfred_Ashford?file=Alfred_Ashford.jpg Alfred is a main antagonist in Resident Evil – Code: Veronica. He is command of the Antarctica Base. He is the twin of Alexia Ashord , both of whom were created through genetic experiments. He helped his sister put herself in stasis, but in her absence, Alfred’s mental stability deteriorated. He formed a second persona, Alexia, and wears women’s clothing to commune with his absent sister. It is also reported that the game hints at an incestuous relationship between the twins. A video of him as Alfred is below. The scene revealing that it is Alfred who dresses as Alexia while she is in cryostatis is available here . LGBTQ references in this series : Resident Evil: Code Veronica (2000): Alfred Ashford Resident Evil: Dead Aim (2003): Morpheus Duvall Resident Evil: Operation Raccoon City (2012): Cri",,2026-08-22
Bridget,Guilty Gear X; Guilty Gear X2,2000; 2002,https://lgbtqgamearchive.com/2015/09/02/bridget-in-guilty-gear,Bridget in Guilty Gear,2000s; Gender non-conforming; Playable Character,needs_unit_review,no,needs_unit_review,"Bridget Image credit http://guilty-gear.wikia.com/wiki/Bridget?file=Bridget.png Bridget is a character in the Guilty Gear series, first appearing in Guilty Gear X2 (2002). Though described as male, Bridget was raised as a girl. Bridget was one of a set of twin boys born in a village where twins were bad luck. It is unclear how Bridget identifies in terms of gender or sexuality, as neither seems explicitly stated in the game. He does react negatively when people assume he is a girl, however, suggesting this is not a trans woman character. You can see Venom battle Bridget in this video . LGBTQ references in this game series : Guilty Gear X (2000): Venom Guilty Gear X2 (2002): Bridget Citations: Bridget (Guilty Gear). (n.d.). Retrieved from https://en.wikipedia.org/wiki/Bridget_(Guilty_Gear) Bridget. (n.d.). Retrieved from http://guilty-gear.wikia.com/wiki/Bridget Bridget. (n.d.). Retrieved",,2026-08-22
Crispin Jettingham,Resident Evil Code: Veronica; Resident Evil: Dead Aim; Resident Evil: Operation Raccon City,2000; 2003; 2012,https://lgbtqgamearchive.com/2015/09/03/crispin-jettingham-in-resident-evil-operation-raccoon-city,Crispin Jettingham in Resident Evil: Operation Raccoon City,2010s; Gay; Gay (explicit); Queer Men,character_candidate,yes,already_registered,"Crispin Image credit http://residentevil.wikia.com/wiki/Crispin_Jettingham?file=Us-spec-ops-dee-ay.jpg Although nothing in Resident Evil: Operation Raccoon City directly indicates it, Crispin Jettingham was written as a gay character. According to interviews, writer Adam Bullied intended him to be a gay man serving under the former US “don’t ask, don’t tell” policy. His handle “Dee-Ay” was a subtle nod to that policy as well. Given the well documented accounts of Bullied’s intent, we are choosing to mark Crispin as an “explicitly” gay character, though with the caveat that his sexuality is never made central to the game. The video that introduces Dee-Ay and the other team members in the game can be found here . LGBTQ references in this series : Resident Evil: Code Veronica (2000): Alfred Ashford Resident Evil: Dead Aim (2003): Morpheus Duvall Resident Evil: Operation Raccoon City (2012):",,2026-08-22
game series,Buffy The Vampire Slayer,2000,https://lgbtqgamearchive.com/games-by-decade/2000s/buffy-the-vampire-slayer,Buffy the Vampire Slayer series,,non_character_reference,no,non_character_reference,"Year: 2000 Publisher: THQ Developers: GameBrains Country: USA Genre: Horror, beat ’em up Platform: Game Boy Color “Buffy Handheld” by Source. Licensed under Fair use via Wikipedia – https://en.wikipedia.org/wiki/File:Buffy_Handheld.jpg#/media/File:Buffy_Handheld.jpg The 2000 Buffy the Vampire Slayer Game Boy Color was the first of five official games released based on the television series of the same name. It is set in the fourth season of the television series. Additional games have been released by other developers and publishers on a variety of platforms. LGBTQ references in this game series : Willow and Tara See also QRM’s entry for this game . Citations: Buffy the Vampire Slayer. (n.d.). Retrieved from http://en.wikipedia.org/wiki/Buffy_the_Vampire_Slayer Buffy the Vampire Slayer (2000 video game). (n.d.). Retrieved from http://en.wikipedia.org/wiki/Buffy_the_Vampire_Slayer_(2000_v",,2026-08-22
game series; QRM’s entry for this game,Guilty Gear X; Guilty Gear X2,2000; 2002,https://lgbtqgamearchive.com/game-series/guilty-gear-series,Guilty Gear Series,,non_character_reference,no,non_character_reference,"Year: 1998 Publisher: Arc System Works Developer: Arc System Works Country: Japan Genre: 2D fighting Platforms: PlayStation “Guilty Gear Coverart” by Source. Licensed under Fair use via Wikipedia – https://en.wikipedia.org/wiki/File:Guilty_Gear_Coverart.png#/media/File:Guilty_Gear_Coverart.png Guilty Gear is a series of fighting games with over a dozen installments. In the original game, there are ten playable characters. There are a total of 36 playable characters in the entire series. LGBTQ references in this game series : Guilty Gear X (2000): Venom Guilty Gear X2 (2002): Bridget See also QRM’s entry for this game . Citations: Guilty Gear. (n.d.). Retrieved from https://en.wikipedia.org/wiki/Guilty_Gear Guilty Gear. (video game). Retrieved from https://en.wikipedia.org/wiki/Guilty_Gear List of Guilty Gear Characters. (n.d.). Retrieved from https://en.wikipedia.org/wiki/List_of_Guilty_",,2026-08-22
Gender Customization,The Sims; The Sims 2; The Urbz: Sims in the City; The Sims 2: Nightlife; The Sims 2: University Life; The Sims 2: Open for Business; The Sims 2: Apartment Life; The Sims 3; The Sims 3: Ambitions; The Sims 3: Supernatural; The Sims 3: Aurora Skies; The Sims 3: Into the Future; The Sims 3: Roaring Heights; The Sims 4; The Sims 4: Cats & Dogs; The Sims 4: Vampires; The Sims 4: Island Living,2000; 2004; 2004; 2005; 2005; 2006; 2008; 2009; 2010; 2012; 2013; 2013; 2013; 2014; 2017; 2017; 2019,https://lgbtqgamearchive.com/2016/06/24/gender-customization-in-the-sims,Gender Customization in The Sims,2010s; Actions; Non-binary Gender Customization,non_character_reference,no,non_character_reference,"Image credit https://www.thesims.com/news/new-cas-update In June 2016, Maxis added an update to The Sims 4 that allows the player to customize the gender of their characters. While player must still choose if the character is male or female, they can further choose from a list of gender settings: the physical frame (masculine/feminine); clothing preferences (masculine/feminine); whether the Sim is able to be become pregnant, get others pregnant, or neither; and whether or not the Sim can use the toilet while standing. The update also included a spectrum of six voices for all Sims, regardless of gender, and the ability to turn off filters for masculine or feminine clothing and hair styles, further allowing the player to customize the gender presentation of their characters. There is not a mechanic for customizing the genders of children. However, the filters for clothing and hairstyle can",,2026-08-22
Joined Unions and Marriages Between Same-Sex Couples,The Sims; The Sims 2; The Urbz: Sims in the City; The Sims 2: Nightlife; The Sims 2: University Life; The Sims 2: Open for Business; The Sims 2: Apartment Life; The Sims 3; The Sims 3: Ambitions; The Sims 3: Supernatural; The Sims 3: Aurora Skies; The Sims 3: Into the Future; The Sims 3: Roaring Heights; The Sims 4; The Sims 4: Cats & Dogs; The Sims 4: Vampires; The Sims 4: Island Living,2000; 2004; 2004; 2005; 2005; 2006; 2008; 2009; 2010; 2012; 2013; 2013; 2013; 2014; 2017; 2017; 2019,https://lgbtqgamearchive.com/2016/06/24/joined-unions-and-marriages-in-the-sims,Joined Unions and Marriages in The Sims,2000s; 2010s; Optional Relationship; Relationships/Romance/Sex,non_character_reference,no,non_character_reference,"Image credit http://kotaku.com/a-brief-history-of-gay-marriage-in-video-games-1714251913 While all of The Sims games have allowed for romantic and sexual relationships between character of the same gender, marriage has not always been an option for those relationships. In The Sims 1 , characters of the same gender could become roommates but were not given the option to marry. In The Sims 2 , joined unions were added as an option for same-sex couples, which was procedurally the same as marriage—the option granted to heterosexual couples—except in that joined unions accrue fewer “aspiration points” (points accrued by achieving Sims’ wants which can then be spent to purchase rewards) than marriage. In The Sims 3 and 4 , all couples not currently engaged or married were given the option to get married once their romance and friendship scores were high enough. These changes in the language th",,2026-08-22
Jolly Roger,Banjo-Tooie,2000,https://lgbtqgamearchive.com/2015/11/09/jolly-roger-in-banjo-tooie,Jolly Roger in Banjo-Tooie,2000s; Characters; Gay; Gay (implicit); Playable Character; Queer Men,character_candidate,yes,already_registered,"Image Credit http://banjokazooie.wikia.com/wiki/Jolly_Roger?file=Bt_jolly.png Although never explicitly stated, Jolly Roger, a bartending frog who first appears in Banjo-Tooie, is very much coded as a campy, gay character. His speaking voice is high for a male character, and his mannerisms are flamboyant (both of which can be observed in this video ). His dialogue also codes him as a potentially gay character, such as when he refers to Banjo as “big boy” or asks “How about my partner and I dropping by your room later for a nightcap?” ( Jolly Roger, n.d. ). His bar Jolly’s is also often read as a gay bar (see this post ). He asks Banjo and Kazooie to rescue his partner Merry Maggie Malpass (it is unclear whether Merry is his business or romantic partner), who is read by some players as a trans woman or cross-dressing male character (see this post). Jolly Roger, also appears in Banjo-Kazoo",,2026-08-22
Jolly’s Bar,Banjo-Tooie,2000,https://lgbtqgamearchive.com/2015/11/09/jollys-bar,Jolly’s Bar in Banjo-Tooie,2000s; Locations; Locations (rumored/implicit); Mentions; Mentions (implicit),non_character_reference,no,non_character_reference,"Screenshot of Jolly Roger’s Bar Image credit http://www.neogaf.com/forum/showthread.php?t=455948 In Banjo Tooie, the character Jolly Roger owns a bar called “Jolly’s.” While not represented explicitly as a gay bar, players have interpreted it as a gay bar (see here , here , and here). Their evidence: First, it is owned by the flamboyant Jolly Roger and his partner Merry Maggie Malpass. Second, the bar’s signature drink is “Ginger Beer” which is old Cockney rhyming slang for queer (see here , here , and here ). Third, additional bar items such as “toad in a hole” and “seaman’s surprise” are assumed to be suggestive references to homosexual sex. Finally, after Banjo rescues Maggie, she tells Banjo (who is male) and Kazooie (who is female) that it is “grab a sailor night every Wednesday” (which can be seen in this video ). Although the gender of the sailors is not explicitly stated, players",,2026-08-22
LGB Romance options,The Sims; The Sims 2; The Urbz: Sims in the City; The Sims 2: Nightlife; The Sims 2: University Life; The Sims 2: Open for Business; The Sims 2: Apartment Life; The Sims 3; The Sims 3: Ambitions; The Sims 3: Supernatural; The Sims 3: Aurora Skies; The Sims 3: Into the Future; The Sims 3: Roaring Heights; The Sims 4; The Sims 4: Cats & Dogs; The Sims 4: Vampires; The Sims 4: Island Living,2000; 2004; 2004; 2005; 2005; 2006; 2008; 2009; 2010; 2012; 2013; 2013; 2013; 2014; 2017; 2017; 2019,https://lgbtqgamearchive.com/2016/06/24/lgb-romance-options-in-the-sims,LGB Romance Options in The Sims,2000s; 2010s; Optional Relationship; Relationships/Romance/Sex,non_character_reference,no,non_character_reference,"All of the games in The Sims series have allowed for same sex romance options. In The Sims 2 , gender preference was added to character design and carried through to The Sims 3 . A Sim’s gender preference indicates to whose romantic and sexual advances they are likely to respond positively or negatively and what autonomous actions that Sim may take when not controlled directly by the player. A Sim with a heterosexual preference is not likely to autonomously “flirt” with someone of the same gender and is likely to respond negatively to romantic or sexual advances from a character of the same gender. A Sim’s gender preference works on a sliding scale and is determined by romantic interactions and thus can shift through gameplay, largely through player directed interactions. Secondary gender characteristics can also affect a pair of Sims’ “chemistry.” Chemistry determines when romantic and ",,2026-08-22
LGBTQ Characters,The Sims; The Sims 2; The Urbz: Sims in the City; The Sims 2: Nightlife; The Sims 2: University Life; The Sims 2: Open for Business; The Sims 2: Apartment Life; The Sims 3; The Sims 3: Ambitions; The Sims 3: Supernatural; The Sims 3: Aurora Skies; The Sims 3: Into the Future; The Sims 3: Roaring Heights; The Sims 4; The Sims 4: Cats & Dogs; The Sims 4: Vampires; The Sims 4: Island Living,2000; 2004; 2004; 2005; 2005; 2006; 2008; 2009; 2010; 2012; 2013; 2013; 2013; 2014; 2017; 2017; 2019,https://lgbtqgamearchive.com/2016/06/24/lgbtq-characters-in-the-sims,LGBTQ Characters in The Sims,2000s; 2010s; Add on content; Agender; Asexual; Asexual (Implicit); Characters; Gay; Gay (implicit); Lesbian; Lesbian (explicit); Mods; Playable Character; Queer Men; Queer Women; Queerly Read/Rumored,queer_reading_candidate,no,queer_reading_candidate,"Image Credit: Retrieved from https://www.digitalspy.com/videogames/the-sims/a581036/the-sims-4-pledges-support-for-gay-pride-month-be-proud-in-the-sims/ Some pre-made characters in The Sims series are gay, lesbian, or bisexual, although those orientations are rarely implied beyond the mechanics of their gender preference and are largely up to players to interpret as they will. In The Sims 2 , Circe Beaker , Ariel Capp , and Titania Summerdream have the same level of attraction for males and females, so their characters start out with bisexual preferences. Other characters with bisexual preferences are Kent Capp who has a slight preference for males (still neutral for females) and Jason Cleveland (in The Sims 2: Apartment Life ) who is married to Marissa Cleveland but also has a slight preference for males with neutral preference for females. Additionally, Nervous Subject has a slight dis",,2026-08-22
Merry Maggie Malpass,Banjo-Tooie,2000,https://lgbtqgamearchive.com/2015/11/09/6023,Merry Maggie Malpass in Banjo-Tooie,2000s; Characters; Gender non-conforming; Transgender; Transgender (implicit),character_candidate,yes,already_registered,"Maggie Image credit http://www.neogaf.com/forum/showthread.php?t=455948 In Banjo-Tooie, Merry Maggie Malpass is Jolly Roger’s partner (whether his business partner or romantic partner is unclear). She has gone missing and Jolly Roger asks Banjo and Kazooie to find her. It turns out she was swallowed by a giant fish while riding a wave rider. She has been read by many players as a possible trans woman or cross-dressing male character, because of her broad shoulders and deep voice (both of which can be observed in this video ). She is also reportedly named after Steve Malpass, a member of the Rareware team. LGBTQ references in this game : Jolly’s Bar Jolly Roger Merry Maggie Malpass Citations: Banjo-Tooie’s gay bar. Or ITT how we discuss video games hidden innuendo’s. (n.d.). Retrieved from http://www.neogaf.com/forum/showthread.php?t=455948 Dickens, D. (2011, May 9). 16 LGBT Video Game Ch",,2026-08-22
Morpheus Duvall,Resident Evil Code: Veronica; Resident Evil: Dead Aim; Resident Evil: Operation Raccon City,2000; 2003; 2012,https://lgbtqgamearchive.com/2015/09/03/morpheus-duvall-in-resident-evil-dead-aim,Morpheus Duvall in Resident Evil: Dead Aim,2000s; Gender non-conforming; Transgender; Transgender (implicit); Transphobia,character_candidate,no,needs_character_review,"Morpheus Image credit http://residentevil.wikia.com/wiki/Morpheus_D._Duvall?file=Redeadaim_morpheus.jpg Morpheus Duval is the main antagonist in Resident Evil : Dead Aim. He is described as obsessed with beauty and has had a lot of cosmetic surgery. A former member of Umbrella (the company that made the zombie-producing virus in the series), in this game he has stolen the virus and uses one strain of it to transform into what has been called a “ female version of himself ” (Flanagan, 2014). The image below shows his Tyrant, or mutated, form. Tyrant Morpheus Image credit http://residentevil.wikia.com/wiki/Morpheus_D._Duvall?file=Tyrant_T-092.jpg The video here shows Morephus’s transformation in the game. LGBTQ references in this series : Resident Evil: Code Veronica (2000): Alfred Ashford Resident Evil: Dead Aim (2003): Morpheus Duvall Resident Evil: Operation Raccoon City (2012): Crispin",,2026-08-22
Queer Pregnancies and Reproduction,The Sims; The Sims 2; The Urbz: Sims in the City; The Sims 2: Nightlife; The Sims 2: University Life; The Sims 2: Open for Business; The Sims 2: Apartment Life; The Sims 3; The Sims 3: Ambitions; The Sims 3: Supernatural; The Sims 3: Aurora Skies; The Sims 3: Into the Future; The Sims 3: Roaring Heights; The Sims 4; The Sims 4: Cats & Dogs; The Sims 4: Vampires; The Sims 4: Island Living,2000; 2004; 2004; 2005; 2005; 2006; 2008; 2009; 2010; 2012; 2013; 2013; 2013; 2014; 2017; 2017; 2019,https://lgbtqgamearchive.com/2016/06/24/queer-pregnancies-and-reproduction-in-the-sims,Queer pregnancies and reproduction in The Sims,2010s; Actions; Queer Reproduction,needs_unit_review,no,needs_unit_review,"Reproduction is a major mechanic in The Sims series, but same-sex couples’ options of reproduction are generally limited to adoption. Only in The Sims 3: Into the Future , is genetic reproduction an option for gay or lesbian couple. In this expansion, a Sim time travels to the future and can interact with new technologies, including reproductive technologies. In the future, a couple, regardless of gender, can have their genes spliced by “ engineering a baby ” at the hospital. This form of reproduction allows the resultant infant to be related to the two parents without requiring woohooing or pregnancy. Male pregnancy is coded into games 2-4 as a possible outcome of alien abduction. A male Sim abducted by aliens will sometimes come back pregnant. Male pregnancy in the game gives imaginative possibility to more flexible consideration of sex, gender, and the body. And, indeed, fans have use",,2026-08-22
Telsia Murphy,Star Trek: Voyager Elite Force,2000,https://lgbtqgamearchive.com/2015/11/13/telsia-murphy-in-star-trek-voyager-elite-force,Telsia Murphy in Star Trek: Voyager- Elite Force,2000s; Bisexual; Bisexual (implicit); Characters; Queer Women,character_candidate,yes,already_registered,"Image credit http://www.giantbomb.com/telsia-murphy/3005-15188/ Telsia appears in both Star Trek: Voyager- Elite Force and its sequel. In the second game, she is a possible romantic interest for the player-character (PC) Alexander Munroe . This video (around 3:30) shows the culmination of this narrative and the two characters kissing. This romance is hinted at in the first game, when Telsia flirted with the PC. In that game, players could choose to play as either male Alexander or female Alexandria Munroe. As the flirting occurred regardless of the option chosen, some have cited this as evidence that Telsia might be a bisexual character (see here , here , and here ). However, it is also possible that the same-sex flirting in the first game was just an artifact of coding the male PC as the default and not changing this behavior if the PC was the female character. As the second game lacks ",,2026-08-22
this game series,The Sims; The Sims 2; The Urbz: Sims in the City; The Sims 2: Nightlife; The Sims 2: University Life; The Sims 2: Open for Business; The Sims 2: Apartment Life; The Sims 3; The Sims 3: Ambitions; The Sims 3: Supernatural; The Sims 3: Aurora Skies; The Sims 3: Into the Future; The Sims 3: Roaring Heights; The Sims 4; The Sims 4: Cats & Dogs; The Sims 4: Vampires; The Sims 4: Island Living,2000; 2004; 2004; 2005; 2005; 2006; 2008; 2009; 2010; 2012; 2013; 2013; 2013; 2014; 2017; 2017; 2019,https://lgbtqgamearchive.com/game-series/sims,The Sims Series,,non_character_reference,no,non_character_reference,"Year: 2000 Publisher: Electronic Arts Developer: Maxis, The Sims Studio Creator: Will Wright Country: US Genre: Life simulation game Platform: Various Image credit: “The Sims 4 Box Art” by Source. Licensed under Fair use via Wikipedia – https://en.wikipedia.org/wiki/File:The_Sims_4_Box_Art.png#/media/File:The_Sims_4_Box_Art.png The Sims is a life simulation game series, set predominantly in fictional suburban neighborhoods. Often characterized as a virtual doll house, The Sims allows players to build and furnish home spaces and observe and control the domestic lives of “Sims” (i.e. simulated people). The Sims series has increasingly included lesbian, gay, and bisexual content as the series has progressed. This trend of progressiveness is evident in the series’ most recent update to The Sims 4 that allows players to customize their Sims’ gender identity, presentation, and biological capac",,2026-08-22
this series,Resident Evil Code: Veronica; Resident Evil: Dead Aim; Resident Evil: Operation Raccon City,2000; 2003; 2012,https://lgbtqgamearchive.com/game-series/resident-evil-series,Resident Evil series,,non_character_reference,no,non_character_reference,"Year: 1996 Publisher: Capcom Developer: Capcom Creator: Shinji Mikami Country: Japan Genre: Survival horror, third-person shooter Platform: Various “Resident Evil 1 cover” by Source. Licensed under Fair use via Wikipedia – https://en.wikipedia.org/wiki/File:Resident_Evil_1_cover.png#/media/File:Resident_Evil_1_cover.png Resident Evil is a media franchise that began as a survival horror video game. The main plot line for all series texts is that a virus has created an outbreak of zombies and other monsters in various regions of the world. The series moved from a exploration puzzle-based series to more of a third-person shooter game by Resident Evil 4. LGBTQ references in this series : Resident Evil: Code Veronica (2000): Alfred Ashford Resident Evil: Dead Aim (2003): Morpheus Duvall Resident Evil: Operation Raccoon City (2012): Crispin Jettingham See also QRM’s entry for this game . Citat",,2026-08-22
Venom,Guilty Gear X; Guilty Gear X2,2000; 2002,https://lgbtqgamearchive.com/2015/09/02/venom-from-guilty-gear,Venom from Guilty Gear,2000s; Playable Character; Queer Men; Queerly Read/Rumored,queer_reading_candidate,no,queer_reading_candidate,"Venom Image credit http://gaming.wikia.com/wiki/Venom_(Guilty_Gear) ?file=Venom-acc.jpg Venom first appears in Guilty Gear X. Venom is claimed to be “ openly gay ,” largely because of his deep affection for Zato, his master. According to one site , his sexuality is also explicitly stated in the Guilty Gear drama CD “Knight of Knives.” However, another site questions this interpretation. Without further confirmation, we are leaving this as “rumored” for now. You can see Venom battle Bridget in this video . LGBTQ references in this game series : Guilty Gear X (2000): Venom Guilty Gear X2 (2002): Bridget Citations: Doop. (n.d.). Retrieved from http://gay-nerds.com/site/videogames/top-10-lgbt-video-game-characters-4-venom/ Venom. (n.d.). Retrieved from http://www.giantbomb.com/venom/3005-1478/ Venom. (n.d.). Retrieved from http://gaming.wikia.com/wiki/Venom_(Guilty_Gear) Venom. (n.d.). Retri",,2026-08-22
Willow and Tara,Buffy The Vampire Slayer,2000,https://lgbtqgamearchive.com/2015/09/04/willow-and-tara-in-buffy-the-vampire-slayer,Willow and Tara in Buffy the Vampire Slayer,2000s; Intertextual Reference; Lesbian; Lesbian (explicit); Playable Character; Queer Women,character_candidate,yes,already_registered,"Tara and Willow Image credit http://sosogay.co.uk/2013/love-and-marriage-in-buffy-the-vampire-slayer-willow-and-tara/ Willow and Tara are characters in the Buffy the Vampire Slayer television show. Both also appear in the games based on the series. Willow appears in the first Buffy game , which is set during the television season that she falls in love with Tara and comes out as a lesbian. Tara’s first game appearance is in 2003’s Buffy the Vampire Slayer: Chaos Bleeds, which is set in the show’s fifth season. It is also the first game in the series that allows players to control characters besides Buffy, including Willow. At one point in the game, Willow saves Tara, a scene which is shown here and in the image below. Screenshot from https://www.youtube.com/watch?v=wl9fjRlcjRs Later in the game, Willow has to battle an alternate version of Tara (Vampire Tara). A video for that is here (T",,2026-08-22
Angof,Runescape,2001,https://lgbtqgamearchive.com/2016/09/26/angof-in-runescape,Angof in RuneScape,2000s; Characters; Transgender; Transgender (explicit),character_candidate,yes,already_registered,"Image credit: http://vignette3.wikia.nocookie.net/runescape2/images/4/4f/Angof.png/revision/latest/scale-to-width-down/150?cb=20150824233010 Angof is a non-playable character in RuneScape , where she runs a crystal armour shop in a region of the game world known as Tarddiad. A former elf, Angof transformed herself using the power of the enigmatic crystals scattered around Tarddiad. Unlike many of the other Crystal Shapeshifters, Angof is quite lucid and has resisted absorbing more of the crystals into her body. One of Angof’s diary entries that can be found by players reads: “In many ways I am more myself than I have ever been. I am no longer that little boy that felt trapped in a skin that never really was his own. The form changing ability of the crystal certainly has its advantages.” However, players can also learn of Angof’s identity as a transgender woman by speaking to her . LGBTQ ",,2026-08-22
Bengar’s Farm,Gothic; Gothic II,2001; 2002,https://lgbtqgamearchive.com/2015/11/04/bengars-farm,Bengar’s Farm in Gothic II,2000s; Gay; Gay (implicit); Locations; Locations (rumored/implicit); Queer Men,non_character_reference,no,non_character_reference,"Map from Gothic II. Image credit http://forum.nordicgames.at/attachment.php?attachmentid=45056&stc=1&d=1238150062 There is a farm in Gothic II, Bengar’s Farm, which according to Arne Schröder (2008) is read as an space inhabited by implicitly gay men. There are no women on the farm, and according to the shepherd Malak, it is a “men’s farm.” This dialogue is displayed here and can be heard in this video (around 9:20). However, as shown in this video , it is possible to have this conversation without hearing that dialogue. Bengar’s Farm is also the only place in the game with a double bed (all the rest of the bedrooms have single beds). The combination of these factors have lead players to interpret the farms here as gay (see here , here , and here ). LGBTQ references in this game : Mud Bengar’s Farm Citations: CptGreenbear. (2011, September 4). Let’s Play Gothic II Part 038: A Men’s Farm.",,2026-08-22
Blanca,Animal Crossing; Animal Crossing: Wild World; Animal Crossing; Animal Crossing: New Horizons,2001; 2005; 2012; 2020,https://lgbtqgamearchive.com/?p=12075,Blanca in Animal Crossing,2000s; Changed in localization; Characters; Games by Decade; Gender non-conforming,character_candidate,no,needs_character_review,"Image Credit: Retrieved from http://animalcrossing.wikia.com/wiki/Blanca Blanca is a recurring cat character in the Animal Crossing series that asks players to draw them a face, and ‘hosts’ April Fool’s Day in Animal Crossing: New Leaf . Similar to Gracie and Saharah, Blanca is a female character in non-Japanese localizations, but is male in the Japanese games. Blanca is also identified as male by the official Japanese website for Animal Crossing: City Folk . The description for Blanca on the website says something along the lines of, “eh, are you a man?” Also, despite being female in non-Japanese localizations, Blanca has a distinct lazy/jock voice in Wild World , City Folk , and New Leaf , both of which are male personality types. Blanca has yet to appear in the newest game to the series, Animal Crossing: New Horizons . LGBTQ References in this game series : Animal Crossing (2001): Bla",,2026-08-22
Carl/Quentin,Conker’s Bad Fur Day,2001,https://lgbtqgamearchive.com/2016/05/25/carlquentin-in-conkers-bad-fur-day,Carl/Quentin in Conker’s Bad Fur Day,2000s; Characters; Gay; Gay (implicit); Queer Men,character_candidate,yes,already_registered,"Carl, Image credit: http://dkvine.com/games/gallery/cache/artwork/cbfd/carl_and_quentin_01_595.png Quentin, image credit: http://www.dkvine.com/games/gallery/albums/artwork/cbfd/carl_and_quentin_02.png In Conker’s Bad Fur Day , Carl/Quentin is encountered in the Bat’s Tower chapter. As a cog, Carl/Quentin is able to spin around a post and this mechanism is used to reference his “split personality”, he acts completely different depending on which face is active. Carl is vulgar, abrasive, and displays aggressively heterosexual machismo whereas Quentin is polite, refined, and implicitly coded as gay through his vocal style and mannerisms. After being knocked off the post by Conker’s efforts at spinning a large stone wheel, Carl/Quentin is beat up by the female cogs and then placed on Mr. Big Cog’s nose (which is a phallic reference, not to mention Mr. Big Cog sounds quite similar to Mr. Big",,2026-08-22
CJ and Flick,Animal Crossing; Animal Crossing: Wild World; Animal Crossing; Animal Crossing: New Horizons,2001; 2005; 2012; 2020,https://lgbtqgamearchive.com/?p=12100,CJ and Flick in Animal Crossing: New Horizons,2020s; Changed in localization; Characters; Games by Decade; Gay; Gay (implicit); Queer Men,character_candidate,yes,already_registered,"Image Credit: Retrieved from https://twitter.com/gaybabyjail/status/1241903029499990017?s=21 In Animal Crossing: New Horizons , CJ, an NPC who hosts the seasonal fishing tournaments, mentions his “partner,” who is an artist who makes models of bugs. Fans have pointed out that Flick, an NPC who hosts the Bug Off tournaments, may fit this description, as he allows the player to commission him to make models of bugs. This has lead fans to queerly read the two as a couple (as seen here and here ). However, a difference in dialogue between the Japanese version and the English version shows that Flick is referred to as a friend rather than a partner. Additionally, a screenshot of the Animal Crossing: New Horizons Companion Guide page on Flick shows that the two are roommates and business partners. Fans have taken this to mean that the two are coded to be secretly gay, such as with this tweet .",,2026-08-22
Crossdressing and Gender Expression,Animal Crossing; Animal Crossing: Wild World; Animal Crossing; Animal Crossing: New Horizons,2001; 2005; 2012; 2020,https://lgbtqgamearchive.com/2018/01/15/crossdressing-and-gender-expression-in-animal-crossing-new-leaf,Crossdressing and Gender Expression in Animal Crossing: New Leaf,2010s; Actions; Cross-dressing; Games by Decade; Non-binary Gender Customization,non_character_reference,no,non_character_reference,"Image Credit: Retrieved from https://tinycartridge.com/post/52624986197/crossing-a-line-gender-identity-in-animal Animal Crossing: New Leaf is the first game in the series where all clothing is general-neutral and players as well as villagers are able to wear any outfit regardless of the gender that they choose at the beginning of the game. These changes along with gender-neutral face options for the player make it possible for a variety of gender expressions throughout the game. However, the game still requires the player to choose between binary Male and Female options during character creation. Some fans have noted that despite this limitation , Animal Crossing has been largely progressive regarding gender and gender discourse compared to other large franchise titles. Additionally, in-game villagers like the one in the image above seem to be accepting of non-traditional gender express",,2026-08-22
Dante,Devil May Cry,2001,https://lgbtqgamearchive.com/2015/11/09/dante-in-devil-may-cry,Dante in Devil May Cry,2000s; Playable Character; Queer Men; Queerly Read/Rumored,queer_reading_candidate,no,queer_reading_candidate,"Dante Image credit: “Dante transparent”. Via Wikipedia – https://en.wikipedia.org/wiki/File:Dante_transparent.png#/media/File:Dante_transparent.png Dante is the protagonist in the Devil May Cry Series. He has long been interpreted as a potentially gay or queer male character (see here and here ). There is also a strong community of boy-on-boy Devil May Cry fan-fiction authors/readers. In the 2012 trailer for DmC: Devil May Cry (the series’ fifth installment), a news anchor says Dante is a “ known sexual deviant. ” After a lot of speculation that this definitively demonstrated Dante was a queer male character, chief designer Tameem Antoniades was asked in an interview if Dante was gay. He replied: “No, he’s not gay,” but “I kind of wish he was now” (Conditt, 2012). The anchor, as it turns out, is a demon trying to villainize Dante. Citations: CasualGaymer. (n.d.). Nerd Rage: What are they",,2026-08-22
game series,Animal Crossing; Animal Crossing: Wild World; Animal Crossing; Animal Crossing: New Horizons,2001; 2005; 2012; 2020,https://lgbtqgamearchive.com/?page_id=12068,Animal Crossing Series,,non_character_reference,no,non_character_reference,"Year: 2001 (started) Publisher: Nintendo Developer: Nintendo EAD and Nintendo EPD Creator: Katsuya Eguchi Country: Japan Genre: Social simulation Platforms: Various Image Credit: “Animal Crossing Logo” by Source. Licensed under Fair use via Wikipedia – https://en.wikipedia.org/wiki/File:Animal_Crossing_Logo.png Animal Crossing is a social simulation video game series where the player character is a human who lives in a village inhabited by various anthropomorphic animals, carrying out various activities such as fishing, bug catching, and fossil hunting. It’s known for its open-ended gameplay and real-time clock and calendar. There have been five mainline Animal Crossing games released worldwide. The original Animal Crossing was released in Japan for the Nintendo 64 in 2001. It was enhanced and released on the GameCube the same year. It was later localized and released in North America in",,2026-08-22
Gerard and Buigen in Shadow Hearts: From the New World (2005),Shadow Hearts; Shadow Hearts: Covenant; Shadow Hearts: From the New World,2001; 2004; 2005,https://lgbtqgamearchive.com/2015/11/13/gerard-magimel-and-buigen,Gerard Magimel and Buigen,2000s; Gay; Gay (explicit); Queer Men,character_candidate,yes,already_registered,"Gerard and Buigen Screen shot from https://www.youtube.com/watch?v=RuDvM8Mlf0s In Shadow Hearts: From the New World, Gerard Magimel has moved to the United States and now runs a travelling shop out of a motorcycle sidecar with his boyfriend Buigen . Their shop is called “Just Us Guys” (pictured above, and seen in this video around minute 11). These two characters also reportedly flirt with the main character Johnny throughout the game. The official game guide describes them in this way: “the amazingly gay duo of Gerard and Buigen. From the bright rainbow helmet to the light leather jackets, these two are all man, and proud of it! Since they happen tot think Johnny’s cute, both flirt a bit before offering up presents” ( Pavlack, p. 40 ). LGBTQ references in this game : Meiyuan in Shadow Hearts Magimel brothers in Shadow Hearts: Covenant (2001) Joachim Valentine in Shadow Hearts: Covenant ",,2026-08-22
Gracie,Animal Crossing; Animal Crossing: Wild World; Animal Crossing; Animal Crossing: New Horizons,2001; 2005; 2012; 2020,https://lgbtqgamearchive.com/2018/01/15/gracie-in-animal-crossing-new-leaf,Gracie in Animal Crossing: New Leaf,2010s; Changed in localization; Characters; Games by Decade; Gay; Gay (implicit); Gender non-conforming; Queer Men; Transgender; Transgender (implicit),character_candidate,yes,already_registered,"Image Credit: Retrieved from http://animalcrossing.wikia.com/wiki/Gracie Gracie is a recurring giraffe character in the Animal Crossing series that works as a high end fashion designer. Starting in the original Animal Crossing , Gracie is named “Grace” in the Japanese version and is also identified as male by the official Japanese website for Animal Crossing: City Folk . Gracie’s Japanese profile further notes “Oh, and just so you know, Grace is a he!” in the description. However, in the English localization of the game, similar to Blanca and Saharah, Gracie is a female character with no mention of male pronouns or a more masculine name. As Brian Ashcraft notes in this Kotaku article however , Saharah has always been changed to female in Western localizations. Some fans have read this to mean that she is either a transgender woman in non-Japanese titles or a very feminine gay man in the ",,2026-08-22
Hana and Rain,Fear Effect 2:Retro Helix,2001,https://lgbtqgamearchive.com/2015/11/10/hana-and-rain-in-fear-effect-2-retro-helix,Hana and Rain in Fear Effect 2: Retro Helix,2000s; Bisexual; Bisexual (explicit); Characters; Lesbian; Lesbian (explicit); Playable Character; Queer Women,character_candidate,yes,already_registered,"Image credit http://en.wikipedia.org/wiki/Hana_Tsu-Vachel Fear Effect 2 features a heavily implied, if not explicitly stated, relationship between the main player-character Hana Tsu-Vachel and her partner Rain Qin. Hana is a French-Chinese freelancer for the Traid. Rain is hacker who has no memory of her past. Their relationship, according to this review , was only a small part of the overarching game story. The ads for the game however, like the one pictured below, hinted at a much more explicit relationship than what is shown in the game. One of the rare moments in which their relationship is more than hinted at appears in the video below. It is important to note that in the original game , Hana’s partner and male love interest is another mercenary, Glas Royce. Stan Liu, the President/CEO of Kronos Digital Entertainment and the writer/director of Fear Effect, says explicitly in one int",,2026-08-22
Hugging Elite,Halo: Combat Evolved,2001,https://lgbtqgamearchive.com/2015/09/04/hugging-elite-in-halo-combat-evolved,Hugging Elite in Halo: Combat Evolved,2000s; Easter Egg,needs_unit_review,no,needs_unit_review,"A 2006 Games.Net video titled “ Ten Ambiguously Gay Game Characters ” listed The Arbiter from Halo 2 as clearly gay because in one scene he is shown hugging a marine. Further research indicates that this scene was actually a cut scene that appears at the end of Halo: Combat Evolved and Anniversary, and does not include the Arbiter. Moreover, the player can only see it if they complete The Maw on Legendary difficulty. A video of this scene is below. Citations: Hugging Elite. (n.d.). Retrieved from http://halo.wikia.com/wiki/Hugging_Elite Jacquethesnake. (2006, May 1). Video Net Ten: Ten Ambiguously Gay Game Characters. YouTube. https://www.youtube.com/watch?v=hL8p3wafxfY The Arbiter. (n.d.). Retrieved from http://halo.wikia.com/wiki/Arbiter The Arbiter “supposedly” being “Gay.” (n.d.). Retrieved from http://www.edgeworksent.com/forum/?page=showthread&threadid=1371 WarrenBlake productions.",,2026-08-22
Isabelle,Animal Crossing; Animal Crossing: Wild World; Animal Crossing; Animal Crossing: New Horizons,2001; 2005; 2012; 2020,https://lgbtqgamearchive.com/2018/01/15/isabelle-in-animal-crossing-new-leaf,Isabelle in Animal Crossing: New Leaf,2010s; Bisexual; Bisexual (implicit); Characters; Games by Decade; Queer Women,character_candidate,yes,already_registered,"Image Credit: http://animalcrossing.wikia.com/wiki/Isabelle?file=Isabelle_AF.png Isabelle is the secretary and personal assistant to the player-character and she is constantly working to ensure that their tenure as town mayor goes smoothly. A dog townsperson, she is primarily concerned with improving the quality of life in the town but has been known to show affection to the player-character. On Valentine’s Day, she is more overt with these feelings than usual and it is hinted that she has a crush on the player regardless of their gender. LGBTQ References in this game series : Animal Crossing (2001): Blanca , Gracie , Julia , Saharah Animal Crossing: Wild World (2005): Mentions of Same-Sex Relationships , Opposite-Gender Haircuts Animal Crossing: New Leaf (2012): Crossdressing and Gender Expression , Isabelle , Villager Flirting Animal Crossing: New Horizons (2020): CJ and Flick , Mentio",,2026-08-22
Joachim Valentine in Shadow Hearts: Covenant (2004),Shadow Hearts; Shadow Hearts: Covenant; Shadow Hearts: From the New World,2001; 2004; 2005,https://lgbtqgamearchive.com/2015/11/13/joachim-valentine-in-shadow-hearts-covenant,Joachim Valentine in Shadow Hearts: Covenant,2000s; Gay; Gay (explicit); Queer Men,character_candidate,yes,already_registered,"Image credit http://shadowhearts.wikia.com/wiki/Joachim_Valentine Joachim Valentine is a minor character in Shadow Hearts (where he taunts his brother Keith, mentioned in the post on Meiyuan ) and a playable character in Shadow Hearts: Covenant. He is a trained wrestler, who goes by the name of Grand Papillon (Big Butterfly). Like his siblings, he is a vampire. Towards the end of the game, Joachim can participate in the Man Festival where he fights his way through 100 men. If he fails he will “face a baptism that will strip away [his] manly dignity.” However, even if Joachim makes it through the trials to the final battle with the Great Gama he asks what the “baptism” entails. The Great Gama responds: “Those who fail in the main Festival must receive the winner’s full manhood!” The other main characters receive this news with disgust, which is intensified when it dawns on Joachim that re",,2026-08-22
Julia,Animal Crossing; Animal Crossing: Wild World; Animal Crossing; Animal Crossing: New Horizons,2001; 2005; 2012; 2020,https://lgbtqgamearchive.com/?p=11922,Julia in Animal Crossing,2000s; 2010s; Add on content; Characters; Games by Decade; Queerly Read/Rumored; Transgender; Transgender (implicit),queer_reading_candidate,no,queer_reading_candidate,"Image Credit: https://animalcrossing.fandom.com/wiki/Julia Julia is an ostritch islander with a snooty personality in the Animal Crossing series. She initially appears in Animal Forest e+ , the Japan-exclusive update to the Animal Crossing GameCube game, but as part of the Welcome Amiibo update, returned to the series in New Leaf . Julia can also be found in the mobile game, Animal Crossing: Pocket Camp . Fans have speculated that Julia resembles a peacock despite being classified as an ostritch. This is because the coloring of her feathers resembles a peacock’s, but specifically a male peacock’s feathers. This has led fans to queerly read Julia as an amab (assigned male at birth) trans woman, but other fans have noted that the series miscolors many other animals with its various villagers. This leads to a classification of Queerly Read and Trans Implicit. LGBTQ References in this game s",,2026-08-22
Magimel brothers in Shadow Hearts: Covenant (2001),Shadow Hearts; Shadow Hearts: Covenant; Shadow Hearts: From the New World,2001; 2004; 2005,https://lgbtqgamearchive.com/2015/11/13/magimel-brothers-in-shadow-hearts-covenant,Gerard and Pierre Magimel in Shadow Hearts: Covenant,Characters; Gay; Gay (explicit); Queer Men,character_candidate,yes,already_registered,"Gerard Image credit: http://shadowhearts.wikia.com/wiki/Gerard_Magimel Pierre Image credit http://shadowhearts.wikia.com/wiki/Pierre_Magimel Gerard and Pierre Magimel are extremely flamboyant, gay, French, twin brothers in Shadow Hearts: Covenant. Gerard sells weapons and other items from his wagon. Pierre is a tailor who makes custom costumes for the character Gepetto’s puppet Cornelia. This video shows Gepetto introducting the game’s protagonist, Yuri, to the twins (about the 19 minute mark). As payment for these creations he only accepts “Stud Cards” featuring muscular, nearly naked men. One of these cards is a reference to Meiyuan from Shadow Hearts (shown in this video ). Gerard also appears in a later game, Shawdow Hearts: From the New World, with his boyfriend. LGBTQ references in this game : Meiyuan in Shadow Hearts Magimel brothers in Shadow Hearts: Covenant (2001) Joachim Valen",,2026-08-22
Meiyuan in Shadow Hearts,Shadow Hearts; Shadow Hearts: Covenant; Shadow Hearts: From the New World,2001; 2004; 2005,https://lgbtqgamearchive.com/2015/11/13/meiyuan-in-shadow-hearts,Meiyuan in Shadow Hearts,2000s; Gay; Gay (explicit); Queer Men,character_candidate,yes,already_registered,"Image credit http://shadowhearts.wikia.com/wiki/Wanderer_Meiyuan Meiyuan is a traveling Chinese acupuncturist in Shadow Hearts (2001), who is described in the game as “an expert acupuncturist. He raises weapons proficiency. Strange, but he is the master of this field. He likes good-looking men” (in-game description, quoted here and here ). When he performs acupuncture on female party members, their responses are unremarkable, but the male characters’ responses indicate that he attempts to have sex with them instead of performing acupuncture (responses listed here ). Only the character Keith Valentine responds positively to his acupuncture session, though what happened during the session is ambiguous: “Ah, so that’s how you do it…What a strange ritual. I must learn to do this.” The other male characters verbally protest and “ have their Sanity Points drop to 0 during sessions with Meiyuan",,2026-08-22
Mentions and Queer Readings,Animal Crossing; Animal Crossing: Wild World; Animal Crossing; Animal Crossing: New Horizons,2001; 2005; 2012; 2020,https://lgbtqgamearchive.com/?p=12103,Mentions and Queer Readings in Animal Crossing: New Horizons,2020s; Games by Decade; Mentions; Mentions (explicit); Mentions (implicit),needs_unit_review,no,needs_unit_review,"Image Credit: Retrieved from https://www.fanbyte.com/news/animal-crossing-new-horizons-has-better-lgbt-representation-than-the-mcu/ In Animal Crossing: New Horizons , there are explicit mentions of same-sex relationships. In this video , Merry, a Peppy villager, tells the player about a comic with two princesses who are in love. To our knowledge, this can occur with any Peppy villager. If you have screenshots/evidence of this happening with other personality types, please feel free to let us know . Additionally, multiple fans have queerly read certain content, such as this letter from Bonbon, a Peppy villager who wants to impress a female classmate, or this exchange between two villagers , Lionel and Tammy. As Animal Crossing: New Horizons is still quite new, we would love to hear about any additional new LGBTQ content to the series. If you find anything not listed on the Archive, please",,2026-08-22
Mentions of Same-Sex Relationships,Animal Crossing; Animal Crossing: Wild World; Animal Crossing; Animal Crossing: New Horizons,2001; 2005; 2012; 2020,https://lgbtqgamearchive.com/?p=12088,Mentions of Same-Sex Relationships in Animal Crossing: Wild World,2000s; Games by Decade; Mentions; Mentions (explicit),non_character_reference,no,non_character_reference,"Image Credit: Retrieved from https://twitter.com/PyscheRider/status/1241998593667579904?s=20 In Animal Crossing: Wild World , there are dialogue options that allow the player to suggest two same-sex villagers are engaged, to which a villager will respond with “Oh, yeah, of course. They’re engaged.” This dialogue may be set for specific personality types, but we are unaware if it is, so if you know and have evidence, please let us know by emailing us at lgbtqgamearchive@gmail.com. LGBTQ References in this game series : Animal Crossing (2001): Blanca , Gracie , Julia , Saharah Animal Crossing: Wild World (2005): Mentions of Same-Sex Relationships , Opposite-Gender Haircuts Animal Crossing: New Leaf (2012): Crossdressing and Gender Expression , Isabelle , Villager Flirting Animal Crossing: New Horizons (2020): CJ and Flick , Mentions and Queer Readings , Removal of Gender Choice Citations: ",,2026-08-22
Mud,Gothic; Gothic II,2001; 2002,https://lgbtqgamearchive.com/2015/11/04/mud-in-gothic,Mud in Gothic,2000s; Gay; Gay (implicit); Queer Men,character_candidate,yes,already_registered,"Mud. Image credit http://gothicworld.wikia.com/wiki/Mud?file=Mud.JPG The Nameless Hero meets Mud in the Old Camp of the prison colony. Mud was sent to the Colony for “liking animals.” He follows around the Nameless Hero, whether he is asked to or not, continuously talking to the character. You can see a video of this here . According to Arne Schröder, “ Mud’s only function seems to be to annoy the player ” (2008, p. 251). The player can only get rid of him by killing him, or getting him killed. If the player does not kill him before, Mud is killed in Chapter IV of the game. According to Schröder, players have read this character as gay, particularly because of the following dialog lines (also shown in the video linked above): Mud: “Are you looking for a quiet place where we can talk, for a bit…or something?” Mud: “Where do you sleep anyway? You can come to my place, no problem!” Mud: “Sh",,2026-08-22
Opposite-Gender Haircuts,Animal Crossing; Animal Crossing: Wild World; Animal Crossing; Animal Crossing: New Horizons,2001; 2005; 2012; 2020,https://lgbtqgamearchive.com/?p=12091,Opposite-Gender Haircuts in Animal Crossing: Wild World,2000s; Actions; Cross-dressing; Games by Decade,needs_unit_review,no,needs_unit_review,"Image Credit: Retrieved from http://www.animalcrossingcommunity.com/accf_hairstyle_guide.asp In Animal Crossing: Wild World , opposite-gender haircuts first became available to players. If players got all haircuts available to their selected gender, they would then be given the option to get opposite-gender haircuts from Harriet at her Shampoodle salon. Since Wild World , opposite-gender haircuts have remained available, becoming easier to obtain in each new installment, with any haircut becoming available to players regardless of gender or style in Animal Crossing: New Horizons . We’d also like to note that the image used for this post is from Animal Crossing: City Folk . If you have a screenshot of a player character getting an opposite-gender haircut in Animal Crossing: Wild World , please let us know by emailing us at lgbtqgamearchive@gmail.com. LGBTQ References in this game series :",,2026-08-22
Pete/Peta the Makeover Mage,Runescape,2001,https://lgbtqgamearchive.com/2016/09/26/petepeta-the-make-over-mage-in-runescape,Pete/Peta the Make-over Mage in RuneScape,2000s; Actions; Characters; Non-binary or genderqueer; Non-binary or Genderqueer (implicit); Transgender; Transgender (implicit),character_candidate,yes,already_registered,"Image credit: http://vignette1.wikia.nocookie.net/runescape2/images/0/0a/Make-over_Mage_%28male%29.png/revision/latest/scale-to-width-down/160?cb=20141216170357 Image credit: http://vignette2.wikia.nocookie.net/runescape2/images/9/92/Make-over_Mage_%28female%29.png/revision/latest/scale-to-width-down/160?cb=20141216170427 The Make-over Mage is a non-playable character in RuneScape , who is described as having “power over genders”. The Make-over Mage goes by Pete or Peta depending on the gender that they are presenting at the time. In addition to changing one’s gender, The Make-over Mage can also alter the player’s skin color. The Make-over Mage is known to sometimes change genders mid-conversation with players. It is unclear whether this character is meant to be read as transgender or non-binary. LGBTQ References in this game: Angof Wizard Jalarast Pete/Peta the Makeover Mage The Oracle ",,2026-08-22
Removal of Gender Choice,Animal Crossing; Animal Crossing: Wild World; Animal Crossing; Animal Crossing: New Horizons,2001; 2005; 2012; 2020,https://lgbtqgamearchive.com/?p=12106,Removal of Gender Choice in Animal Crossing: New Horizons,2020s; Actions; Changed in localization; Cross-dressing; Games by Decade; Non-binary Gender Customization,non_character_reference,no,non_character_reference,"Image Credit: Retrieved from https://www.neogaf.com/threads/why-did-they-remove-gender-in-animal-crossing-new-horizons-only-in-the-usa-localization.1532943/ Animal Crossing: New Horizons is the first game in the series to remove a gender choice, opting for a “style” choice instead; however, this removal of gender choice is only found in the US localization. As seen in the image above, every other version of the game delineates the masculine and feminine icons as binary gender options. Soon after the game’s release, an interview with the game’s director, Aya Kyogoku, and producer, Hirashi Nogami , was published by the Washington Post. In it, Kyogoku says about the game’s character customization, “We basically wanted to create a game where users didn’t really have to think about gender or if they wanted to think about gender, they’re also able to”. As Kyogoku and Nogami have not further co",,2026-08-22
Saharah,Animal Crossing; Animal Crossing: Wild World; Animal Crossing; Animal Crossing: New Horizons,2001; 2005; 2012; 2020,https://lgbtqgamearchive.com/2018/01/15/saharah-in-animal-crossing-new-leaf,Saharah in Animal Crossing: New Leaf,2010s; Changed in localization; Characters; Games by Decade; Transgender; Transgender (implicit),character_candidate,yes,already_registered,"Image Credit: Retrieved from http://animalcrossing.wikia.com/wiki/Saharah Saharah is a recurring camel character in the Animal Crossing series that specializes in trading rare goods like wallpaper and carpets. In the original Animal Crossing , Saharah is named “Roland” in the Japanese version and is identified as male by the official Japanese website for Animal Crossing: City Folk . Saharah also speaks with an effeminate sounding voice and refers to herself using female pronouns. In the English localization of the game, similar to Blanca and Gracie, Saharah is female with no mention of prior male name or male gender identity. As Brian Ashcraft notes in this Kotaku article however , Saharah has always been changed to female in Western localizations. Some fans have speculated that the gender change was due to her long eyelashes, while others have read this as evidence that she could be a t",,2026-08-22
Same-sex (female) relationship options,Arcanum: Of Steamworks & Magick Obscura,2001,https://lgbtqgamearchive.com/2015/09/10/same-sex-female-relationship-options-in-arcanum-of-steamworks-magick-obscura,Same-sex (female) relationship options in Arcanum: Of Steamworks & Magick Obscura,2000s; Optional Relationship; Relationships/Romance/Sex,non_character_reference,no,non_character_reference,"In Arcanum: Of Steamworks and Magick Obscura , same-sex relationships are possible for female player-characters in a few places, but we have not found much additional evidence for how these options are represented in the game. One review suggests that, like many other RPGs, NPCs are programmed to flirt with the assumed-default-male player-character, and thus female NPCs flirt with female player-characters by default. Noted same-sex (female) relationship options in Arcanum: – There is a brothel in Tarant where a player-character of any gender can hire sex workers. – If is she has high enough beauty stats, a female player-character can accept the advances of the female leader of the Dark Elves, thus avoiding confrontation. – There is also a lonely widow in the game who can be seduced by a female player-character (though it is harder than seducing her as a male player-character). – Near the",,2026-08-22
The Divas,Runaway: A Road Adventure,2001,https://lgbtqgamearchive.com/2016/09/26/the-divas-in-runaway-a-road-adventure,The Divas in Runaway: A Road Adventure,2000s; Characters; Gay; Gay (explicit); Gender non-conforming; Queer Men,character_candidate,no,needs_character_review,"Image of The Divas and Brian: http://www.adventurearchiv.de/r/runawayreview10.jpg In Chapter 3 of Runaway: A Road Adventure , Brian meets three drag queens called The Divas (also known as Mariola, Lola, and Carla). They are stranded in the middle of the desert with their tour bus near where Brian has just escaped from being locked in a cabin. The three of them team up with Brian to outsmart the thugs terrorizing them and escape the desert. It is implied through dialogue that The Divas are gay men and have various secrets about their past lives prior to becoming drag performers. Citations Alexander Doenau. (2008, February 2008). Runaway: Drag Queens in the Desert. Batrock (Blog). Retrieved from http://www.batrock.net/?p=254 PSALM51. (2010, April 19). “Want a bus of drag queens in your game? You’ve got it…”. Game Faqs Review. Retrieved from http://www.gamefaqs.com/pc/431325-runaway-a-road-",,2026-08-22
The Oracle,Runescape,2001,https://lgbtqgamearchive.com/2016/09/26/the-oracle-in-runescape,The Oracle in RuneScape,2000s; Transgender; Transgender (implicit),character_candidate,yes,already_registered,"Image credit: http://vignette4.wikia.nocookie.net/runescape2/images/1/17/Oracle.png/revision/latest?cb=20130520125406 The Oracle is a non-playable character in RuneScape , who is secluded at the top of Ice Mountain in-game. Generally, the Oracle gives cryptic hints or one-liners in conversation, she will give more specific information if the player is on some sort of quest. The Oracle was a woman in Runescape Classic, a man during Runescape pre-2007, and currently she is a woman once more. Some have read this as indicating the Oracle is transgender. LGBTQ References in this game: Angof Wizard Jalarast Pete/Peta the Makeover Mage The Oracle Citations: Various (n.d.). The Oracle (character page). Runescape Wiki. Retrieved from http://runescape.wikia.com/wiki/Oracle Sissorelle Ferox. (2015, August 27). Transgender Characters Revealed in ‘RuneScape’. FemHype. Retrieved from https://femhype.c",,2026-08-22
Villager Flirting,Animal Crossing; Animal Crossing: Wild World; Animal Crossing; Animal Crossing: New Horizons,2001; 2005; 2012; 2020,https://lgbtqgamearchive.com/2018/01/15/villager-flirting-in-animal-crossing-new-leaf,Villager Flirting in Animal Crossing: New Leaf,2010s; Bisexual; Bisexual (implicit); Characters; Games by Decade; Gay; Gay (implicit); Lesbian; Lesbian (implicit); Queer Men; Queer Women; Queerly Read/Rumored,queer_reading_candidate,no,queer_reading_candidate,"Image Credit: http://animalcrossing.wikia.com/wiki/File:Klaus-speech.jpg In Animal Crossing: New Leaf , NPC villagers may flirt with the player-character regardless of their gender. Some fans have observed that the Smug personality trait (first introduced in New Leaf ) makes certain male villagers more flirtatious than usual, even towards the male player-character. The Smug villagers have been criticized for playing into gendered stereotypes about masculinity, and there is some debate over whether their advances towards male characters should be considered romantic or simply brotherly. Other fans have speculated that some of the villagers in Animal Crossing have varying randomly generated “sexualities” that determine the subjects of their flirtatious advances. LGBTQ References in this game series : Animal Crossing (2001): Blanca , Gracie , Julia , Saharah Animal Crossing: Wild World (200",,2026-08-22
Wizard Jalarast,Runescape,2001,https://lgbtqgamearchive.com/2016/09/26/wizard-jalarast-in-runescape,Wizard Jalarast in RuneScape,2000s; Characters; Transgender; Transgender (explicit),character_candidate,yes,already_registered,"Image credit: http://vignette4.wikia.nocookie.net/runescape2/images/b/b6/Wizard_Jalarast.png/revision/latest?cb=20150106235631 Wizard Jalarast is a non-playable character in RuneScape , and primarily functions to make Splitbark Armour for players. Originally known simply as “Wizard”, Jalarast went to the Make-over Mage one day when she desired to no longer be a man. She can be found in Wizard’s Tower where she is the currently apprentice of Wizard Traiborn. LGBTQ References in this game: Angof Wizard Jalarast Pete/Peta the Makeover Mage The Oracle Citations: Various (n.d.). Wizard Jalarast (character page). Runescape Wiki. Retrieved from http://runescape.wikia.com/wiki/Wizard_Jalarast Sissorelle Ferox. (2015, August 27). Transgender Characters Revealed in ‘RuneScape’. FemHype. Retrieved from https://femhype.com/2015/08/27/transgender-characters-revealed-in-runescape/ Alayna Cole. (n.d.).",,2026-08-22
Gay Marriage Policy Decision,Divine Divinity; Divine Divinity: Dragon Commander; Divine Divinity: Original Sin,2002; 2013; 2014,https://lgbtqgamearchive.com/2015/11/23/gay-marriage-policy-decision-in-divine-dragon-commander,Gay Marriage Policy Decision in Divine: Dragon Commander,2010s; Actions; Homophobia; Homophobia/Transphobia; Mentions; Mentions (explicit),non_character_reference,no,non_character_reference,"The first phase of Divine: Dragon Commander asks the player to make a series of political policy decisions. Apparently, gay rights are a major concern in ancient Rivellon, figuring into their choices at several key moments. The second policy decision the player is asked in the game is whether or not to allow gay marriages, after Counselor Oberon (who is married to a woman) puts forth legislation “that will make it possible for gay couples to be married.” Some of the Counselors argue against this. For example, the drawrf Falstaff refers to Oberon’s proposal as “poof nuptials,” and Yorrick, a n animated skeleton condemns this “depraved ilk” for their “fornication”. A video of the advisors’ opinions is available here . The player can decide to support or oppose Oberon’s legislation, which will affect their popularity with the elves, dwarves, and undead. It will also affect their relationshi",,2026-08-22
Hairdresser Octopus,PaRappa the Rapper 2,2002,https://lgbtqgamearchive.com/2016/08/30/hairdresser-octopus-in-parappa-the-rapper-2,Hairdresser Octopus in PaRappa The Rapper 2,Characters; Gay; Gay (implicit); Queer Men,character_candidate,yes,already_registered,"Image credit: http://vignette1.wikia.nocookie.net/parappatherapper/images/e/e0/Tako_r2_c3.gif/revision/latest?cb=20130903180834 Hairdresser Octopus is a “boss” character in PaRappa the Rapper 2 , a rhythm video game in which the player completes various musical challenges as the titular rapping dog. Hairdresser Octopus is a campy, flamboyant male octopus that wears colorful dresses while overseeing his hair salon. During Hairdresser Octopus’s musical challenge , PaRappa has to prove that he is a competent barber before the brainwashed Octopus will free the patrons of his salon. Citations IcedTeaGaming. (2012, June 11). PaRappa the Rapper 2: Stage 5 (Hairdresser Octopus). Youtube Video. Retrieved from https://www.youtube.com/watch?v=yRAg6tIGKF0 Various. (n.d.). PaRappa the Rapper 2 (game page). PaRappa the Rapper Wiki. Retrieved from http://parappatherapper.wikia.com/wiki/PaRappa_the_Rapp",,2026-08-22
Lesbian relationships,Tokimeki Memorial Girl’s Side series,2002,https://lgbtqgamearchive.com/2016/09/26/lesbian-relationships-in-tokimeki-memorial-girls-side-1st-love-visual-novel,Lesbian Relationships in Tokimeki Memorial: Girl’s Side 1st Love (Visual Novel),2000s; Optional Relationship; Relationships/Romance/Sex,non_character_reference,no,non_character_reference,"Image credit: http://lparchive.org/Hatoful-Boyfriend/Update%20120/2-tokimemo2.JPG Tokimeki Memorial Girl’s Side is a dating simulation visual novel in which the player is a new female student at Habataki High. The player is tasked with building a relationship with one of the male characters in the game, but it is also possible to pursue deep friendships with other girls that have implied romantic undertones. The close friendships can all but simulate dates and other tasks typically reserved for the male characters. Based on an anime series with an extremely large cast, the relationship combinations are numerous. Citations: Gummibear and Meli. (2003). The Girls. Utsukushiki Sekai. Retrieved from http://tokimemo.gs/tokimeki/ Fireylight. (2010, February 11). FAQ/Walkthrough of Tokimeki Memorial: Girl’s Side 1st Love. GameFaqs. Retrieved from https://www.gamefaqs.com/ds/934799-tokimeki-memor",,2026-08-22
Pink and Blue Hamsters,Hamtaro: Ham Ham Heartbreak,2002,https://lgbtqgamearchive.com/2016/09/07/gay-hamsters-in-hamtaro-ham-ham-heartbreak,,,unavailable,no,unavailable,,HTTP 404,2026-08-22
Player Characters’ Affinity/Affection,Divine Divinity; Divine Divinity: Dragon Commander; Divine Divinity: Original Sin,2002; 2013; 2014,https://lgbtqgamearchive.com/2015/11/23/player-characters-affinityaffection-in-divine-original-sin,Player Characters’ Affinity/Affection in Divine: Original Sin,2010s; Optional Relationship; Relationships/Romance/Sex,needs_unit_review,no,needs_unit_review,"In Divine: Original Sin, there are two player-customized protagonists. The protagonists can be male or female. As the game unfolds in flashbacks, the player discovers that their characters are the reincarnations of two guardians from the world’s creation mythology. The guardians—one male, one female—have an intentionally ambiguous relationship , although the box art depicts them holding hands. They may be controlled by a single player, or divided between two players in cooperative mode. Regardless, they operate independently in conversations to develop individual personalities. Disagreements about specific actions are resolved by a rock-paper-scissors mini-game. Each character accrues points in different personality traits and positions based on their dialogue and action choices. Through these decisions, they also accrue compatibility markers. According to the creator Swen Vincke, their ",,2026-08-22
Scarlett,Divine Divinity; Divine Divinity: Dragon Commander; Divine Divinity: Original Sin,2002; 2013; 2014,https://lgbtqgamearchive.com/2015/11/23/scarlett-in-divine-dragon-commander,Scarlett in Divine: Dragon Commander,2010s; Characters; Homophobia; Lesbian; Lesbian (explicit); Queer Women,character_candidate,yes,already_registered,"Screen shot from https://www.youtube.com/watch?v=Y0z41pXFUcs Scarlett is one of the Generals who act as advisors for the player-character in Divine: Dragon Commander. After another General, Henry, spreads rumors that she likes women, she outs herself to the player-character: “Never have I said this to anyone, Commander, but it is true. I am a lesbian.” She tells them that her parents sent her to military school after learning about her sexuality, with threats to disown her if she ever acted on her desires again. The player can decide to keep her secret, or tell her it’s not their business. Based on their decisions, and the gay-related policy decisions , Scarlett will “be proud of her orientation, join a religious order or become a drunkard and sleep with casual [sic] people” ( Kaminski ). Scarlett’s coming out can be seen here (around 10:20). Screen shot from https://www.youtube.com/watc",,2026-08-22
Sex Workers,Divine Divinity; Divine Divinity: Dragon Commander; Divine Divinity: Original Sin,2002; 2013; 2014,https://lgbtqgamearchive.com/2015/11/23/sex-workers-in-divine-divinity,Sex Workers in Divine Divinity,2000s; Relationships/Romance/Sex; Sex Workers and Bisexuality,character_candidate,no,needs_character_review,"Brothel and male sex worker Image credit http://lparchive.org/Divine-Divinity/Update%2086/ A hidden brothel in Divine Divinity contains male and female sex workers who may be hired by the main character (who players can choose to be either male or female). Head of Larian (the game’s developer) said of this option: “We’ve always been very gender neutral in the Divinity games….We don’t see ourselves as the ones making that choice for players. If players make that choice, we offer the system of rules and an environment and a world that tries to be consistent within itself” ( Grayson, 2014 ). LGBTQ references in this game series : Divine Divinity (2002): Sex Workers Divinity: Dragon Commander (2013): Gay Marriage Policy Decision ; Scarlett Divinity: Original Sin (2014): Player Characters’ Affinity/Affection ; The Star Crossed Lovers ; Sex Workers (/“Sex” “Workers”) Citations Grayson, Nathan.",,2026-08-22
Sex Workers (/“Sex” “Workers”),Divine Divinity; Divine Divinity: Dragon Commander; Divine Divinity: Original Sin,2002; 2013; 2014,https://lgbtqgamearchive.com/2015/11/23/sex-workers-sex-workers-in-divine-original-sin,Sex Workers (/”Sex” “Workers”) in Divine: Original Sin,2010s; Relationships/Romance/Sex; Sex Workers and Bisexuality,character_candidate,no,needs_character_review,"There are two ostensible sex workers, Rosa and Ramon, in the town of Silverglen. Both may be hired by a male or female player-character, however, neither actually has sex with the character. The male sex worker attempts to rob and kill the player-character after they undress. The female sex worker promises “a bit of fun,” and brings the player-character to her room to tell an animated and fantastical story. LGBTQ references in this game series : Divine Divinity (2002): Sex Workers Divinity: Dragon Commander (2013): Gay Marriage Policy Decision ; Scarlett Divinity: Original Sin (2014): Player Characters’ Affinity/Affection ; The Star Crossed Lovers ; Sex Workers (/“Sex” “Workers”) Citations Aviticus Dragon, et al. 2014, July 16. Trolled by Larian – Well played! Divinity: Original Sin, General Discussions. Message Board: Steam. http://steamcommunity.com/app/230230/discussions/0/41973820480",,2026-08-22
The Star Crossed Lovers,Divine Divinity; Divine Divinity: Dragon Commander; Divine Divinity: Original Sin,2002; 2013; 2014,https://lgbtqgamearchive.com/2015/11/23/the-star-crossed-lovers-in-divine-original-sin,The Star Crossed Lovers in Divine: Original Sin,2010s; Characters; Gay; Gay (explicit); Homophobia; Homophobia/Transphobia; Queer Men,character_candidate,no,needs_character_review,"Image credit http://oyster.ignimgs.com/mediawiki/apis.ign.com/divinity-original-sin/d/d6/Dos-263.jpg In the town of Hunter’s Edge in the second half of D:OS, the player may trigger a quest when they overhear a male orc and a male human flirting with each other. If the player engages them in dialogue, they beg them to keep their romance a secret: “If you’ve any mind for sparing two fellows a terrible fate, you’ll swear to keep our secret to yourself. We’ve committed no sin greater than experiencing a love as sweet and pure as any, but if we were discovered, it would mean certain death for us both.” It is not clear from the dialogue whether the punishment is for homosexuality, or because the orc and human represent opposing factions in the battle for control of the town. Regardless of what the player promises them, the player can reveal their relationship to Grutilda, the orc leader, who w",,2026-08-22
this game series,Divine Divinity; Divine Divinity: Dragon Commander; Divine Divinity: Original Sin,2002; 2013; 2014,https://lgbtqgamearchive.com/game-series/divine-divinity-series,Divine Divinity Series,,non_character_reference,no,non_character_reference,"Year: 2002 (started) Publisher: CDV Software Entertainment AG; Snowball Studies; Larian Studios Developer: Larian Studios Creator: Swen Vincke Country: Belgium Genre: Role-playing Platform: PC (Divinity II and Divinity Original Sin were also released for Mac, PS4, XBox One) Image credit: “Divine divinity cover” by Source. Licensed under Fair use via Wikipedia – https://en.wikipedia.org/wiki/File:Divine_divinity_cover.jpg#/media/File:Divine_divinity_cover.jpg Divinity is a sprawling, multi-part fantasy roleplaying game series, taking place over thousands of years in the fictional world of Rivellon. Most of the narratives explore the tensions resulting from political corruption and abuse of magical power in the realm. The games feature a range of play practices, combat styles, and levels of character customization. The most recent titles have emphasized the role of ethical decision-making ",,2026-08-22
Angelina May,The Spirit Engine,2003,https://lgbtqgamearchive.com/2016/09/26/angelina-may-in-the-spirit-engine,Angelina May in The Spirit Engine,2000s; Characters; Gender non-conforming; Queerly Read/Rumored,queer_reading_candidate,no,queer_reading_candidate,"Screenshot from https://www.youtube.com/watch?v=Ro-xSZ86Wlg&t=9m1s Angelina May is a major antagonist in indie RPG The Spirit Engine , and she is the head of the enigmatic Frontier Corporation. She wears what appears to be men’s business clothing throughout her appearances in the game (at least according to one account , in the screenshot above from a play through she appears to be wearing a skirt suit). Her clothing isn’t really commented as strange on by any of the characters. At the end of the game it is revealed that she is a scientist from an alternate universe and her villainous plans have been part of an attempt to return to where she came from. Citations: Patrick Gann. (2008, December 9). The Spirit Engine Review. RPG Fan. Retrieved from http://www.rpgfan.com/reviews/spiritengine/index.html Various. (2006, December 28). Questions about the story. The Spirit Engine Forum. Retrieve",,2026-08-22
Bertram,Temple of Elemental Evil,2003,https://lgbtqgamearchive.com/2015/11/20/bertram-in-temple-of-elemental-evil,Bertram in Temple of Elemental Evil,2000s; Characters; Gay; Gay (explicit); Optional Relationship; Queer Men; Relationships/Romance/Sex,character_candidate,yes,already_registered,"Meeting Bertram. Image credit video_game_king uploaded on Sat, Oct 15 2011, http://www.giantbomb.com/images/1300-1987991/ In The Temple of Elemental Evil, in the town of Nulb, the player’s party meets a pirate named Bertram during The Pirate’s Life quest. If they speak to Bertram using a male party member, the player can flirt with him and he’ll mention he was kidnapped at a young age and forced to be a cabin boy for the pirate captain Tolub. The player can then confront Tolub, fight him, and upon defeating him ask for Bertram’s freedom (or 100 doubloons or gp). This is according to the path through the game, however, shown in some walkthroughs ( here, here ). The player then has the option of asking Bertram to join their party. As other walkthroughs discuss, however, there are actually two Bertrams in the game ( here , here, and here ). One is outside (pictured above), dressed in purple",,2026-08-22
Best Friend System in Harvest Moon DS Cute (2005),Harvest Moon: Friends of Mineral Town; Harvest Moon DS Cute; Harvest Moon: The Tale of Two Towns; Harvest Moon: A New Beginning; Story of Seasons (Harvest Moon),2003; 2005; 2010; 2012; 2014,https://lgbtqgamearchive.com/2015/09/03/best-friend-system-in-harvest-moon-ds-cute,Best Friend System in Harvest Moon DS Cute,2000s; Changed in localization; Optional Relationship,needs_unit_review,no,needs_unit_review,"Box art Image credit http://harvestmoon.wikia.com/wiki/Harvest_Moon_DS:_Cute Most games in the Harvest Moon Series require that the player-character be the opposite gender from the NPC they wish to marry (in addition to the characters having enough affection, etc.). The Japanese version of Harvest Moon DS Cute , a version of the game that only includes a female player-character, includes the “best friend” system. This allows players to “marry” four “special” female NPCs as well as all of the marriageable male NPCs. This feature was removed when the game was localized for Western audiences (Rea, 2010). LGBTQ references in this game series : Best Friend System in Harvest Moon DS Cute (2005) Harvest Moon: The Tale of Two Towns (2010) : Harold Harvest Moon: A New Beginning (2012): Cross-dressing True Love Mod for Harvest Moon: Friends of Mineral Town (2013) Story of Seasons (2014) : Marian C",,2026-08-22
Cross-dressing,Harvest Moon: Friends of Mineral Town; Harvest Moon DS Cute; Harvest Moon: The Tale of Two Towns; Harvest Moon: A New Beginning; Story of Seasons (Harvest Moon),2003; 2005; 2010; 2012; 2014,https://lgbtqgamearchive.com/2015/09/03/cross-dressing-in-harvest-moon-a-new-beginning,Cross-Dressing in Harvest Moon: A New Beginning,2010s; Cross-dressing,non_character_reference,no,non_character_reference,"“Harvest Moon – A New Beginning Coverart” by Source. Licensed under Fair use via Wikipedia – https://en.wikipedia.org/wiki/File:Harvest_Moon_-_A_New_Beginning_Coverart.jpg#/media/File:Harvest_Moon_-_A_New_Beginning_Coverart.jpg In Harvest Moon: A New Beginning , all clothes and hairstyles are wearable by all player-characters. Specifically this means men can wear women’s clothes, and vice versa. According to one review: “This allows for a way of same sex relationships by having a male character model be dressed and styled as a girl and other then the wedding scene where you are forced to where attire for your birth assigned (game assigned?) sex and a few brief mentions of your characters gender, assigned sex ends up affecting only who you can woo and little else which is a plus for those of us who have long wanted same sex relationships in harvest moon games” (Traher, 2013). The player n",,2026-08-22
game series,Harvest Moon: Friends of Mineral Town; Harvest Moon DS Cute; Harvest Moon: The Tale of Two Towns; Harvest Moon: A New Beginning; Story of Seasons (Harvest Moon),2003; 2005; 2010; 2012; 2014,https://lgbtqgamearchive.com/game-series/harvest-moonstory-of-seasons-series,Harvest Moon/Story of Seasons Series,,non_character_reference,no,non_character_reference,"Year: 1996 Publisher: Marvelous Entertainment Developer: Marvelous Interactive Creator: Yasuhiro Wada Country: Japan Genre: Life simulation, farming simulation, role-playing Platforms: Various “Harvest Moon Coverart” by Source. Licensed under Fair use via Wikipedia – https://en.wikipedia.org/wiki/File:Harvest_Moon_Coverart.png#/media/File:Harvest_Moon_Coverart.png Harvest Moon , now known as Story of Seasons, is a farming/role-playing games. The player is tasked with rebuilding an run-down farm, and along the way befriends townsfolk and gets married. LGBTQ references in this game series : Best Friend System in Harvest Moon DS Cute (2005) Harvest Moon: The Tale of Two Towns (2010) : Harold Harvest Moon: A New Beginning (2012): Cross-dressing True Love Mod for Harvest Moon: Friends of Mineral Town (2013) Story of Seasons (2014) : Marian See also QRM’s entry for this game . Citations: Harve",,2026-08-22
Gay and lesbian characters,Singles: Flirt Up Your Life,2003,https://lgbtqgamearchive.com/2016/08/30/gay-and-lesbian-characters-in-singles-flirt-up-your-life,Gay and Lesbian Characters in Singles: Flirt Up Your Life,Bisexual; Bisexual (implicit); Characters; Gay; Gay (explicit); Lesbian; Lesbian (explicit); Playable Character; Queer Men,character_candidate,no,needs_character_review,"Image credit: http://pcmedia.ign.com/pc/image/article/519/519270/singles-flirt-up-your-life-20040526072454664.jpg Singles: Flirt Up Your Life is a lifestyle simulation game in which the player controls two characters that share the same apartment with the goal of making them hook up. There are a dozen different characters (though all of them are white), including one lesbian and one gay man. The game allows for the player to couple one of the gay characters with a straight character, and eventually get them to have sex, though it is hard to facilitate. Relatedly, it is extremely difficult to get the gay man and lesbian woman to have sex with each other, though players have tried. Citations Steve Butts. (2004, May 26). Singles: Flirt Up Your Life Review. IGN Reviews. Retrieved from http://www.ign.com/articles/2004/05/27/singles-flirt-up-your-life?page=1 Greg Kasavin. (2004, May 26). Singl",,2026-08-22
Gender Option,Way of the Samurai 2,2003,https://lgbtqgamearchive.com/2016/08/30/gender-option-in-way-of-the-samurai-2,Gender Option in Way of the Samurai 2,2000s; Queerly Read/Rumored,queer_reading_candidate,no,queer_reading_candidate,"Male Mifune, screenshot from: https://www.youtube.com/watch?v=jfD00iRauvI Female Mifune, screenshot from: https://www.youtube.com/watch?v=GrjBRY5Ek5k Way of the Samurai 2 depicts the story of a wandering samurai named Mifune (though you are able to change their name), who becomes caught between feuding factions after stumbling upon the remote Japanese village of Amhara. The game has a variety of story trajectories depending on choices that the player makes starting from the very first scene. Among other cosmetic customization options, the player is able to unlock the ability to play as a female character, but this has largely no real impact on gameplay. The player is referred to as “he/him” by NPCs regardless of whether or not they choose the male version of Mifune. These two videos show the opening of the game with the player as male Mifune and female Mifune respectively, and demonstrat",,2026-08-22
Harold,Harvest Moon: Friends of Mineral Town; Harvest Moon DS Cute; Harvest Moon: The Tale of Two Towns; Harvest Moon: A New Beginning; Story of Seasons (Harvest Moon),2003; 2005; 2010; 2012; 2014,https://lgbtqgamearchive.com/2015/09/03/howard-in-harvest-moon-a-tale-of-two-towns,Howard in Harvest Moon: A Tale of Two Towns,2010s; Gay; Gay (implicit); Gender non-conforming; Queer Men,character_candidate,yes,already_registered,"Howard Image credit http://fogu.com/hm10/villagers/howard.php Howard is a cafe owner in Harvest Moon: A Tale of Two Towns. He is portrayed as effeminate, wears make up, and has a pink bedroom. Howard is also described as liking flowers and perfume. His sexuality is not explicitly mentioned, but it does seem that he is coded as implicitly gay, at least in the video here . LGBTQ references in this game series : Best Friend System in Harvest Moon DS Cute (2005) Harvest Moon: The Tale of Two Towns (2010) : Harold Harvest Moon: A New Beginning (2012): Cross-dressing True Love Mod for Harvest Moon: Friends of Mineral Town (2013) Story of Seasons (2014) : Marian Citations: Harvest Moon: The Tale of Two Towns. (n.d.). Retrieved from https://en.wikipedia.org/wiki/Harvest_Moon:_The_Tale_of_Two_Towns Howard. (n.d.). Retrieved from http://fogu.com/hm10/villagers/howard.php Is Howard (from Bluebell) ",,2026-08-22
Juhani,Star Wars: Knights of the Old Republic,2003,https://lgbtqgamearchive.com/2015/11/14/juhani-in-star-wars-knights-of-the-old-republic,Juhani in Star Wars: Knights of the Old Republic,2000s; Characters; Lesbian; Lesbian (explicit); Mods; Optional Relationship; Queer Women; Relationships/Romance/Sex,character_candidate,yes,already_registered,"Image credit http://starwars.wikia.com/wiki/Juhani?file=Juhanihead.jpg Juhani, a Cathar Jedi Knight, is an NPC in the Star Wars Old Republic Era. She appears in Star Wars: Knights of the Old Republic, but is mentioned or shown as a hologram in later games in this series and in Star Wars: The Old Republic. She is “the first female character written for the Star Wars universe that is a lesbian” ( Juhani, n.d. ). Other lesbian, bisexual, and gay characters appear as romanceable options in Star Wars: The Old Republic. When the game was first released, a bug in the code meant that she could be romanced by male or female player-characters. That error was later corrected with patches that made her only available to female PCs. Players have created mods, however, that make her a romance option for male PCs. When the players meets Juhani for the first time, they have the option of killing her. If",,2026-08-22
Lionel and Mark Finley,Deus Ex: Invisible War,2003,https://lgbtqgamearchive.com/2016/08/29/lionel-and-mark-finley-in-deus-ex-invisible-war,Lionel and Mark Finley in Deus Ex: Invisible War,2000s; Characters; Gay; Gay (explicit); Queer Men,character_candidate,yes,already_registered,"Lionel, image credit: http://vignette4.wikia.nocookie.net/deusex/images/1/1e/Lionel.jpg/revision/latest?cb=20120609214714&path-prefix=en Deus Ex: Invisible War is a first-person cyberpunk RPG in which the player navigates a post-apocalyptic world being fought over by various political factions. The protagonist Alex Denton may be either male or female, with three different skin tone options depending on the player’s choice. During the Club Vox arc (if the male gender option is chosen), Alex is flirted with by Mark Finley who is the current Seattle Minster for Culture. Screen grab from: https://www.youtube.com/watch?v=HWgkf_TXiKY&t=10m47s Alex is asked to invite Lionel, a young gay artist, to Finley’s penthouse to “discuss his sculptures over a glass of sherry”. After successfully convincing Lionel to attend join Finley, Alex is hired as Finley’s “chamber boy” or “chamber girl,” which cons",,2026-08-22
Marian,Harvest Moon: Friends of Mineral Town; Harvest Moon DS Cute; Harvest Moon: The Tale of Two Towns; Harvest Moon: A New Beginning; Story of Seasons (Harvest Moon),2003; 2005; 2010; 2012; 2014,https://lgbtqgamearchive.com/2015/09/03/marian-in-story-of-seasons,Marian in Story of Seasons,2010s; Gay; Gay (explicit); Gender non-conforming; Queer Men,character_candidate,yes,already_registered,"Marian Image credit http://harvestmoon.wikia.com/wiki/Marian_(SoS) Marian is a doctor in Story of Seasons (which is part of the Harvest Moon series). Marian’s gender appears to be a subject of much confusion , because of his appears. As Kori Michelle, points out, however, this gendered performance does not necessarily indicate Marian’s gender identity. He uses male pronouns in the game and others use male pronouns for him as well. In fact, XSeed, the publisher of the North American version of the game, released a statement indicate that Marian is male character. He also talks about his boyfriend in the game, which is likely why is is listed as a “ flamboyant homosexual man ” on the Harvest Moon wiki. A video from the game featuring Marian is available here . LGBTQ references in this game series : Best Friend System in Harvest Moon DS Cute (2005) Harvest Moon: The Tale of Two Towns (2010)",,2026-08-22
Same-sex flirting,Way of the Samurai 2,2003,https://lgbtqgamearchive.com/2016/09/05/same-sex-flirting-in-way-of-the-samurai-2,Same-Sex Flirting in Way of the Samurai 2,2000s; Optional Relationship; Relationships/Romance/Sex; Sex Workers and Bisexuality,non_character_reference,no,non_character_reference,"Way of the Samurai 2 depicts the story of a wandering samurai named Mifune (though you are able to change their name), who becomes caught between feuding factions after stumbling upon the remote Japanese village of Amhara. After unlocking the ability to play as a female character , the player is able to re-visit the brothel and flirt with the various female workers. LGBTQ references in this game: Gender Option Same-sex flirting Citations Various. (n.d.). Way of the Samurai (series page). TV Tropes Wiki. Retrieved from http://tvtropes.org/pmwiki/pmwiki.php/VideoGame/WayOfTheSamurai Various. (n.d.). Way of the Samurai 2 (game page). Way of the Samurai Wiki. Retrieved from http://wots.wikia.com/wiki/Way_of_the_Samurai_2 Adenosine. (2004, July 20). Way of the Samurai 2 – Walkthrough. IGN Faqs. Retrieved from http://www.ign.com/faqs/2004/way-of-the-samurai-2-walkthrough-496968 Zeithri. (2011,",,2026-08-22
Tornado Tonion,Mega Man X7,2003,https://lgbtqgamearchive.com/2016/08/30/tornado-tonion-in-mega-man-x7,Tornado Tonion in Mega Man X7,2000s; Characters; Gay; Gay (implicit); Queer Men,character_candidate,yes,already_registered,"Image credit: Image of Tornado Tonion: http://vignette4.wikia.nocookie.net/megaman/images/e/e1/Tornadotonionhead.jpg/revision/latest?cb=20090225143956 Tornado Tonion is a boss character in Mega Man X7 , whose physical appearance is meant to resemble a technologically enhanced onion. Tornado Tonion is portrayed in his boss fight with campy dialogue and affected speech mannerisms, which has led some fans to read him as being gay. In a cutscene before the player fights him, he remarks on Axl’s physical appearance as “handsome”. Citations Various. (n.d). Mega Man X (game page). TV Tropes Wiki. Retrieved from http://tvtropes.org/pmwiki/pmwiki.php/VideoGame/MegaManX Various. (n.d.). Tornado Tonion (character page). Mega Man Wiki. Retrieved from http://tvtropes.org/pmwiki/pmwiki.php/VideoGame/MegaManX Various. (2009, May 30). Gay Maverick???. Capcom Unity Forum. Retrieved from http://www.capcom",,2026-08-22
True Love Mod for Harvest Moon: Friends of Mineral Town (2013),Harvest Moon: Friends of Mineral Town; Harvest Moon DS Cute; Harvest Moon: The Tale of Two Towns; Harvest Moon: A New Beginning; Story of Seasons (Harvest Moon),2003; 2005; 2010; 2012; 2014,https://lgbtqgamearchive.com/2015/09/03/mod-for-harvest-moon-friends-of-mineral-town,Mod for Harvest Moon: Friends of Mineral Town,2010s; Mods; Optional Relationship,needs_unit_review,no,needs_unit_review,"Screenshot from hacked game Image credit http://www.englishotomegames.net/post/83945618944/harvest-moon-friends-of-mineral-town-true-love In 2013, ROM hacker Duy Nguyen released a hack that swaps the male and female protagonists from 2003’s Harvest Moon: Friends of Mineral Town into one another’s games. This means that the women can marry the female NPCs, and men can marry the male NPCs available in each others’ games. The files for this are available here . LGBTQ references in this game series : Best Friend System in Harvest Moon DS Cute (2005) Harvest Moon: The Tale of Two Towns (2010) : Harold Harvest Moon: A New Beginning (2012): Cross-dressing True Love Mod for Harvest Moon: Friends of Mineral Town (2013) Story of Seasons (2014) : Marian Citations: Harvest Moon: Friends of Mineral Town. (n.d.). Retrieved from https://en.wikipedia.org/wiki/Harvest_Moon:_Friends_of_Mineral_Town Harves",,2026-08-22
“Bad Ending” with Tomoya Okazaki and Youhei Sunohara,Clannad,2004,https://lgbtqgamearchive.com/2016/07/27/bad-ending-with-tomoya-okazaki-and-youhei-sunohara-in-clannad,“Bad Ending” with Tomoya Okazaki and Youhei Sunohara in Clannad,2000s; Characters; Gay; Gay (implicit); Optional Relationship; Queer Men; Relationships/Romance/Sex,character_candidate,yes,already_registered,"Image of Youhei Sunohara: http://vignette4.wikia.nocookie.net/c__/images/d/dd/Youhei_sunohara.jpg/revision/latest?cb=20110626171359&path-prefix=clannad Image of Tomoya Okazaki: https://i.kinja-img.com/gawker-media/image/upload/s–ANm1xkwV–/c_fit,fl_progressive,q_80,w_636/1533533613288648621.jpg Clannad is a visual novel that explores the story of protagonist Tomoya Okazaki as he navigates his senior year of high school. The visual novel follows Tomoya’s interactions and romantic endeavors with various other high schoolers as the player works towards the “true ending” in which Tomoya ends up with Nagisa Furukawa (the principal love interest). The visual novel shares a similar story to the anime of the same name, but the visual novel format allows the plot to meander based on the player’s choices. However, it is possible to trigger “bad endings”, one of which involves Tomoya deciding that h",,2026-08-22
Cross-Dressing,Fable; Fable II; Fable III,2004; 2008; 2010,https://lgbtqgamearchive.com/2015/08/27/cross-dressing-in-fable-series,Cross-Dressing in Fable Series,2000s; 2010s; Cross-dressing; Traits,non_character_reference,no,non_character_reference,"In Fable II and III, the player can choose a male or female avatar. Regardless of their choice, they can wear any of the clothes available in the game. The clothing is still gendered, however, as demonstrated on the lists of Fable II and Fable III clothing. Moreover, each piece of clothing can raise “cross-dressing” or “transvestism stats” depending on the gender of the player-character, as shown in the charts on this page . NPC responses to a player-character’s crossdressing, however, can vary, as discussed here . LGBTQ references in this game series : All games: Sex Workers ; Relationship Options Fable II (2008): Potion of Transmogrification Fable II and Fable III (2010): Reaver ; LGB NPCs ; Cross-Dressing Citations: Fable II Clothing. (n.d.). Retrieved from http://fable.wikia.com/wiki/Fable_II_Clothing Fable III Clothing. (n.d.). Retrieved from http://fable.wikia.com/wiki/Fable_III_Cl",,2026-08-22
game series,Fable; Fable II; Fable III,2004; 2008; 2010,https://lgbtqgamearchive.com/game-series/fable,Fable series,,non_character_reference,no,non_character_reference,"Year: 2004 Publisher: Microsoft Game Studios Developer: Big Blue Box Studios/Lionhead Studios Designer: Peter Molyneux Country: UK Genre: Action-adventure, role-playing Platform: XBox Consoles Box art Image credit http://en.wikipedia.org/wiki/Fable_(video_game) Fable is a role-playing series set in the mythical land of Albion. Players control an avatar known as “The Hero.” The Hero is male in the first game, but there are male and female options in the second two games. The Heroes of games 2 and 3 are descendants of the first game’s “Hero of Oakvale.” In the game, the player can choose to perform in a manner that makes them more aligned with “good” or “evil.” Much of the game requires the use of magic and fighting skills, but a major part of interacting with non-player characters involve conversing with them via gestures, gifts, etc.. Progress through the game also affects the Hero’s app",,2026-08-22
Jean Armstrong,Phoenix Wright: Ace Attorney Trials and Tribulations,2004,https://lgbtqgamearchive.com/2016/05/25/jean-armstrong-in-phoenix-wright-ace-attorney-trials-and-tribulations,Jean Armstrong in Phoenix Wright: Ace Attorney – Trials and Tribulations,2000s; Changed in localization; Characters; Gay; Gay (explicit); Gender non-conforming; Queer Men,character_candidate,yes,already_registered,"Image credit: http://vignette1.wikia.nocookie.net/aceattorney/images/c/ce/Jean_Armstrong_OA.png/revision/latest?cb=20140923082232 Jean Armstrong is a gay male character in Phoenix Wright: Ace Attorney- Trials and Tribulations , in which he owns a French restaurant and conducts his business in his “French maid” drag persona named Claurice Armstrong. Some fans have speculated about Armstrong’s identity as the English localization raised some questions due to its sometimes vague descriptions of Armstrong’s gender and sexuality. Janet Hsu, an employee of Capcom who works in English localization, penned a blog post expanding on various aspects of the Ace Attorney series. She discusses the challenge of localizing Jean Armstrong’s character, citing the difficult process of conveying his gender and sexuality accurately between languages. According to Hsu, Jean Armstrong is a cisgender gay man wh",,2026-08-22
LGB NPCs,Fable; Fable II; Fable III,2004; 2008; 2010,https://lgbtqgamearchive.com/2015/08/28/lgb-npcs-in-fable-series,LGB NPCs in Fable series,2000s; 2010s; Bisexual; Bisexual (explicit); Characters; Gay; Gay (explicit); Lesbian; Lesbian (explicit); Optional Relationship; Queer Men; Queer Women,character_candidate,no,needs_character_review,"Fable 2 NPC personality screen Image credit: Adrienne Shaw, 2013 In Fable II and III, players can highlight NPCs to get more information about them. This information includes their sexuality (Lesbian, Gay, Bisexual, or Straight). Players can only successfully romance NPCs who are sexually compatible with them (i.e., only a female player-character can romance a lesbian NPC). Children, guard, and enemy NPCs cannot be romanced and thus have no sexuality listed. All sex workers in the game are bisexual . LGBTQ references in this game series : All games: Sex Workers ; Relationship Options Fable II (2008): Potion of Transmogrification Fable II and Fable III (2010): Reaver ; LGB NPCs ; Cross-Dressing Citations: Fable (video game series). (n.d.). Retrieved from http://en.wikipedia.org/wiki/Fable_(video_game_series) Shaw, A. (2013, October 16). The lost queer potential of Fable.Culture Digitally ",,2026-08-22
Pisha,Vampire: The Masquerade- Bloodlines,2004,https://lgbtqgamearchive.com/2015/11/21/pisha-in-vampire-the-masquerade-bloodlines,Pisha in Vampire the Masquerade: Bloodlines,2000s; Characters; Lesbian; Lesbian (explicit); Queer Women,character_candidate,yes,already_registered,"Image credit http://vtmb.wikia.com/wiki/File:Pisha.png Pisha is not this vampire’s real name (which she never reveals), but the name of her past lover/companion. When the player first meets her, she says:,”My birth name I tell no one. You may address me as Pisha. Pisha was the name of my companion and lover in the time before my death 230 years ago. She has no need of a name.” This scene can be viewed in this video (around 5:30). This seems to be the only reference to her sexuality in the game. LGBTQ references in this game : Pisha Same-sex Flirtations Citations Lesbian Vampire. (n.d.). Retrieved from http://tvtropes.org/pmwiki/pmwiki.php/Main/LesbianVampire LGBT characters in video games. (n.d.). Retrieved from http://en.wikipedia.org/wiki/LGBT_characters_in_video_games PhilRogal. (2010, March 24). Vampire the Masquerade. Bloodlines. A Nosferatu meets Pisha. YouTube. https://www.youtube",,2026-08-22
Potion of Transmogrification,Fable; Fable II; Fable III,2004; 2008; 2010,https://lgbtqgamearchive.com/2015/08/28/potion-of-transmogrification-in-fable-ii,Potion of Transmogrification in Fable II,2000s; Actions; Artifacts; Homophobia/Transphobia; Transphobia,non_character_reference,no,non_character_reference,"In Fable II, after completing the main game, there is a side-quest in which the player can obtain the Potion of Transmogrification . To access this quest, the player must first buy Fairfax Castle (for 1,000,000 gold). Taking this potion will irreversibly change the player-character from male to female, or female to male. A video of this transformation can be seen here . Following the transformation, NPCs will comment “didn’t you used to be a man?” (if the player-character was male). Any spouses whose sexuality makes them “incompatible” with the player-character’s new gender will no longer have sex with them. In sum, only bisexual spouses continue to be attracted to the Hero. LGBTQ references in this game series : All games: Sex Workers ; Relationship Options Fable II (2008): Potion of Transmogrification Fable II and Fable III (2010): Reaver ; LGB NPCs ; Cross-Dressing Citations: Castle F",,2026-08-22
Reaver,Fable; Fable II; Fable III,2004; 2008; 2010,https://lgbtqgamearchive.com/2015/08/28/reaver-in-fable-series,Reaver in Fable series,2000s; 2010s; Bisexual; Bisexual (explicit); Queer Men,character_candidate,yes,already_registered,"Reaver in Fable 3 Image credit http://fable.wikia).com/wiki/Reaver Reaver appears in the second and third games of the Fable series , and appears to be immortal. In Fable II he is a pirate, while in Fable III he is a factory owner. He is an evil character, whom the player made side with, depending on their alliance. He is also explicitly bisexual and portrayed as highly promiscuous. Relatedly, in order to get the “player” augment for “legendary pistol” manufactured by Reaver industries, the player-character has to have an orgy with four other people. LGBTQ references in this game series : All games: Sex Workers ; Relationship Options Fable II (2008): Potion of Transmogrification Fable II and Fable III (2010): Reaver ; LGB NPCs ; Cross-Dressing Citations: Reaver. (n.d.). Retrieved from http://fable.wikia.com/wiki/Reaver Reaver Industries Perforator. (n.d.). Retrieved from http://fable.wik",,2026-08-22
Relationship Options,Fable; Fable II; Fable III,2004; 2008; 2010,https://lgbtqgamearchive.com/2015/08/27/relationship-options-in-fable-series,Relationship Options in Fable Series,2000s; 2010s; Optional Relationship; Relationships/Romance/Sex,non_character_reference,no,non_character_reference,"Throughout the Fable series , players have had same-sex relationship options. In the first game, this was reportedly a coding “accident” that designers decided to leave in. NPCs are coded as being able to like the Hero, and if they like him enough, they fall in love with him. Male NPCs are not coded to not fall in love with the Hero, so it is possible for them to fall in love and marry the male player-character. However, when they get married there is not a cut-scene or dowery as there is when he marries a female NPC. Moreover, in Fable I, the player’s sexuality is listed as “unknown” until they marry or have sex with someone. Screenshot Fable 1 Image credit: Adrienne Shaw, 2013 If the player marries a male character, their sexuality changes to “gay.” If they marry a female character, their sexuality is listed as “heterosexual.” And if they marry an NPC of each gender, they are listed as",,2026-08-22
Same-sex Flirtations,Vampire: The Masquerade- Bloodlines,2004,https://lgbtqgamearchive.com/2015/11/21/same-sex-relationships-in-vampire-the-masquerade-bloodlines,Same-Sex Flirtations in Vampire the Masquerade: Bloodlines,2000s; Mods; Optional Relationship; Relationships/Romance/Sex; Sex Workers and Bisexuality,non_character_reference,no,non_character_reference,"In Vampire the Masquerade Bloodlines, female player-characters can flirt with, seduce, and in one instance have sex with female non-player characters (with the exception of characters in Giovanni’s Mansion– see here and here ). For instance, male and female player-characters can have sex with the non-player character Jeanette, provided certain in-game conditions are met . The sex is only implied through voice-acting over a black screen, however. A video of this scene can be viewed here . Players can also hire sex workers who they kiss and then drink the blood of, as seen in this video . Male PCs cannot, for the most part, flirt with male NPCs, and there are no male same-sex sex options. There are official game patches that re-enable the bisexuality of two male NPCs (the clerk at the Empire Hotel and Phil , according to this forum thread ). There is also reportedly a mod that makes the ch",,2026-08-22
Same-sex marriage,Mabinogi,2004,https://lgbtqgamearchive.com/2016/08/30/same-sex-marriage-in-mabinogi,Same Sex Marriage in Mabinogi,2000s; Optional Relationship; Relationships/Romance/Sex,non_character_reference,no,non_character_reference,"Screenshot from https://www.youtube.com/watch?v=f02lwYi2HEI Mabinogi is a multiplayer online role playing game, set in a world inspired primarily by Celtic Mythology. In 2012, the game received a large update which included the addition of same-sex marriage, however this change was restricted to North American players. The addition came due to suggestions from the game’s community , and the game allows same-sex couples to adopt children as well. Citations: Various. (n.d.). Marriage in Mabinogi. Mabinogi Wiki. Retrieved from http://wiki.mabinogiworld.com/view/Marriage Lydia Sung. (2012, October 29). Nexon adds same-sex marriage to Mabinogi MMO, but only in North America. Neoseeker (website). Retrieved from http://www.neoseeker.com/news/21260-nexon-adds-samesex-marriage-to-mabinogi-mmo-but-only-in-north-america/ Various. (n.d.). (2013, August 20). What games can you have a gay marriage? MM",,2026-08-22
Sex Workers,Fable; Fable II; Fable III,2004; 2008; 2010,https://lgbtqgamearchive.com/2015/08/27/sex-workers-in-fable-series,Sex Workers in Fable series,2000s; 2010s; Bisexual; Bisexual (explicit); Optional Relationship; Queer Men; Queer Women; Sex Workers and Bisexuality,character_candidate,no,needs_character_review,"In the Fable series there are sex workers in every game, though the number of places where they appear steadily increases in the series. In Fable I, the Darkwood Bordell o is the only place where the player can find and hire sex workers, all of whom are women. It is in a very dangerous region of the game. In one quest (video below), the player has the opportunity to take ownership of the brothel and either keep it (and have sex with the women who work their for free) or turn it into a women’s refuge (and no longer have sex with the women therein). In Fable I, sex workers are the only NPCs the player can have sex with outside of marriage. A video of this mission is available here . In Fable II and III, sex workers appear in more places in the game. In these two games, there are male and female sex workers, and all sex workers are listed as “bisexual” in their character info screens . More",,2026-08-22
The King of All Cosmos,Katamari Damacy,2004,https://lgbtqgamearchive.com/2015/11/12/the-king-of-all-cosmos-in-katamari-damacy,The King of All Cosmos in Katamari Damacy,2000s; Queer Men; Queerly Read/Rumored,queer_reading_candidate,no,queer_reading_candidate,"Image credit http://katamari.wikia.com/wiki/The_King_of_All_Cosmos The King of all Cosmos is the father of the player-character “the Prince” and the one who has tasked the player with rolling around the katamari to collect objects and rebuild the cosmos. Although the character is not officially homosexual, he is a decidedly campy and flamboyant character (which can be seen in the video here ). This has earned him spots on lists of LGBT video game characters (see here , here , and here ) Citations: Fruit Brute. (2006, July 22). Top 20 Gayest Video Game Characters – The King of All Cosmos. GayGamer.Net. http://gaygamer.net/2006/07/top_20_gayest_video_game_chara_12.html Luna Eclipse. (n.d.). Gaymer’s Paradise: GLBT characters in video games. Amazon. Retrieved from http://www.amazon.com/lm/REK3NB489COH3 Prince. (n.d.). Retrieved from http://katamari.wikia.com/wiki/Prince simsmweetwa. (2011, ",,2026-08-22
Abigail and Queer Game/Narrative,Abigail,2005,https://lgbtqgamearchive.com/2016/08/29/abigail-and-queer-gamenarrative,Abigail and Queer Game/Narrative,2000s; Queer Game/Narrative; Queer Women,character_candidate,no,needs_character_review,"Image of Abigail: http://renai.us/media/screenshot/abi.jpg Abigail is a short visual novel that explores the inner world of a young teenage girl named Abigail. She struggles through her feelings towards another teenage girl, and the story ends with her dealing with unrequited love. While very brief, the visual novel touches on belonging, young queer feelings, and coming of age. Citations Various. (n.d.). Abigail (wiki page). The Visual Novel Database. Retrieved from https://vndb.org/v5423 Various. (2005, November 6). Abigail. Ren’Ai Archive. Retrieved from http://renai.us/game/abigail.shtml Various. (2005, November 6). Abigail (Game). Ren’Ai Forum. Retrieved from https://lemmasoft.renai.us/forums/viewtopic.php?t=787",,2026-08-22
Dr. N Gin,Crash Tag Team Racing,2005,https://lgbtqgamearchive.com/2016/08/29/dr-n-gin-in-crash-tag-team-racing,Dr. N Gin in Crash Tag Team Racing,2000s; Characters; Gay; Gay (implicit); Gender non-conforming; Playable Character; Queer Men,character_candidate,yes,already_registered,"Image of Dr. N Gin, image credit: http://vignette2.wikia.nocookie.net/crashban/images/e/ea/Cmomngin.png/revision/latest?cb=20130912084548 Dr. N Gin is a playable character in Crash Tag Team Racing . A reoccurring emotionally volatile antagonist in the Crash Bandicoot series, Dr. N Gin is portrayed in Crash Tag Team Racing as having a tendency to cross-dress (particularly in a pink ballerina outfit). At one point, Dr. N Gin complains about how he isn’t “pretty enough” and is extremely happy when Crash Bandicoot gifts him a pink tutu, lipstick, and ballerina slippers. N Gin further claims that the pink slippers give him “power”. Fans have discussed his characterization as a “transvestite”, and further speculated as to whether or not this coupled with his vocal hatred of women could imply that he is a gay man. Citations Various. (n.d.) Dr. N Gin (character page). Bandipedia (Crash Bandicoot",,2026-08-22
Gay party,Playboy: the Mansion,2005,https://lgbtqgamearchive.com/2015/11/12/gay-party-in-playboy-the-mansion,Gay party in Playboy: The Mansion,2000s; Actions; Easter Egg,needs_unit_review,no,needs_unit_review,"In Playboy: The Mansion, players can organize parties at their mansion. In expanding the party customization options in the expansion pack, lead designer Jeb Haven said they added the option to create “gay parties.” As he says in one interview, “We couldn’t change the fundamental system, but there were certain things we could do to allow more choice for the player. You could have gay parties, for instance. The direction we chose was to give the player more freedom for customizing parties. If you happened to invite only guys and had them dress up in only their bathing suits and added a volleyball net, it would be a gay party. We didn’t have the animations to include male-male interactions, so we couldn’t add that: the animations were gender-specific. It was mostly a technological thing, because philosophically it would have been a fit with the license and for our company. But I did push f",,2026-08-22
Jun Watarase,Happiness,2005,https://lgbtqgamearchive.com/2016/09/26/jun-watarase-in-happiness-visual-novel,Jun Watarase in Happiness! (Visual Novel),2000s; Characters; Gender non-conforming; Homophobia/Transphobia; Transgender; Transgender (explicit); Transphobia,character_candidate,yes,already_registered,"Image credit: https://s.vndb.org/ch/08/11508.jpg Happiness! is a visual novel set in Mizuhosaka Academy, a Japanese high school that incidentally has a special section for the education of young people in the uses of magic. Jun Watarase is a major character in Happiness!, most notably known for being a self defined girl. She takes being a girl very seriously, and desires acceptance among other girls. However, the girls at her school treat her as they would any other girl. She has the desire to date a male character named Yūma, but Yūma, being unable to view her as a female like the girls, strongly refuses. Citations: Various. (n.d.). Happiness! (summary page). The Visual Novel Database. Retrieved from https://vndb.org/v362 Various. (n.d.). Watarase Jun (character page). The Visual Novel Database. Retrieved from https://vndb.org/c2 Various. (n.d.). Happiness! (game page). TVTropes Wiki. R",,2026-08-22
Kaidala,Neverwinter Nights: Kingmaker,2005,https://lgbtqgamearchive.com/2016/08/30/kaidala-in-neverwinter-nights-kingmaker,Kaidala in Neverwinter Nights: Kingmaker,2000s; Bisexual; Bisexual (explicit); Characters; Queer Women,character_candidate,yes,already_registered,"Image credit: http://gfx.gexe.pl/articles/neverwinter/npc/kaidala.jpg Kaidala is an optional party member in Neverwinter Nights: Kingmaker, where she fights alongside the player providing support and healing. As a nymph, she has a strong connection to nature and the player character is able to romance her (regardless of their gender) in order to gain her trust. If they are successful in establishing a relationship with her, the grove that Kaidala oversees will be replanted. Some fans have referenced her as being a part of Bioware’s first female/female relationship (if the player character is female), due to her bisexual identity. LGBTQ references in this game : Kaidala Same-Sex Flirting Citations Various. (2014, October 23). “Bisexual” Romance. Bioware Forums. Retrieved from https://forum.bioware.com/topic/516294-bisexual-romance/page-5 Gaazhagens. (2011, September 20). FAQ/Walkthrough o",,2026-08-22
Kasumi Kurasawa,A Midsummer Day’s Resonance,2005,https://lgbtqgamearchive.com/2016/07/18/kasumi-kurasawa-in-a-midsummer-days-resonance,Kasumi Kurasawa in A Midsummer Day’s Resonance,2000s; Characters; Lesbian; Lesbian (implicit); Optional Relationship; Queer Women; Relationships/Romance/Sex,character_candidate,yes,already_registered,"Image credit: https://yuechan.files.wordpress.com/2008/07/girl1.jpg?w=490 A Midsummer Day’s Resonance is a visual novel in which the player follows the story of protagonist Kasumi Kurasawa, a young high schooler who is trying to figure out her place in the world. By way of her mobile phone that begins mysteriously project images of two girls (Minamo Kawara and Itsuki Mukai) from some unknown location, Kasumi falls in love with Itsuki due to her “beautiful and gentle personality”. The visual novel explores Kasumi making sense of these newfound feelings as well as her broader teenage angst about the world. As the plot unfolds, the player learns that the three girls could never truly meet in person but Kasumi cherishes her feelings for Itsuki as she moves on with her life beyond that summer. Citations Yue-chan. (2008, July 30). Another summer story. Yue-Chan (Blog). Retrieved from https://y",,2026-08-22
Optional Relationships,7 Sins,2005,https://lgbtqgamearchive.com/2015/09/10/relationship-options-7-sins,Relationship Options 7 Sins,2000s; Optional Relationship; Relationships/Romance/Sex,non_character_reference,no,non_character_reference,"In 7 Sins the player-character (male by default) is encouraged to seduce as many women as possible. However, he can also have sexual encounters with men. In fact, in this game, bisexuality is encouraged—by seducing both men and women the player can progress through the game quicker. That said, there are significantly fewer male characters available in the game than there are women. In the only walkthrough we could find, which only chronicles the first four chapters of the game, only two male characters affect the “sex meter,” whereas nearly all of the women do. Moreover, both of those characters are found in a sex club during the “Lust” chapter of the game. LGBTQ references in this game : Optional Relationships Transphobia Citations: Gay option. (n.d.). Retrieved from http://tvtropes.org/pmwiki/pmwiki.php/Main/GayOption Spazzout. (2007, November 16). 7 Sins Walkthrough. GameFAQs. http://",,2026-08-22
Romance Options,Jade Empire,2005,https://lgbtqgamearchive.com/2015/11/12/romance-options-in-jade-empire,Romance options in Jade Empire,2000s; Mods; Optional Relationship; Relationships/Romance/Sex,non_character_reference,no,non_character_reference,"In Jade Empire, the player can choose to play as a male or female player-character . Male PCs can have relationships with three NPCs: one male, Sky, and two female, Dawn Star (the player character’s adoptive sibling, regardless of gender, and Silk Fox’s cousin) and Silk Fox (the player character’s adoptive cousin, regardless of gender, and Dawn Star’s cousin) . The male player-character can also romance both female NPCs at the same time and reportedly have a threesome with them. The female PC can only romance Sky and Silk Fox. All romances are pursued or not through conversations between the PC and NPCs and “ require that the player character take an interest in the other character’s thoughts and background ” (Romance, n.d.). Dawn Star Image credit Image credit http://jadeempire.wikia.com/wiki/Romance Silk Fox Image credit http://jadeempire.wikia.com/wiki/Silk_Fox Sky Image credit http:/",,2026-08-22
Same-sex flirting,Facade,2005,https://lgbtqgamearchive.com/2016/08/30/same-sex-flirting-in-facade,Same-Sex Flirting in Façade,2000s; Optional Relationship; Relationships/Romance/Sex,non_character_reference,no,non_character_reference,"Image of Trip and Grace, image credit: http://www.interactivestory.net/facade%20screencap.jpg Façade is an AI-driven interactive story in which the player embodies the role of a longtime friend of married couple Trip and Grace. The story begins right after an argument between Trip and Grace in their home, and the player influences its trajectory by “speaking” to the two. The main endings are Trip and Grace reconciling with each other, the player getting kicked out of the apartment, or one half of the couple deciding to leave the other. However, due to the AI features of the game, there are a number of subtle ways shape the story. One such method is through flirting with Trip and Grace, where the player can choose to flirt with one or the other (as well as proposition them for a threesome). Flirting can generally only be done when one part of the couple is busy elsewhere, and same-sex fli",,2026-08-22
Same-Sex Flirting,Neverwinter Nights: Kingmaker,2005,https://lgbtqgamearchive.com/2016/08/30/same-sex-flirting-in-neverwinter-nights-kingmaker,Same Sex Flirting in Neverwinter Nights: Kingmaker,2000s; Optional Relationship; Relationships/Romance/Sex,non_character_reference,no,non_character_reference,"Neverwinter Nights: Kingmaker allows the player character to flirt with a variety of NPCs in an attempt to build relationships with them. While it is possible to flirt with an NPC of the same gender as your player character, you cannot progress beyond mutual flirtation. LGBTQ references in this game : Kaidala Same-Sex Flirting Citations Various. (n.d.). Player Character. Neverwinter Nights Wiki. Retrieved from http://nwn.wikia.com/wiki/Player_character Various. (n.d.). Neverwinter Nights (game page). TV Tropes Wiki. Retrieved from http://tvtropes.org/pmwiki/pmwiki.php/VideoGame/NeverwinterNights Alayna M. Cole. (n.d.). Neverwinter Nights series. QueerlyRepresentMe. Retrieved from http://www.queerlyrepresent.me/database/neverwinter-nights",,2026-08-22
Tommy,Indigo Prophecy/Fahrenheit,2005,https://lgbtqgamearchive.com/2015/11/11/tommy-in-indigo-prophecyfahrenheit,Tommy in Indigo Prophecy/Fahrenheit,2000s; Gay; Gay (explicit); Queer Men,character_candidate,yes,already_registered,"Tommy and Carla Image credit http://gaygamer.net/2006/08/top_20_gayest_video_game_chara_28.html Tommy is the next door neighbor of detective Carla Valenti . He only appears once in the game, though he emails Carla and speaks to her on the phone at other moments, for instance when he gives her an important clue in the case. In the chapter “Dark Omen,” Tommy comes over to Carla’s apartment with a bottle of wine. Depending on the dialogue chosen, Tommy is more or less explicitly out as a gay man. The two dialog options for Carla below, for example, lead to Tommy explicitly stating his sexuality. Neither is required to get through the scene, however, and if the player does not chose these dialog options Tommy’s sexuality is more inferred than stated. Carla: (Option: Tommy) Are you with anyone? Tommy: Well actually I did meet someone two weeks ago. He’s very real and very nice. And he works i",,2026-08-22
Transphobia,7 Sins,2005,https://lgbtqgamearchive.com/2015/09/10/transphobia-in-7-sins,Transphobia in 7 Sins,2000s; Homophobia/Transphobia; Transgender; Transgender (explicit); Transphobia,non_character_reference,no,non_character_reference,"One of the characters in Chapter 1 of 7 Sins is Joan Fulton, who is a transwoman. According to one walkthrough , having sex with her will “really Stress you out.” LGBTQ references in this game : Optional Relationships Transphobia Citations: Spazzout. (2007, November 16). 7 Sins Walkthrough. GameFAQs. http://www.gamefaqs.com/pc/920843-7-sins/faqs/50795",,2026-08-22
Women-on-women make outs,Playboy: the Mansion,2005,https://lgbtqgamearchive.com/2015/11/12/women-on-women-make-outs-in-playboy-the-mansion,Women-on-Women Make Outs in Playboy: The Mansion,2000s; Actions; Bisexual; Bisexual (explicit); Lesbian; Lesbian (explicit); Queer Women,character_candidate,no,needs_character_review,"More central to the game than the “gay party” option are the several in-game tasks that require the player to “romantically introduce” women to one another (this is reviewed in the walkthroughs listed below). The end result of these introductions is kissing, not sex, but as they fulfill in-game objectives they are actually much more central examples of same-sex pairings than many optional relationships in other games. The images below are from this video (NOTE: the video is posted to a porn site) of a playthrough of the objective “Hook Isha Up.” In some cases the women are framed as bisexual or lesbian, but the player can also encourage any of the female NPCs to make out (but not the male NPCs), which is why we have coded this content in the manner we have. LGBTQ references in this game : Women-on-women make outs Gay party Citations: MysticWeirdo. (2005, August 1). Playboy: The Mansion W",,2026-08-22
Yaha,Drakengard 2,2005,https://lgbtqgamearchive.com/2016/08/30/yaha-in-drakengard-2,Yaha in Drakengard 2,2000s; Asexual; Asexual (Implicit); Bisexual; Bisexual (implicit); Characters; Queer Men,character_candidate,yes,already_registered,"Yaha, image credit: http://vignette2.wikia.nocookie.net/drakengard/images/1/12/Yaha.jpg/revision/latest?cb=20110701212420 Yaha is a major antagonist in the action RPG Drakengard 2 , as well as former best friend to one of the playable characters Urick. Yaha was raised with Urick in an orphanage and the player learns (through dialogue and cutscene) that Yaha has had romantic feelings for Urick since their childhood days. Due to Yaha’s magical abilities, he is exceptionally beautiful and has the power to seduce person that he wishes (aside from Urick). In reference to Urick, Yaha says lines like “When I became a pact-partner, I was so happy. With this power, I knew I could finally have you. How tragic that you rejected me then… You were the only one who wouldn’t be mine.” and “You must have known that I saw you as more than just a friend. Right, Urick?” during their battle . Yaha is also u",,2026-08-22
Amaterasu,Ōkami,2006,https://lgbtqgamearchive.com/2016/05/25/amaterasu-in-okami,Amaterasu in Ōkami,2000s; Agender; Characters; Playable Character,character_candidate,no,needs_character_review,"Image credit: http://www.zeldadungeon.net/wp-content/uploads/2012/07/Okami-HD_8.jpeg In Ōkami , the main character Amaterasu is a physical manifestation of the Japanese Shinto Sun Goddess of the same name. The Goddess Amaterasu’s previous incarnation was a “male” wolf called Shiranui, but the incarnation in Okami known as Amaterasu is referred to with female pronouns. However, Amaterasu is technically genderless (as well as the other incarnations of Goddess Amaterasu), with the developers stating that “(…) it’s good to remember that all incarnations of Amaterasu in the Okami world are gender neutral. (…) Always remember: it’s people that assign gender to the gods.” Over the years, fans have speculated and at times argued about Amaterasu’s gender, referencing moments such as Amaterasu’s reaction to seeing Priestess Rao’s breasts as impetus for assigning either a heterosexual male identity",,2026-08-22
Eater,Yggdra Union; Blaze Union; Gloria Union,2006; 2010; 2011,https://lgbtqgamearchive.com/2015/11/21/eater-in-blaze-union,Eater in Blaze Union,2010s; Characters; Gender non-conforming; Non-binary or genderqueer; Non-binary or Genderqueer (explicit),character_candidate,yes,already_registered,"Blaze Union is part of the Yggdra Union subseries of the Department of Heaven series, which as of this writing is only available in Japan. Eater is a characater in this game, who also makes a cameo in the follow up game Gloria Union. This character has a dual personality: a female one who appears during the day and a male one who only appears at night. Regardless of which personality is in control, Eater’s body is female (see here , here , and here ) and the character appears in the same clothing (see image below). The male personality reportedly (see here and here ) often complains about the clothes, but says it is what the daytime personality puts on in the morning so he can’t do anything about it. Female personality (left) and male personality (right) Eater. Image credit http://vignette3.wikia.nocookie.net/deptheaven/images/f/ff/Cjver.png/revision/latest/scale-to-width-down/225?cb=201",,2026-08-22
Garlot,Yggdra Union; Blaze Union; Gloria Union,2006; 2010; 2011,https://lgbtqgamearchive.com/2015/11/21/garlot-in-blaze-union,Garlot in Blaze Union,2010s; Bisexual; Bisexual (implicit); Characters; Queer Men,character_candidate,yes,already_registered,"Image credit http://tvtropes.org/pmwiki/pmwiki.php/Characters/BlazeUnion Garlot, whose real name is later revealed to be Gulcasa, is the main protagonist of Blaze Union (which was only released in Japan) and main antagonist in Yggdra Union (which was released in North America, Europe, and Japan). In one game path, it is implied that he has a very close (possibly romantic) relationship with Nessiah, a blind prophet. Nessiah Image credit http://tvtropes.org/pmwiki/pmwiki.php/Characters/BlazeUnion In another ending, he is paired up with a female character, Siskeir, who is Garlot’s best friend and has long had a crush on him. Siskier Image credit http://tvtropes.org/pmwiki/pmwiki.php/Characters/BlazeUnion Several authors have pointed to this as evidence that the character is implicitly bisexual (see here , here , here , and here ). Nessiah’s sexuality isn’t commented on in any of these artic",,2026-08-22
Guillo,Baten Kaitos Origins,2006,https://lgbtqgamearchive.com/2016/05/25/guillo-in-baten-kaitos-origins,Guillo in Baten Kaitos Origins,2000s; Agender; Gender non-conforming; Playable Character,needs_unit_review,no,needs_unit_review,"Image credit: http://baten-kaitos-origins.com/Images/personnage/guillo.jpg Guillo is an arcane puppet in Baten Kaitos Origins , with the souls of a sorcerer and sorceress bound to its body. Never addressed with any pronouns aside from “it”, Guillo speaks with masculine and feminine gendered voices simultaneously . In addition to its vocal style, Guillo interacts with others using a mixture of masculine, feminine, and non-human mannerisms. While Guillo seems to have on stiletto-like shoes and wears “feminine” body armor, Guillo is canonically agender (as it is a living doll). Citations: (n.d.). Guillo (character page). Baiten Kaitos Wiki. Retrieved from http://batenkaitos.wikia.com/wiki/Guillo Crocodile Dippy. (n.d.) Transgenderism in Video Games. Retrieved from http://www.mariowiki.com/The_’Shroom:Issue_100/Transgenderism_in_Video_Games (n.d.). Baten Kaitos Characters. TVTropes Wiki. Ret",,2026-08-22
Kyra,Yggdra Union; Blaze Union; Gloria Union,2006; 2010; 2011,https://lgbtqgamearchive.com/2015/11/21/kyra-in-gloria-union,Kyra in Gloria Union,2010s; Characters; Gender non-conforming; Non-binary or genderqueer; Non-binary or Genderqueer (explicit),character_candidate,yes,already_registered,"Image credit http://deptheaven.wikia.com/wiki/Kyra?file=Kyra.png Gloria Union is a spinoff of the Yggdra Union series, a series that is a subseries from Department of Heaven). One of the final, antagonistic characters in this game is Kyra. Depending on how the player progresses through the game, she is one of the final bosses of the game. In the game the character wears feminine clothing but speaks in a masculine style, and is generally treated as a genderqueer or non-binary character. The character’s coded behavior is a combination of male character and female character options, though according to one article appears to identify as female. LGBTQ references in this game series : Zilva and Elena in Yggdra Union (2006) Eater in Blaze Union (2010) Garlot in Blaze Union (2010) Kyra in Gloria Union (2011) Citations Crystal. (2012, June 26). GLBT History in Video Games: Present Day and Beyond",,2026-08-22
Makoto,Enchanted Arms,2006,https://lgbtqgamearchive.com/2015/11/10/makoto-in-enchanted-arms,Makoto in Enchanted Arms,2000s; Characters; Gay; Gay (explicit); Queer Men,character_candidate,yes,already_registered,"Screenshot from http://enchantedarmsgame.uk.ubi.com/ Makoto is an openly gay NPC in Enchanted Arms. According to the game’s official site (pictured above): “Makoto is openly gay and his friends like to call him the ‘yellow otomegokoro.’ This means roughly ‘girl’s feeling, maiden’s mind'” (Fruit Brute, 2006). Makoto is in love with Toya, one of the other main NPCs in the game. The English language voice for Makoto is much more stereotypically gay (from a Western perspective) than the Japanese version , though in both versions of the game he is very flamboyant. Citations: C0nfuzious’s channel. (2011, December 27). Enchanted Arms- Makoto Are You Ready for This pt. 2. YouTube. https://www.youtube.com/watch?v=v9EE-5HGiIU Enchanted Arms- Official Site. (2006). Retrieved from http://enchantedarmsgame.uk.ubi.com/ Kazarnowicz, M. (2007, July 21). Enchanted Arms – Makoto in Japanese. YouTube. http",,2026-08-22
Relationship Options,Bully,2006,https://lgbtqgamearchive.com/2015/11/09/relationship-options-in-bully,Relationship Options in Bully,2000s; Optional Relationship; Relationships/Romance/Sex,non_character_reference,no,non_character_reference,"Jimmy Hopkins Image credit: Image credit http://www.complex.com/pop-culture/2013/06/the-coolest-lgbt-video-game-characters-ever In the game Bully, the player-character Jimmy Hopkins can romance non-player characters. Some of these optional romances are part of specific in-game plot lines, all of which are with female characters in specific cliques. In these cases, Jimmy has to do specific things to earn the girls’ affection (a list can be found here ). In addition to these pairings, after passing his first art class, Jimmy can kiss any female students if he gives them the right gift (though this page says he can only kiss non-clique girls, and this page says he can kiss any girls in his age group). There are eight girls he can kiss. Kissing results in a health bonus for Jimmy, and the more art classes he passes, the more of a kissing bonus he gets. Billy cannot kiss any of the younger gi",,2026-08-22
this game series,Yggdra Union; Blaze Union; Gloria Union,2006; 2010; 2011,https://lgbtqgamearchive.com/game-series/union-subseries-of-department-of-heaven,,,unavailable,no,unavailable,,HTTP 404,2026-08-22
this game series,Kudos; Ludos 2,2006; 2008,https://lgbtqgamearchive.com/games-by-decade/2000s/kudos-series,Kudos series,,non_character_reference,no,non_character_reference,Year: 2006 Publisher: Positech Computing Ltd. Developer: Positech Computing Ltd. Creator: Cliff “Cliffski” Harris Country: UK Genre: Life Simulation Platform: PC/Mac Image credit: Positech Computing Ltd. Kudos is a Sims-esque life simulation game developed by UK-based Positech Games. Players control a decade of virtual life starting from age 20. The game’s accelerated calendar encompasses seven days of each month of those 10 years. Each turn constitutes a single day (or half-days on weekends) where players choose from a selection of solo and social activities. The direction a player takes their simulated self impacts their mental and physical health. LGBTQ references in this game series : Citations: Kudos. (n.d.). Retrived from https://en.wikipedia.org/wiki/Kudos_(video_game),,2026-08-22
this series,Mother 3,2006,https://lgbtqgamearchive.com/?page_id=11967,EarthBound/Mother Series,,non_character_reference,no,non_character_reference,"Year: 1989 (started) Publisher: Nintendo Developer: APE Inc. Country: Japan Genre: Role-playing Game Platforms: Various Image Credit: Retrieved from https://wikibound.info/wiki/EarthBound_(series) Image Credit: Retrieved from https://wikibound.info/wiki/EarthBound_(series) The EarthBound/Mother series began in 1989 with Mother , which was released in 2015 as EarthBound Beginnings worldwide. In 1994, it was followed by Mother 2 in Japan, or EarthBound in North America (1995). Finally, Mother 3 , which was only released in Japan, came out in 2006. The series is known for being set in modern-day America with its various casts consisting of average children with psychic powers, using average everyday items such as baseball hats and frying pans as weapons. LGBTQ References in this series : EarthBound/Mother 2 (1994): Tony Mother 3 (2006): The Magypsies See also QRM’s entry for this game serie",,2026-08-22
Wendy,Rule of Rose,2006,https://lgbtqgamearchive.com/2018/01/12/wendy-in-rule-of-rose,Wendy in Rule of Rose,2000s; Characters; Games by Decade; Lesbian; Lesbian (implicit); Queer Women,character_candidate,yes,already_registered,"Image Source: https://vignette3.wikia.nocookie.net/ruleofrose/images/f/fd/Wendysmile.png/revision/latest/scale-to-width-down/250?cb=20141102171245 Wendy is a character and the primary antagonist of the 2006 survival horror game, Rule of Rose . It is revealed through a series of cutscenes that the game’s events are born from the fractured childhood recollections of Jennifer, the game’s protagonist and a previous resident of the orphanage. Wendy was another resident of the orphanage, and formed a friendship with Jennifer soon after she moved in. The two gave each other the nicknames “prince” and “princess”, playing on the fact that Wendy’s first glimpse of Jennifer came when she was dressed in boy’s clothing. Later on, the two swear an oath of “everlasting love” to one another. LGBTQ References in this game : Wendy Sources: http://ruleofrose.wikia.com/wiki/Wendy",,2026-08-22
Zilva and Elena,Yggdra Union; Blaze Union; Gloria Union,2006; 2010; 2011,https://lgbtqgamearchive.com/2015/11/21/zilva-and-elena-in-yggdra-union,Zilva and Elena in Yggdra Union,2000s; Characters; Lesbian; Lesbian (implicit); Queer Women,character_candidate,yes,already_registered,"Zilva Image credit http://deptheaven.wikia.com/wiki/Zilva?file=Zilva.jpg Elena Image credit http://deptheaven.wikia.com/wiki/Elena?file=Elena.jpg Zilva and Elena are characters in Yggdra Union. Zilva is training Elena to be her protégée, and according to some articles the two have a very close potentially romantic relationship (see here , here , and here ). LGBTQ references in this game series : Zilva and Elena in Yggdra Union (2006) Eater in Blaze Union (2010) Garlot in Blaze Union (2010) Kyra in Gloria Union (2011) Citation: Elena. (n.d.). Retrieved from http://deptheaven.wikia.com/wiki/Zilva MageKinght404. (2012, June 12). Let’s Play Yggdra Union: The Bronquian Crusade PT50- Zilva’s Last Dance. YouTube. https://www.youtube.com/watch?v=tebZME6u7aQ Yggdra Union. (n.d.). Retrieved from http://tvtropes.org/pmwiki/pmwiki.php/VideoGame/YggdraUnion Yggdra Union. (n.d.). Retrieved from http:/",,2026-08-22
Abigail Black,Clive Barker’s Jericho,2007,https://lgbtqgamearchive.com/2016/07/27/abigail-black-in-clive-barkers-jericho,Abigail Black in Clive Barker’s Jericho,2000s; Characters; Lesbian; Lesbian (explicit); Playable Character; Queer Women,character_candidate,yes,already_registered,"Image of Abigail Black: http://vignette2.wikia.nocookie.net/jerichogame/images/8/8b/Jerichoblack.jpg/revision/latest?cb=20081204065026 Clive Barker’s Jericho follows the story of a team of military combat specialists with arcane abilities. The squad battles demons and other supernatural creatures throughout the first-person shooter/survival horror style game, with each member being adept in different areas of magic. Lt. Abigail Black is a talented sniper gifted with telekinetic powers that enable her to control her bullets mid-flight. She is also a lesbian which occasionally serves as a topic of discussion with her fellow teammates amidst life-threatening encounters with occult monsters. Clive Barker (the game’s creator) has discussed gay protagonists in video games , and in reference to Abigail’s sexuality, stated “It’s very hard in a first-person shooter to do things with the delicate ",,2026-08-22
Abu’l Nuqoud,Assassin’s Creed; Assassin’s Creed: Brotherhood; Assassin’s Creed III; Assassin’s Creed Unity; Assassin’s Creed: Syndicate,2007; 2010; 2012; 2014; 2015,https://lgbtqgamearchive.com/2018/05/29/abul-nuqoud-in-assassins-creed,Abu’l Nuqoud in Assassin’s Creed,2000s; Characters; Games by Decade; Gay; Gay (implicit); Queer Men,character_candidate,yes,already_registered,"Image credit: http://assassinscreed.wikia.com/wiki/Abu%27l_Nuqoud Abu’l Nuqoud is a merchant king of Damascus in Assassin’s Creed and one of the primary assassination targets of Altair (the player-character) in the game. Nuqoud has several dialogue parts where he discusses how people hate him for being “different,” a monster in the eyes of their God, and he has some homoerotic moments with his guards as well as Altair himself. Other NPCs note that Altair “can tell” by looking at Nuqoud (referring to his mannerisms and affective speech), and this further supports reading him as an implicitly gay character. This video shows some of his dialogue as well as Altair’s interactions with him. LGBTQ references in this game series : Assassin’s Creed (2007): Abu’l Nuqoud Assassin’s Creed: Brotherhood (2010): Leonardo da Vinci and Salaì Assassin’s Creed III (2012): Harlan Cunningham and Arend Schut ",,2026-08-22
Alliance pilot Steve Cortez,Mass Effect; Mass Effect 2; Mass Effect 3; Mass Effect: Andromeda,2007; 2010; 2012; 2017,https://lgbtqgamearchive.com/2015/10/30/alliance-pilot-steve-cortez-mass-effect-3,Alliance Pilot Steve Cortez in Mass Effect 3,2010s; Gay; Gay (explicit); Queer Men,character_candidate,yes,already_registered,"Steve Cortez. Image credit http://masseffect.wikia.com/wiki/Steve_Cortez?file=ME3_Steven_Cortez.png Steve is the first gay character to date on the Mass Effect universe. Steve was married to Robert, who is now deceased. The character development goes from Steve still suffering his loss, with either Female or Male Shepard helping him ho through this process, to a Steve that enjoys living again. In this point, he opens the possibility to love again and can engage in a love relationship with Male Shepard. Steve is also very good friend with James Vega, a heterosexual character that can either develop a relationship with Female Shepard or with Ashley (one of the three NPC romances that we can see on the game, the other being Garrus Vakarian with Tali Zorah vas Normandy and the Normandy pilot Joker with artificial intelligence-turned-real EDI). LGBTQ references in this game : Romance Options ",,2026-08-22
Brute Splicers,BioShock; Bioshock 2; Bioshock: Infinite; Bioshock: Infinite- Burial at Sea Episode 1,2007; 2010; 2013; 2013,https://lgbtqgamearchive.com/2015/11/24/brute-splicers,Brute Splicers in BioShock 2,2010s; Characters; Gay; Gay (implicit); Homophobia; Homophobia/Transphobia; Queer Men,character_candidate,no,needs_character_review,"Image credit Citations: 1. Brute. (n.d.). Retrieved from http://bioshock.wikia.com/wiki/Brute In BioShock 2, Brute Splicers are a type of enemy with a large, muscular build. They are exclusively male, and speak with a British cockney accent. Normally they are very aggressive, and make homophobic remarks such as “Fucking sodomites everywhere,” “You callin’ me a poof?”, and “You turn my stomach, poof”. When encountering a Big Sister, a female enemy in the game, they remark, “Not my bloody type, luv”. When hypnotized by the player (male), they take a different, more homoerotic tone: “I love you, ya lil’ shite. I do,” “I’d look a poof in that suit, but you carry it,” etc. Overall, the Brute Splicers seem to represent the of stereotype of the closeted gay man, exaggerating masculinity to mask their own insecurities. LGBTQ references in this game series : BioShock (2007): Sander Cohen BioShock",,2026-08-22
Chevalier d’Éon,Assassin’s Creed; Assassin’s Creed: Brotherhood; Assassin’s Creed III; Assassin’s Creed Unity; Assassin’s Creed: Syndicate,2007; 2010; 2012; 2014; 2015,https://lgbtqgamearchive.com/2018/06/01/chevalier-deon-in-assassins-creed-unity,Chevalier d’Éon in Assassin’s Creed Unity,2010s; Characters; Games by Decade; Real Person; Transgender; Transgender (implicit),non_character_reference,yes,already_registered,"Image credit: Marquis D’Éon. (n.d.). Retrieved from http://assassinscreed.wikia.com/wiki/Chevalier_d%27%C3%89on Chevalier d’Éon is a French transgender woman known for her work as a diplomat, spy, dueler, and military exploits. The game describes her as : “Le Chévalier d’Éon, showman and swordswoman! We are at loss for words. Should these pages be singing the glory of his exquisite taste in dresses or the unique finesse of his deadly swordplay? Le Chévalier d’Éon has dumbfounded us once again .” Notably, however, the character is voiced by a male voice-actor. D’Éon first began dressing as a woman for her espionage services for France in the mid 1700s, but she began publicly and routinely presenting as female in 1777. In Assassin’s Creed: Unity, d’Éon introduces herself as “a master swordsman” and tells Assassin Arno to “not be confused by my attire, I simply prefer to clothe myself in fe",,2026-08-22
"Comm Specialist, Samantha Traynor",Mass Effect; Mass Effect 2; Mass Effect 3; Mass Effect: Andromeda,2007; 2010; 2012; 2017,https://lgbtqgamearchive.com/2015/10/30/comm-specialist-samantha-traynor-mass-effect-3,"Comm Specialist, Samantha Traynor in Mass Effect 3",2010s; Lesbian; Lesbian (explicit); Queer Women,character_candidate,yes,already_registered,"Samantha Traynor. Image credit http://masseffect.wikia.com/wiki/Samantha_Traynor?file=ME3_Samantha_Traynor_Character_Shot.png Samantha Traynor is the first openly lesbian character in Mass Effect. She appears in the story as a novice but promising communication’s specialist and develops a close relationship with both Female and Male Shepard. However when the latter tries to flirt with Traynor, she reveals that he is not her type. With FemShep the romance develops on the main game and intensifies during the Citadel DLC. LGBTQ references in this game : Romance Options in Mass Effect series The Asari Lieutenant-Commander Kaidan Alenko Comm Specialist, Samantha Traynor Alliance pilot Steve Cortez Nyren Kandros, Mass Effect 3 – Omega DLC Other NPCs with possible LGBTQ references Citations: Reapers Bastards. (2015, January 12). Mass Effect 3 Lesbian romance: Female Shepard and Samantha Traynor",,2026-08-22
Guard NPC,BioShock; Bioshock 2; Bioshock: Infinite; Bioshock: Infinite- Burial at Sea Episode 1,2007; 2010; 2013; 2013,https://lgbtqgamearchive.com/2016/06/25/guard-npc-in-bioshock-infinite,Guard NPC in BioShock Infinite,2010s; Characters; Gay; Gay (implicit); Queer Men,character_candidate,no,needs_character_review,"In BioShock Infinite , just prior to the Raffle Square level, there is a man in a side corner next to the door that the Luteces guard, who when approached by Booker says “Howdy sailor. What port do you call home? Any port in the storm…You know what I mean?”. It’s pretty blatantly a pick up line. LGBTQ references in this game series : BioShock (2007): Sander Cohen BioShock 2 (2010): Brute Splicers BioShock Infinite (2013): Guard NPC BioShock Infinite: Burial At Sea Episode 1: Unnamed Gay Couple Citations: Description and screenshot submitted by Emily R. Foster Brown",,2026-08-22
Harlan Cunningham and Arend Schut Cunningham,Assassin’s Creed; Assassin’s Creed: Brotherhood; Assassin’s Creed III; Assassin’s Creed Unity; Assassin’s Creed: Syndicate,2007; 2010; 2012; 2014; 2015,https://lgbtqgamearchive.com/2018/05/31/harlan-cunningham-and-arend-schut-cunningham-in-assassins-creed-iii,Harlan Cunningham and Arend Schut Cunningham in Assassin’s Creed III,2010s; Characters; Games by Decade; Gay; Gay (explicit); Queer Men,character_candidate,yes,already_registered,"Image credit: Harlan Cunningham. (n.d.). Retrieved from http://assassinscreed.wikia.com/wiki/Harlan_Cunningham Harlan Cunningham and Arend Schut Cunningham are both Assassins in the modern-day storyline of the Assassin’s Creed universe. First appearing in Assassin’s Creed III, Harlan Cunningham is a high-level Assassin based in Florence and a member of the Italian Brotherhood. Arend is a former MMA fighter and an operative of the Brotherhood based in Florance as well. In Assassin’s Creed: Rogue, it is revealed that Harlan and Arend faced homophobia as athletes growing up and they bonded over this after meeting through the Assassin Brotherhood. They are known to go on missions together and are quite protective of each other. The two got married at some point in 2015 according to the Assassin’s Creed: Initiates interactive website. Image credit: Arend Schut. (n.d.). Retrieved from http://a",,2026-08-22
Jacob Frye,Assassin’s Creed; Assassin’s Creed: Brotherhood; Assassin’s Creed III; Assassin’s Creed Unity; Assassin’s Creed: Syndicate,2007; 2010; 2012; 2014; 2015,https://lgbtqgamearchive.com/2018/05/31/jacob-frye-in-assassins-creed-syndicate,Jacob Frye in Assassin’s Creed: Syndicate,2010s; Bisexual; Bisexual (explicit); Characters; Games by Decade; Playable Character; Queer Men,character_candidate,yes,already_registered,"Image credit: Jacob Frye. (n.d.). Retrieved from http://assassinscreed.wikia.com/wiki/Jacob_Frye Jacob Frye is one of the main characters in Assassin’s Creed: Syndicate and a Master Assassin based in London during the Victorian era. Fans originally began to speculate about Jacob Frye’s sexuality due to an in-game storyline with Maxwell Roth. Due to thinly veiled flirting and overall homoerotic subtext , Fyre and Roth have been read as being romantically interested in one another, though Frye’s feelings towards Roth are complicated. Indeed, writers like Cora Walker have explored how this ambiguity and emotional turmoil in Jacob Frye’s character set him apart as a potentially queer AAA protagonist. An interview with Jeffery Yohalem (the lead writer for Syndicate) confirms the implicit gay relationship between Roth and Frye, and further discusses how their kiss right before Roth’s death is ",,2026-08-22
Joshua,The World Ends With You,2007,https://lgbtqgamearchive.com/2018/01/12/joshua-in-the-world-ends-with-you,Joshua in The World Ends With You,2000s; Characters; Games by Decade; Gay; Gay (implicit); Queer Men,character_candidate,yes,already_registered,"Image credit: http://static.tvtropes.org/pmwiki/pub/images/Joshua1.jpg Joshua is a character in the 2007 role-playing game The World Ends With You . He has a tendency to flirt with Neku, the game’s protagonist, with lines like “you watch my behind and I’ll watch yours” and “shut up and walk, dear” (said after he and Neku are accused of being gay after being seen walking together). LGBTQ References in this game : Joshua Sources: https://en.wikiquote.org/wiki/The_World_Ends_with_You#Joshua_.28Yoshiya_Kiryu.29",,2026-08-22
Leonardo da Vinci and Salaì,Assassin’s Creed; Assassin’s Creed: Brotherhood; Assassin’s Creed III; Assassin’s Creed Unity; Assassin’s Creed: Syndicate,2007; 2010; 2012; 2014; 2015,https://lgbtqgamearchive.com/2018/05/31/leonardo-da-vinci-and-salai-in-assassins-creed-brotherhood,Leonardo da Vinci and Salaì in Assassin’s Creed: Brotherhood,2010s; Characters; Games by Decade; Gay; Gay (explicit); Queer Men; Real Person,non_character_reference,yes,already_registered,"Image credit: Leonardo da Vinci. (n.d.). Retrieved from http://assassinscreed.wikia.com/wiki/Leonardo_da_Vinci In Assassin’s Creed: Brotherhood, the player-character Ezio is an old friend of Leonardo da Vinci who plays a major role in the plot of the game. Based on the historical figure of the same name, it is heavily implied that da Vinci is a homosexual man from instances of him joking that women provide little distraction to his interactions with his apprentice Salaì. In the DLC expansion, The Da Vinci Disappearance, more about their relationship is revealed as Salaì implores Ezio to find out what happened to Leonardo. Later on in the game, Ezio remarks to Leonardo that he approves of Leonardo’s relationship with Salaì to which Leonardo looks mildly shocked. Some fans have discussed their relationship and whether or not Leonardo was actually written to be gay in the series. A video of",,2026-08-22
Lewis,Assassin’s Creed; Assassin’s Creed: Brotherhood; Assassin’s Creed III; Assassin’s Creed Unity; Assassin’s Creed: Syndicate,2007; 2010; 2012; 2014; 2015,https://lgbtqgamearchive.com/2018/05/31/lewis-in-assassins-creed-syndicate,Lewis in Assassin’s Creed: Syndicate,2010s; Characters; Games by Decade; Gay; Gay (explicit); Queer Men,character_candidate,yes,already_registered,"Image credit: Lewis. (n.d.). Retrieved from http://assassinscreed.wikia.com/wiki/Lewis Lewis is a minor character in Assassin’s Creed: Syndicate, who primarily works as an aide to Maxwell Roth. He is also an ex-boyfriend of Roth, who describes him as polite and having many other talents. LGBTQ references in this game series : Assassin’s Creed (2007): Abu’l Nuqoud Assassin’s Creed: Brotherhood (2010): Leonardo da Vinci and Salaì Assassin’s Creed III (2012): Harlan Cunningham and Arend Schut Cunningham Assassin’s Creed: Unity (2014): Marquis de Sade , Chevalier d’Éon Assassin’s Creed: Syndicate (2015): Jacob Frye , Maxwell Roth , Ned Wynert , Lewis Assassin’s Creed: Odyssey (2018): Romance Options and Controversy See QRM’s entry for this game . Citations Various. (n.d.). Lewis (character page). Assassin’s Creed Wiki. Retrieved from http://assassinscreed.wikia.com/wiki/Lewis greenappleoh. (",,2026-08-22
Lieutenant-Commander Kaidan Alenko,Mass Effect; Mass Effect 2; Mass Effect 3; Mass Effect: Andromeda,2007; 2010; 2012; 2017,https://lgbtqgamearchive.com/2015/10/30/lieutenant-commander-kaidan-alenko,Lieutenant-Commander Kaidan Alenko in Mass Effect Series,2010s; Bisexual; Bisexual (explicit); Queer Men,character_candidate,yes,already_registered,"Kaiden. Image Credit http://masseffect.wikia.com/wiki/Kaidan_Alenko?file=Kaidan_Character_Box.png Kaidan Alenko is a human character that goes through a change in his sexuality from the first to the third game. In the first game Kaidan is a heterosexual character who demonstrates his interest on a Female Shepard from the start. However, in the third game, Kaidan is bisexual character that can engage in a relationship with Male and Female Shepard. Such changes on a character canon caused some fans to argue Bioware decisions to expand the possibilities of romance in ME3 . LGBTQ references in this game : Romance Options in Mass Effect series The Asari Lieutenant-Commander Kaidan Alenko Comm Specialist, Samantha Traynor Alliance pilot Steve Cortez Nyren Kandros, Mass Effect 3 – Omega DLC Other NPCs with possible LGBTQ references Citations: Cohen, D. (2011, May 16). Mass Effect Fans Worry Tha",,2026-08-22
Lillet and Amoretta,GrimGrimoire,2007,https://lgbtqgamearchive.com/2017/03/21/amoretta-and-lillet-in-grimgrimoire,,,unavailable,no,unavailable,,HTTP 404,2026-08-22
Lucy and Christina,Fatal Hearts,2007,https://lgbtqgamearchive.com/2016/05/25/lucy-and-christina-in-fatal-hearts,Lucy and Christina in Fatal Hearts,2000s; Lesbian; Lesbian (explicit); Optional Relationship; Queer Women; Relationships/Romance/Sex,character_candidate,yes,already_registered,"Image credit: http://www.funpcgame.com/images/fatal-hearts-4b.jpg Fatal Hearts follows the story of Christina, a purple haired teenage girl who finds herself involved in a deadly conflict between vampire cultists and werewolf clans. Like many visual novels, the player is able to make a variety of different choices that allow for many possible outcomes for the game’s progression. One such option involves the player choosing for Christina to reciprocate the romantic feelings of her pink haired best friend Lucy. As noted in this game review , this subplot is rather difficult to “cancel” once initiated but doesn’t really have a huge effect on the main plotline. It ultimately provides a story where two women “have a happy ending”. Citations (n.d). Fatal Hearts (Visual Novel). TVTropes Wiki. Retrieved from http://tvtropes.org/pmwiki/pmwiki.php/VisualNovel/FatalHearts Neal Chandran. (2008, July",,2026-08-22
Marquis de Sade,Assassin’s Creed; Assassin’s Creed: Brotherhood; Assassin’s Creed III; Assassin’s Creed Unity; Assassin’s Creed: Syndicate,2007; 2010; 2012; 2014; 2015,https://lgbtqgamearchive.com/2018/06/01/marquis-de-sade-in-assassins-creed-unity,Marquis de Sade in Assassin’s Creed: Unity,2010s; Bisexual; Bisexual (explicit); Characters; Games by Decade; Queer Men; Real Person,non_character_reference,yes,already_registered,"Image credit: Marquis de Sade. (n.d.). Retrieved from http://assassinscreed.wikia.com/wiki/Donatien_Alphonse_Fran%C3%A7ois,_Marquis_de_Sade Donatien Alphonse François (known as the Marquis de Sade) is a French politician, writer, philosopher, and nobleman active primarily in the 18th century. De Sade was known for his sexual deviance and insatiable desires for pushing the limits of what was acceptable in public life. He apparently pursued sexual (and often abusive) relationships with men and women alike, occasionally at the same time, and the word sadismapparently derives from his exploits. In Assassin’s Creed: Unity, De Sade’s backstory is altered a bit but his interest in sexual depravity and anti-monarchy views are present. LGBTQ references in this game series : Assassin’s Creed (2007): Abu’l Nuqoud Assassin’s Creed: Brotherhood (2010): Leonardo da Vinci and Salaì Assassin’s Creed III",,2026-08-22
Maxwell Roth,Assassin’s Creed; Assassin’s Creed: Brotherhood; Assassin’s Creed III; Assassin’s Creed Unity; Assassin’s Creed: Syndicate,2007; 2010; 2012; 2014; 2015,https://lgbtqgamearchive.com/2018/05/31/maxwell-roth-in-assassins-creed-syndicate,Maxwell Roth in Assassin’s Creed: Syndicate,2010s; Characters; Games by Decade; Gay; Gay (explicit); Queer Men,character_candidate,yes,already_registered,"Image credit: Maxwell Roth. (n.d.). Retrieved from http://assassinscreed.wikia.com/wiki/Maxwell_Roth Maxwell Roth is one of the main antagonists in Assassin’s Creed: Syndicate and a leader in London’s criminal underworld in the Victoria era. Roth is a complicated character whose advances towards Jacob Frye have been read as romantic by some fans. An interview with Jeffery Yohalem (the lead writer for Syndicate) confirms the implicit gay relationship between Roth and Frye, and further discusses how their kiss right before Roth’s death is meant to catalyze Frye’s understanding of his sexuality. The ambivalence that Frye seems to show towards Roth’s flirting and general homoerotic subtext has been discussed, but Roth seems to be genuinely interested in Frye in his own disturbed way. LGBTQ references in this game series : Assassin’s Creed (2007): Abu’l Nuqoud Assassin’s Creed: Brotherhood (2",,2026-08-22
Ned Wynert,Assassin’s Creed; Assassin’s Creed: Brotherhood; Assassin’s Creed III; Assassin’s Creed Unity; Assassin’s Creed: Syndicate,2007; 2010; 2012; 2014; 2015,https://lgbtqgamearchive.com/2018/05/31/ned-wynert-in-assassins-creed-syndicate,Ned Wynert in Assassin’s Creed Syndicate,2010s; Characters; Games by Decade; Transgender; Transgender (explicit),character_candidate,yes,already_registered,"Image credit: New Wynert. (n.d.). Retrieved from http://assassinscreed.wikia.com/wiki/Ned_Wynert Ned Wynert is a minor character in Assassin’s Creed: Syndicate and a London based transgender businessman. His background as a transgender man doesn’t really come up in-game aside from a look shared by Evie and Jacob Frye when they first meet up. Wynert primarily gives quests to the Frye twins, and the majority of their non-assassination missions are at his bidding. His backstory discusses how he spent much of his childhood secretly dressing as a boy and getting involved in the underground world of organized theft. Game developers of Syndicate have described Wynert’s trans identity as simply being another way for them to represent a diverse array of characters in the Assassins Creed universe. LGBTQ references in this game series : Assassin’s Creed (2007): Abu’l Nuqoud Assassin’s Creed: Brothe",,2026-08-22
"Nyren Kandros, Mass Effect 3 – Omega DLC",Mass Effect; Mass Effect 2; Mass Effect 3; Mass Effect: Andromeda,2007; 2010; 2012; 2017,https://lgbtqgamearchive.com/2015/10/30/nyreen-kandros-mass-effect-3-omega-dlc,"Nyreen Kandros, Mass Effect 3 – Omega DLC",2010s; Bisexual; Bisexual (implicit); Lesbian; Lesbian (implicit); Queer Women,character_candidate,yes,already_registered,"Nyreen Kandros. Image credit http://masseffect.wikia.com/wiki/Nyreen_Kandros?file=NyreenHoodless.png Nyreen Kandros is the first female Turian to appear on Mass Effect. She is also a possible lesbian or bisexual character. Although not a romance possibility for Male or Female Shepards, we learn she had a relationship with asari Aria T’loak. Aria T’Loak. Image credit http://masseffect.wikia.com/wiki/Aria_T%27Loak?file=Aria_ME2_charshot.png LGBTQ references in this game : Romance Options in Mass Effect series The Asari Lieutenant-Commander Kaidan Alenko Comm Specialist, Samantha Traynor Alliance pilot Steve Cortez Nyren Kandros, Mass Effect 3 – Omega DLC Other NPCs with possible LGBTQ references Citations: Aria T’Loak. (n.d.) Retrieved from http://masseffect.wikia.com/wiki/Aria_T%27Loak?file=Aria_ME2_charshot.png Nyreen Kandros. (n.d.). Retrieved from: http://masseffect.wikia.com/wiki/Nyre",,2026-08-22
Other NPCs with possible LGBTQ references,Mass Effect; Mass Effect 2; Mass Effect 3; Mass Effect: Andromeda,2007; 2010; 2012; 2017,https://lgbtqgamearchive.com/2015/10/30/other-npcs-with-possible-lgbtq-reference,Other NPC’s with possible LGBTQ reference in Mass Effect,2010s; Gay; Gay (implicit); Lesbian; Lesbian (implicit); Mentions; Mentions (implicit); Queer Men; Queer Women,character_candidate,no,needs_character_review,"Khalissa Al-Jiliani is a recurring character in Mass Effect. After the main battle of the Shadow Broker DLC (Mass Effect 2), a video archive of the information broker allows the player to see her involvement with an asari, thereby leading to her being possibly a lesbian character. On the same video archive, there is the suggestion of a possible gay relationship between the turian bodyguard of Aria T’Loak, Preitor Gavorn, and an unidentified male human. Many NPC’s might identify as LGBTQ, but largely those are only shown via relationships with asari characters. In Mass Effect 3, after a Female Shepard kills a fierce enemy known as Tresher Maw during the mission “Rite of Passage”, she gets breeding requests from female Krogan. LGBTQ references in this game : Romance Options in Mass Effect series The Asari Lieutenant-Commander Kaidan Alenko Comm Specialist, Samantha Traynor Alliance pilot S",,2026-08-22
Romance Options and Controversy,Assassin’s Creed; Assassin’s Creed: Brotherhood; Assassin’s Creed III; Assassin’s Creed Unity; Assassin’s Creed: Syndicate,2007; 2010; 2012; 2014; 2015,https://lgbtqgamearchive.com/?p=12164,Romance Options and Controversy in Assassin’s Creed: Odyssey,2010s; Games by Decade; Optional Relationship; Relationships/Romance/Sex,non_character_reference,no,non_character_reference,"Image Credit: Retrieved from https://www.kotaku.co.uk/2019/02/28/unsurprisingly-ac-odysseys-patched-dlc-doesnt-really-fix-that-romance-problem In Assassin’s Creed: Odyssey , players are able to romance any romanceable NPC regardless of selected gender at the beginning of the game. These romance scenes are completely alike, except for the gender of the player character. Fans and critics have praised the series for its decision to include sexual fluidity , mirroring the norms of the time the game takes place in. Others have critiqued it, saying certain representations are harmful stereotypes and that queer relationships should not always be portrayed as the same as non-queer relationships or that the gay options skew towards WLW (women loving women) relationships . Additionally, controversy over the game’s second episode of the Legacy of the First Blade DLC , Shadow Heritage, added to the ",,2026-08-22
Romance Options in Mass Effect series,Mass Effect; Mass Effect 2; Mass Effect 3; Mass Effect: Andromeda,2007; 2010; 2012; 2017,https://lgbtqgamearchive.com/2015/10/30/romance-options-in-mass-effect-series,Romance Options in Mass Effect series,2000s; 2010s; Mods; Optional Relationship; Relationships/Romance/Sex,non_character_reference,no,non_character_reference,"In the Mass Effect series, the player can romance several non-playable characters (NPCs), depending on the gender of the player-character and the sexuality of the NPC. Male Shepard can be sexually fluid due to game restrictions on relationship partners. In the first two installments, male Shepard can only be heterosexual, although it is possible to perform other sexualities through gameplay without engaging in actual romance or creating fictional romance from the game interactions. For instance, it is possible to develop a “bromance” relationship with Garrus. Fans of the ME franchise desired a gay Garrus-Shepard romance, and a glitch in the game allows those with some hacking expertise to fulfill said wish. This can be seen in the following video: In the third game, male Shepard gets two official gay romances: one with Kaidan Alenko and one with Steve Cortez (described in more detail bel",,2026-08-22
Sander Cohen,BioShock; Bioshock 2; Bioshock: Infinite; Bioshock: Infinite- Burial at Sea Episode 1,2007; 2010; 2013; 2013,https://lgbtqgamearchive.com/2015/11/24/sander-cohen-in-bioshock,Sander Cohen in BioShock,2000s; Characters; Gay; Gay (implicit); Queer Men,character_candidate,yes,already_registered,"Image credit http://vignette2.wikia.nocookie.net/bioshock/images/e/eb/Sander_Cohen.png/revision/latest?cb=20091207033435 Sander Cohen is the primary leader in arts and culture in the underwater city of Rapture, seen in decay in BioShock. He is an artist, composer, sculptor, and playwright, producing art that supports Andrew Ryan’s (the founder of Rapture) vision for the city, and for this compliance he is sometimes criticized by other characters as a hack or a sellout with little real talent. These criticisms make Cohen paranoid, and also drive him to eliminate any competition that he cannot control. After Rapture’s descent into chaos, Cohen’s art takes an even darker turn, and he often murders those who disagree with him or disappoint him, and encases them in plaster as a twisted form of sculpture. In BioShock, he forces the player to do this to several of his former disciples, photogra",,2026-08-22
Simone Cole,Clive Barker’s Jericho,2007,https://lgbtqgamearchive.com/2016/07/27/simone-cole-in-clive-barkers-jericho,Simone Cole in Clive Barker’s Jericho,2000s; Characters; Lesbian; Lesbian (implicit); Playable Character; Queer Women,character_candidate,yes,already_registered,"Image of Simone Cole: http://vignette3.wikia.nocookie.net/jerichogame/images/6/69/Cole.jpg/revision/latest?cb=20100125094011 Clive Barker’s Jericho follows the story of a team of military combat specialists with arcane abilities. The squad battles demons and other supernatural creatures throughout the first-person shooter/survival horror style game, with each member being adept in different areas of magic. Corporal Simone Cole is a programmer and the only member of Team Jericho without supernatural abilities. Instead she utilizes a plethora of self-designed technological weapons and her genius level intellect to assist her teammates. Abigail Black and Frank Delgado (another member of Team Jericho) both reference the possibility that Simone is also a lesbian, though it is not joked about in the way that the team does with Abigail. Clive Barker (the game’s creator) has discussed gay protag",,2026-08-22
The Asari,Mass Effect; Mass Effect 2; Mass Effect 3; Mass Effect: Andromeda,2007; 2010; 2012; 2017,https://lgbtqgamearchive.com/2015/10/30/asari,Asari in Mass Effect Series,2000s; 2010s; Non-binary or genderqueer; Non-binary or Genderqueer (explicit),character_candidate,no,needs_character_review,"The asari case is interesting and specific. Considered a monogendered species, the asari are portrayed with a very feminine design and standard game-industry sexualized bodies. However, as the species is monogendered, the idea of “same sex relationship” is not applicable. They only have one gender but it reads as female, or at least feminine. In the fictional universe, a relationship between an asari and any of the bi-gendered species (such as humans or turians) or between an asari and a species with unknown gender (such as the hanar), cannot be truly understood as an “LGBTQ” or heterosexual relationship. Despite these issues, the game text often refers to asari using feminine pronouns instead of gender-neutral pronouns. The same happens when asari talk about themselves and their culture, as they use words as “matriarchs” and “huntress” for determined functions within asari society. It i",,2026-08-22
this game series,BioShock; Bioshock 2; Bioshock: Infinite; Bioshock: Infinite- Burial at Sea Episode 1,2007; 2010; 2013; 2013,https://lgbtqgamearchive.com/game-series/bioshock-series,BioShock Series,,non_character_reference,no,non_character_reference,"Year: 2007 Publisher: 2K Games Developer: 2K Boston Country: USA Genre: First-person shooter Platform: Various Image credit: “Bioshock series” by Source. Licensed under Fair use via Wikipedia – https://en.wikipedia.org/wiki/File:Bioshock_series.jpg#/media/File:Bioshock_series.jpg BioShock, a first-person shooter video game series developed by 2K Boston and designed by Ken Levine, has been published for assorted game platforms since 2007. It draws upon Levine’s earlier game, System Shock. BioShock has a dystopian narrative influenced by the work of Ayn Rand and George Orwell, as well as novels such as Logan’s Run. The inaugural game takes place in 1960 in Rapture, a fictional underwater community founded in the 1940s by a business tycoon, Andrew Ryan, who initially possessed noble utopian goals. Rapture’s scientists discover ADAM, a chemical found in sea slugs, which they transform into p",,2026-08-22
Unnamed Gay Couple,BioShock; Bioshock 2; Bioshock: Infinite; Bioshock: Infinite- Burial at Sea Episode 1,2007; 2010; 2013; 2013,https://lgbtqgamearchive.com/2015/11/24/unnamed-gay-couple-in-bioshock-infinite-burial-at-sea-episode-1,Unnamed Gay Couple in BioShock Infinite: Burial at Sea Episode 1,2010s; Characters; Gay; Gay (implicit); Queer Men,character_candidate,no,needs_character_review,"Toward the beginning of the DLC Bioshock Infinite: Burial at Sea Episode One , the player encounters what appears to be a gay couple admiring the scenery of Rapture prior to its downfall. Both men are dressed in 1950s suits. One man is slightly shorter than the other and wears a hat. The men are embracing, with one’s hand on the other’s chest and one’s arm around the other’s waist. The encounter is very brief and easily missed, and does not play a significant role in the story. LGBTQ references in this game series : BioShock (2007): Sander Cohen BioShock 2 (2010): Brute Splicers BioShock Infinite (2013): Guard NPC BioShock Infinite: Burial At Sea Episode 1: Unnamed Gay Couple Citations Gay couple.png. (n.d.). Retrieved from http://bioshock.wikia.com/wiki/File:Gay_couple.png McElroy, Justin. (2013, November 11). Bioshock Infinite: Burial at Sea Episode One Review: Sink or Swim . Polygon .",,2026-08-22
Ebele,Heileen: Sail Away; Heileen 2: The Hands of Fate; Heileen 3,2008; 2009; 2012,https://lgbtqgamearchive.com/2017/02/12/ebele-in-heileen-2-the-hands-of-fate,Ebele in Heileen 2: The Hands of Fate,2000s; Bisexual; Bisexual (explicit); Characters; Optional Relationship; Queer Women; Relationships/Romance/Sex,character_candidate,yes,already_registered,"Image of Ebele and Heileen: http://vignette4.wikia.nocookie.net/steamtradingcards/images/e/ec/Heileen_2_The_Hands_Of_Fate_Artwork_8.jpg/revision/latest?cb=20140719071223 Heileen 2: The Hands of Fate explores the adventures of Heileen stranded on an island as she navigates the timeline altering effects of enchanted tarot cards. Ebele is a major character in this game, and also one of Heileen’s potential love interests. As the primary medic and cook for the stranded heroes, Ebele has a caring yet shy demeanor which Heileen finds attractive if the player pursues that storyline. While Ebele is canonically in a relationship with one of the male characters, the player can choose for her to be a primary love interest for Heileen. LGBTQ references in this game series : Heileen: Sail Away (2008): Heileen ; Lora ; Marie Heileen 2: The Hands of Fate (2009): Ebele Heileen 3: New Horizons/Sea Maidens",,2026-08-22
game series,Heileen: Sail Away; Heileen 2: The Hands of Fate; Heileen 3,2008; 2009; 2012,https://lgbtqgamearchive.com/game-series/heileen,Heileen,,non_character_reference,no,non_character_reference,"Year: 2008 Publisher: Tycoon Games Developer: Tycoon Games Creator: Riva Celso Country: Italy Genre: Visual novel Platform: Mobile, PC/Mac Image credit: http://www.heileen.com/ Heileen, a visual novel developed and published by Tycoon Games, consists of four installments: Heileen: Sail Away, Heileen 2: The Hands of Fate, Heileen 3: New Horizons, and the prequel Heileen: A Trip to Bavaria. All are focused on the titular character, a young girl in the 17th century visiting the New World. Players read through the story, making decisions that lead to one of three possible ends, including one that leaves Heileen shipwrecked on a Caribbean island. Later sequels to the game added more potential conclusions. Players can start relationships with other characters, including lesbian relationships. LGBTQ references in this game series : Heileen: Sail Away (2008): Heileen ; Lora ; Marie Heileen 2: Th",,2026-08-22
Heileen,Heileen: Sail Away; Heileen 2: The Hands of Fate; Heileen 3,2008; 2009; 2012,https://lgbtqgamearchive.com/2017/02/12/heileen-in-heileen-sail-away,Heileen in Heileen: Sail Away,2000s; Bisexual; Bisexual (implicit); Characters; Optional Relationship; Playable Character; Queer Women; Relationships/Romance/Sex,character_candidate,yes,already_registered,"Image credit: http://static.tvtropes.org/pmwiki/pub/images/heileen_title_9513.jpg Heileen: Sail Away follows the adventures of Heileen, a young noble girl, as she travels to the New World. She is accompanied by Marie (her childhood best friend) and John (a handsome sailor), both being potential love interests. Heileen has three romantic options available depending on the player’s choices, and two of them – Marie and Lora – are with women. Throughout the game Heileen is the subject of much attention from male and female characters alike, and Heileen relishes in their efforts to pursue her. LGBTQ references in this game series : Heileen: Sail Away (2008): Heileen ; Lora ; Marie Heileen 2: The Hands of Fate (2009): Ebele Heileen 3: New Horizons/Sea Maidens (2012): Juliet Citations: Cole, AM. (n.d.). Heileen series. QueerlyRepresentMe. Retrieved from http://www.queerlyrepresent.me/title/heil",,2026-08-22
Juliet,Heileen: Sail Away; Heileen 2: The Hands of Fate; Heileen 3,2008; 2009; 2012,https://lgbtqgamearchive.com/2017/02/12/juliet-in-heileen-3-new-horizonssea-maidens,Juliet in Heileen 3: New Horizons/Sea Maidens,2010s; Bisexual; Bisexual (explicit); Characters; Optional Relationship; Queer Women; Relationships/Romance/Sex,character_candidate,yes,already_registered,"Image of Juliet and Heileen: https://i.ytimg.com/vi/5yKTpcyL3Bw/maxresdefault.jpg Heileen 3: New Horizons follows Heileen as she is rescued from the island in Heileen 2 by a roving band of pirates. Heileen sets off in search of all her friends from the previous games, including past love affairs. She has 8 romantic options in total, including the 4 female partner options ( Marie , Lora , Ebele , and Juliet) added in the Sea Maidens expansion to the original Heileen 3. Juliet is a strong and loyal ally to Heileen and the player can opt to pursue her as a lover (video available here: https://www.youtube.com/watch?v=5yKTpcyL3Bw ), though she is also represented as having relationships with a male NPC. LGBTQ references in this game series : Heileen: Sail Away (2008): Heileen ; Lora ; Marie Heileen 2: The Hands of Fate (2009): Ebele Heileen 3: New Horizons/Sea Maidens (2012): Juliet Citations",,2026-08-22
Lora,Heileen: Sail Away; Heileen 2: The Hands of Fate; Heileen 3,2008; 2009; 2012,https://lgbtqgamearchive.com/2017/02/12/lora-in-heileen-sail-away,Lora in Heileen: Sail Away,2000s; Bisexual; Bisexual (explicit); Characters; Optional Relationship; Queer Women; Relationships/Romance/Sex,character_candidate,yes,already_registered,"Image of Heileen and Lora from: http://images.akamai.steamusercontent.com/ugc/391042736534536305/D4E6333D040279816EC4C4D70167FE1BA3CB8C9B/ Heileen: Sail Away follows the adventures of Heileen, a young noble girl, as she travels to the New World. She is accompanied by Marie (her childhood best friend) and John (a handsome sailor), both being potential love interests for Heileen. Lora is a side character who can be quite suggestive with Heileen depending on the player’s choices, though she is also represented as having a relationship with a male NPC. She is ceaselessly flirty with Heileen as well as other characters in the game, and mentions that she has dated a woman in the past. Lora is one of Heileen’s principal romantic options, though her ending is more implicit than the ending with Marie. LGBTQ references in this game series : Heileen: Sail Away (2008): Heileen ; Lora ; Marie Heileen",,2026-08-22
Marie,Heileen: Sail Away; Heileen 2: The Hands of Fate; Heileen 3,2008; 2009; 2012,https://lgbtqgamearchive.com/2017/02/12/marie-in-heileen-sail-away,Marie in Heileen: Sail Away,2000s; Bisexual; Bisexual (explicit); Characters; Optional Relationship; Queer Women; Relationships/Romance/Sex,character_candidate,yes,already_registered,"Image of Heileen and Marie from: http://static.winterwolves.com/assets/heileen/images/heileen01.jpg Heileen: Sail Away follows the adventures of Heileen, a young noble girl, as she travels to the New World. She is accompanied by Marie (her childhood best friend) and John (a handsome sailor), both being potential love interests for Heileen. Through the player’s choices, it is possible for Heileen and Marie to explicitly end up together, though this ending is harder to achieve than John and Heileen or a more implicit Lora and Heileen ending. If the player embarks down the storyline with Marie as Heileen’s love interest, events like Marie attempting to commit suicide are framed as her feeling lonely and longing for Heileen despite the circumstances. Marie is also represented as having a crush on a male character in the game. LGBTQ references in this game series : Heileen: Sail Away (2008): ",,2026-08-22
Mio and relationship options,Amaranto,2008,https://lgbtqgamearchive.com/2016/07/18/mio-and-relationship-options,Mio and relationship options in Amaranto,2000s; Characters; Lesbian; Lesbian (implicit); Optional Relationship; Queer Women; Relationships/Romance/Sex,non_character_reference,no,non_character_reference,"Screencap of Mio and Shizuku in bed together from the Fuwanovel Forum post: http://i.imgur.com/VOAsLQ6.jpg Amaranto is a visual novel set in a post-apocalyptic world situated within the Yuri/Girls Love genre. As such, the protagonist Mio can pursue a number of relationship “pathways” involving different girls, namely with Shizuku, Aya, Azoth, and Ria. Depending on which ending the player chooses, the relationship option that Mio ends up in can feel more or less romantic. Notably, there is no explicit sexual content in the story, at most there are “snuggle/kiss scenes” between the girls. Citations: OG-Man. (2012, November 24). Amaranto Visual Novel review. Yuri Nation (blog). Retrieved from https://yurination.wordpress.com/2012/11/24/amaranto-visual-novel-review/ Eronerd. (2013, April 25). Amaranto Review. Eronerd (Live Journal Blog). Retrieved from http://eronerd.livejournal.com/1246.htm",,2026-08-22
Possible Same-Sex Relationships,Magician’s Quest: Mysterious Times,2008,https://lgbtqgamearchive.com/2017/02/12/possible-same-sex-relationships-in-magicians-quest-mysterious-times,Possible Same-Sex Relationships in Magicians Quest: Mysterious Times,2000s; Optional Relationship; Relationships/Romance/Sex,non_character_reference,no,non_character_reference,"Screenshot from: https://www.youtube.com/watch?v=FC4gBzjgSlA Through Magician’s Quest: Mysterious Times’ relationship system, players can build either platonic relationships with NPC’s of the same gender and romantic ones with NPC’s of the opposite gender. However, as the relationships move progress, the player and the NPC in question become “bound by a strong bond”, regardless of gender. Other NPCs treat these possible pairings as romantic relationships in dialogue. LGBTQ references in this game : Roley the Hairdresser Possible Same-Sex Relationships Citations: Magician’s Quest: Mysterious Times (n.d.). Retrieved from https://en.wikipedia.org/wiki/Magician%27s_Quest:_Mysterious_Times Magician’s Quest: Mysterious Times (n.d.). Retrieved from http://www.giantbomb.com/magicians-quest-mysterious-times/3030-24354/ Magician’s Quest: Mysterious Times (n.d.). Retrieved from http://allthetropes.",,2026-08-22
Queer Game Narrative in Mighty Jill Off,Mighty Jill Off,2008,https://lgbtqgamearchive.com/2018/07/16/queer-game-narrative-in-mighty-jill-off,Queer Game Narrative in Mighty Jill Off,Characters; Lesbian; Lesbian (explicit); Playable Character; Queer Game/Narrative; Queer Women,non_character_reference,no,non_character_reference,"Image credit: Mighty Jill Off Screen. (n.d.). Retrieved from http://mightyjilloff.dessgeega.com/press.html Mighty Jill Off is a platformer indie game, developed by Anna Anthropy, whose protagonist is a submissive lesbian with a fetish for boots named Jill. Pushed off the top of a massive tower by her femme domme Queen, Jill has to climb her way back up to ultimately lick the boots of her mistress. The game plays with various queer themes, including the increasing difficulty of the game evoking a BDSM sentimentality in how the user plays it. A video play-through of the game can be viewed here . LGBTQ references in this game : Queer Game Narrative in Mighty Jill Off Citations (n.d.). Mighty Jill Off. Wikipedia. Retrieved from https://en.wikipedia.org/wiki/Mighty_Jill_Off (n.d.). Mighty Jill Off. TV Tropes Wiki. Retrieved from http://tvtropes.org/pmwiki/pmwiki.php/VideoGame/MightyJillOff An",,2026-08-22
Roley the Hairdresser,Magician’s Quest: Mysterious Times,2008,https://lgbtqgamearchive.com/2017/02/12/roley-the-hairdresser-in-magicians-quest-mysterious-times,Roley the Hairdresser in Magician’s Quest: Mysterious Times,2000s; Characters; Gay; Gay (explicit); Queer Men,character_candidate,yes,already_registered,"Image Source: http://vignette3.wikia.nocookie.net/magicians-quest/images/b/b2/Roley.png/revision/latest/scale-to-width-down/150?cb=20150918092346 In Magician’s Quest: Mysterious Times , Roley is the owner of the Mon Paris hair salon and acts as the town’s hair-stylist. He is coded as gay throughout the game, and mentions wanting to find the “man of his dreams” to player in an optional conversation. LGBTQ references in this game : Roley the Hairdresser Possible Same-Sex Relationships Citations: Magician’s Quest: Mysterious Times (n.d.). Retrieved from https://en.wikipedia.org/wiki/Magician%27s_Quest:_Mysterious_Times Magician’s Quest: Mysterious Times (n.d.). Retrieved from http://www.giantbomb.com/magicians-quest-mysterious-times/3030-24354/ Magician’s Quest: Mysterious Times (n.d.). Retrieved from http://allthetropes.wikia.com/wiki/Magicians_Quest_Mysterious_Times",,2026-08-22
Athena and Janey,Borderlands; Borderlands 2; Borderlands: The Presequel!,2009; 2012; 2014,https://lgbtqgamearchive.com/2018/06/19/athena-and-janey-in-borderlands-the-pre-sequel,Athena and Janey in Borderlands: The Pre-Sequel!,2010s; Characters; Games by Decade; Lesbian; Lesbian (explicit); Playable Character; Queer Women,character_candidate,yes,already_registered,"Image credit: Athena. (n.d.). Retrieved from http://borderlands.wikia.com/wiki/Athena Athena and Janey Springs are reoccurring characters in Borderlands: The Pre-Sequel and Tales from the Borderlands. Athena is first encountered as a playable character in The Pre-Sequel, and Janey flirts with her on more than one occasion during various campaigns. During True Vault Hunter Mode in Borderlands: The Pre-Sequel!, Tiny Tina asks whether or not Athena ever hung out with Janey implying that they must have hooked up and demanding a high-five. After a moment of embarrassed silence, Athena gives Tina a high-five confirming her speculation. In Tales from the Borderlands, Athena and Janey are explicitly in a relationship and live together. One dialogue option leads to the two women confirming that they are going to get married soon. Image credit: Janey Springs. (n.d.). Retrieved from http://borderla",,2026-08-22
Audio files at the Wildlife Exploitation Preserve,Borderlands; Borderlands 2; Borderlands: The Presequel!,2009; 2012; 2014,https://lgbtqgamearchive.com/2018/06/15/wildlife-exploitation-preserve-audio-recordings-in-borderlands-2,Wildlife Exploitation Preserve audio recordings in Borderlands 2,2010s; Games by Decade; Mentions; Mentions (explicit),needs_unit_review,no,needs_unit_review,"Image credit: Wildlife Exploitation Preserve. (n.d.). Retrieved from http://borderlands.wikia.com/wiki/Wildlife_Exploitation_Preserve The Wildlife Exploitation Preserve is a location in Borderlands 2 where a number of missions are available, one of the most notable involving the player encountering a collection of audio recordings. Fans have pointed out that it seems that a gay couple and lesbian couple were forced to run experiments on each other according to one of the logs that the player finds. LGBTQ references in this game series : Borderlands (2009): Mad Moxxi , Mr. Shank and Chaz , Brick , Patricia Tannis Borderlands 2 (2012): Audio files at the Wildlife Exploitation Preserve , Sir Hammerlock , Axton , Tiny Tina , Mr. Torgue , Maya , Motor Momma , Zer0 Borderlands: The Pre-Sequel! (2014): Athena and Janey , Rose Yin , Professor Nakayama See QRM’s entry for this game . Citations Va",,2026-08-22
Axton,Borderlands; Borderlands 2; Borderlands: The Presequel!,2009; 2012; 2014,https://lgbtqgamearchive.com/2018/06/15/axton-in-borderlands-2,Axton in Borderlands 2,2010s; Bisexual; Bisexual (implicit); Characters; Games by Decade; Playable Character; Queer Men,character_candidate,yes,already_registered,"Image credit: Axton. (n.d.). Retrieved from http://borderlands.wikia.com/wiki/Axton Axton is a playable character in Borderlands 2 and one of the major characters in the series. Originally, Axton was only supposed to have flirtatious dialogue when reviving Maya (a female party member), but the developers ended up accidentally leaving this dialogue option available for any party member that Axton revives. After player feedback on whether or not Axton was supposed to be “implicitly bisexual”, Anthony Burch wrote in more pointed dialogue for Axton that in a later DLC campaign for Borderlands 2 that emphasized his bisexual identity. This led to a scene where Axton is asked what he’ll spend his riches on after securing the Vault in the Dragon Keep DLC, he states “Guns and ladies…and sometimes dudes”. LGBTQ references in this game series : Borderlands (2009): Mad Moxxi , Mr. Shank and Chaz , B",,2026-08-22
Brick,Borderlands; Borderlands 2; Borderlands: The Presequel!,2009; 2012; 2014,https://lgbtqgamearchive.com/2018/06/07/brick-in-borderlands,Brick in Borderlands,2000s; Characters; Games by Decade; Gay; Gay (implicit); Playable Character; Queer Men,character_candidate,yes,already_registered,"Image credit: The Slab King, Brick. (n.d.). Retrieved from http://borderlands.wikia.com/wiki/Slabs Brick is a playable character in Borderlands (he ends up being an NPC in other Borderlands titles), who fulfills the Berserker role during combat. Anthony Burch (a former Gearbox writer for the series) has stated that Brick was intentionally never given lines indicating interest in women, and he also references a line in Borderlands 2 where Brick encourages a female character to keep undressing another male character. LGBTQ references in this game series : Borderlands (2009): Mad Moxxi , Mr. Shank and Chaz , Brick , Patricia Tannis Borderlands 2 (2012): Audio files at the Wildlife Exploitation Preserve , Sir Hammerlock , Axton , Tiny Tina , Mr. Torgue , Maya , Motor Momma , Zer0 Borderlands: The Pre-Sequel! (2014): Athena and Janey , Rose Yin , Professor Nakayama See QRM’s entry for this ga",,2026-08-22
Cremisius Aclassi (Krem),Dragon Age: Origins; Dragon Age II; Heroes of Dragon Age; Dragon Age: Inquisition,2009; 2011; 2013; 2014,https://lgbtqgamearchive.com/2015/09/10/cremisius-krem-aclassi-in-dragon-age-inquisition,Cremisius (Krem) Aclassi in Dragon Age: Inquisition,2010s; Transgender; Transgender (explicit),character_candidate,yes,already_registered,"Krem is the second explictly transgender character in the Dragon Age universe, however he is the first major trans character to be in one of the games. He is also one of the first transmale characters to appear in any video game (as far as we can tell). Similar to Serendipity in Dragon Age II, voiced by a male actor, Krem is voiced by a female voice actor, which has been criticized . However, many have also argued that Krem is one of the best realized trans characters in a mainstream video game (see here ). (Image credit http://dragonage.wikia.com/wiki/Cremisius_Aclassi ) A video capturing the moment where Krem comes out as a transman, and other characters’ reaction to his gender, is available below. LGBTQ references in this game series : Romance/Relationship/Sex Options in Dragon Age series Dragon Age: Origins (2009): Herren and Wade ; Hespith and Branka ; Dragon Age II (2011): Serendip",,2026-08-22
Empress Celene and Briala,Dragon Age: Origins; Dragon Age II; Heroes of Dragon Age; Dragon Age: Inquisition,2009; 2011; 2013; 2014,https://lgbtqgamearchive.com/2015/11/21/empress-celene-and-briala-from-dragon-age-inquisition,Empress Celene and Briala from Dragon Age: Inquisition,2010s; Characters; Lesbian; Lesbian (explicit); Queer Women,character_candidate,yes,already_registered,"Celene Image credit http://dragonage.wikia.com/wiki/Celene_Valmont_I?file=Celene_Profile.jpg Briala Image Credit http://dragonage.wikia.com/wiki/Briala?file=Briala.jpg A scene in Dragon Age: Inquisition (that can be seen here ) shows that Empress Celene and Briala (her elven handmaid and spymaster) were once in a secret romantic relationship. As the scene progresses, the player helps bring them back together, though the romantic aspect of their relationship still seems to be a secret. This is only one of several possible outcomes however, and can only be achieved if particular conditions (outlined here ) are met. Apparently, Celene would be willing to marry a man for political purposes (see here and here ), but the game is written in a way that seems to suggest she identifies as a lesbian. A book written by Patrick Weekes , called Dragon Age: The Masked Empire, explores her relationship ",,2026-08-22
Herren and Wade,Dragon Age: Origins; Dragon Age II; Heroes of Dragon Age; Dragon Age: Inquisition,2009; 2011; 2013; 2014,https://lgbtqgamearchive.com/2015/09/10/herren-and-wade-in-dragon-age-origins,Herren and Wade in Dragon Age: Origins,2000s; Gay; Gay (implicit); Queer Men,character_candidate,yes,already_registered,"Herren and Wade are coded as a gay couple in Dragon Age: Origins and ‘Dragon Age: Origins – Awakening . Whether they they are indeed a couple is never confirmed in the game; however David Gaider , a BioWare game designer, has confirmed it in a forum discussion . Herren Image credit http://gaygamer.net/2011/03/queer_characters_herren_wade.html Wade Image credit http://gaygamer.net/2011/03/queer_characters_herren_wade.html Wade has a diva personality , and his voice and intonation evoke effeminate gay stereotypes, as seen in the following video. LGBTQ references in this game series : Romance/Relationship/Sex Options in Dragon Age series Dragon Age: Origins (2009): Herren and Wade ; Hespith and Branka ; Dragon Age II (2011): Serendipity Heroes of Dragon Age (2013): Maevaris Tilani Dragon Age: Inquisition (2014): Cremisius Aclassi (Krem) , Empress Celene and Briala Citations: HonorableShadow",,2026-08-22
Hespith and Branka,Dragon Age: Origins; Dragon Age II; Heroes of Dragon Age; Dragon Age: Inquisition,2009; 2011; 2013; 2014,https://lgbtqgamearchive.com/2015/09/10/hespith-and-branka-in-dragon-age-origins,Hespith and Branka in Dragon Age: Origins,2000s; Lesbian; Lesbian (explicit); Queer Women,character_candidate,yes,already_registered,"Hespith Image credit: http://dragonage.wikia.com/wiki/Hespith Branka Image credit: http://dragonage.wikia.com/wiki/Branka In Dragon Age: Origins , Branka is a dwarven Paragon who, while married to the warrior Oghren, has a lover, Hespith , who accompanies her on the expedition to recover the Anvil of the Void. Hespith is ultimately sacrificed so Branka can achieve her end goals. Hespith states: “I was her captain, and I did not stop her. Her lover, and I could not turn her. Forgive her… but no, she cannot be forgiven. Not for what she did. Not for what she has become.” A video of this scene is available below: LGBTQ references in this game series : Romance/Relationship/Sex Options in Dragon Age series Dragon Age: Origins (2009): Herren and Wade ; Hespith and Branka ; Dragon Age II (2011): Serendipity Heroes of Dragon Age (2013): Maevaris Tilani Dragon Age: Inquisition (2014): Cremisius A",,2026-08-22
Mad Moxxi,Borderlands; Borderlands 2; Borderlands: The Presequel!,2009; 2012; 2014,https://lgbtqgamearchive.com/2018/06/07/mad-moxxi-in-borderlands,Mad Moxxi in Borderlands,2000s; Bisexual; Bisexual (explicit); Characters; Games by Decade; Queer Women,character_candidate,yes,already_registered,"Image Credit: Mad Moxxi. (n.d.). Retrieved from http://borderlands.wikia.com/wiki/Mad_Moxxi Mad Moxxi is a NPC in the Borderlands series who either provides or is involved in a variety of missions for the player. In addition to her work as the owner and bartender of a number of bars on Pandora, Moxxi oversees the organized fighting arena known as the Underdome in the firstBorderlands game. She is known to flirt with the player-character regardless of their gender. Mad Moxxi has had multiple husbands as well as female lovers (including Motor Momma, one of the boss characters in Borderlands 2). Minor characters of various genders will often ask the player-character if Moxxi has mentioned them, implying they are formerly involved with her as well. LGBTQ references in this game series : Borderlands (2009): Mad Moxxi , Mr. Shank and Chaz , Brick , Patricia Tannis Borderlands 2 (2012): Audio f",,2026-08-22
Maevaris Tilani,Dragon Age: Origins; Dragon Age II; Heroes of Dragon Age; Dragon Age: Inquisition,2009; 2011; 2013; 2014,https://lgbtqgamearchive.com/2015/09/10/maevaris-tilani-in-dragon-age,Maevaris Tilani in Dragon Age,2010s; Intertextual Reference; Transgender; Transgender (implicit),character_candidate,yes,already_registered,"Maevaris Tilani is introduced in Dragon Age: Those Who Speak — a three-part comic series by BioWare and Dark Horse Comics. Then she is captured and disappears. (Image credit https://scans-daily.dreamwidth.org/4375915.html ) In Dragon Age: Until We Sleep we meet her again where it is revealed that she is a transwoman and Dragon Age ‘s first actual transgender character (as distinct from the drag queen character Serendipity ). (Image credit https://scans-daily.dreamwidth.org/4375915.html ) Within the video game series, Maevaris only appears in Heroes of Dragon Age , a freemium game released for iOS and Android devices. This game does not mention that Maevaris is a transwoman, however, which is why she is listed under “Trans- Vague” here. LGBTQ references in this game series : Romance/Relationship/Sex Options in Dragon Age series Dragon Age: Origins (2009): Herren and Wade ; Hespith and Bra",,2026-08-22
Marth and his dates,A Smashing Day Out,2009,https://lgbtqgamearchive.com/2016/07/18/marth-and-his-dates-in-a-smashing-day-out,Marth and his dates in A Smashing Day Out,2000s; Characters; Gay; Gay (explicit); Optional Relationship; Queer Men; Relationships/Romance/Sex,character_candidate,no,needs_character_review,"Image credit: http://img10.deviantart.net/2887/i/2009/099/9/1/a_smashing_day_out__flash_game_by_nami_tsuki.png A Smashing Day Out is a gay dating simulation flash game created by Nami-Tsuki, where the player goes on a variety of dates as Marth, a character who originates from the Fire Emblem game series. Each of the possible dates is with a different male character, and the game creator draws all of them loosely in the bishonen art style. The Super Smash Brothers game series pulls characters from across the Nintendo gaming universe, and in A Smashing Day Out the player can choose from Ike, Link, Pit, and Roy for potential dates. The game is meant to be humorous and doesn’t depict anything overtly sexual or explicit between the characters. This Let’s Play provides some more context, but the game is intentionally erratic for comedy purposes. Citations Nami-Tsuki. (2009, April 13). A Smashi",,2026-08-22
Maya,Borderlands; Borderlands 2; Borderlands: The Presequel!,2009; 2012; 2014,https://lgbtqgamearchive.com/2018/06/15/maya-in-borderlands-2,Maya in Borderlands 2,2010s; Asexual; Asexual (Implicit); Characters; Games by Decade; Playable Character; Queer Women,character_candidate,yes,already_registered,"Image credit: Maya. (n.d.). Retrieved from http://borderlands.wikia.com/wiki/Maya Maya is a playable character in Borderlands 2, known for her mysterious Siren magical abilities. The player can complete a mission where they learn more about her backstory being imprisoned on the planet Athenas by a corrupt religious order of monks. After some speculation by fans about her lack of sexual banter and comments about “not knowing anything about romance,” Anthony Burch noted on his Ask.fm that he headcanons Maya as asexual (though he wasn’t sure how that could be reconciled with her “sexual” character design). LGBTQ references in this game series : Borderlands (2009): Mad Moxxi , Mr. Shank and Chaz , Brick , Patricia Tannis Borderlands 2 (2012): Audio files at the Wildlife Exploitation Preserve , Sir Hammerlock , Axton , Tiny Tina , Mr. Torgue , Maya , Motor Momma , Zer0 Borderlands: The Pre-Se",,2026-08-22
Motor Momma,Borderlands; Borderlands 2; Borderlands: The Presequel!,2009; 2012; 2014,https://lgbtqgamearchive.com/2018/06/15/motor-momma-in-borderlands-2,Motor Momma in Borderlands 2,2010s; Characters; Games by Decade; Lesbian; Lesbian (explicit); Queer Women,character_candidate,yes,already_registered,"Image credit: Motor Momma. (n.d.). Retrieved from http://borderlands.wikia.com/wiki/Motor_Momma Motor Momma is a boss character in Borderlands 2 in the Mr. Torgue DLC campaign. Motor Momma is also a former lover of Mad Moxxi, who ended their relationship when she discovered Momma was a cannibal who ate her own babies (which she had with male slaves). Apparently, Motor Momma ate more than one of Moxxi’s previous lovers in the past. LGBTQ references in this game series : Borderlands (2009): Mad Moxxi , Mr. Shank and Chaz , Brick , Patricia Tannis Borderlands 2 (2012): Audio files at the Wildlife Exploitation Preserve , Sir Hammerlock , Axton , Tiny Tina , Mr. Torgue , Maya , Motor Momma , Zer0 Borderlands: The Pre-Sequel! (2014): Athena and Janey , Rose Yin , Professor Nakayama See QRM’s entry for this game . LGBTQ references in this game series : Borderlands (2009): Mad Moxxi , Mr. Shank ",,2026-08-22
Mr. Shank and Chaz,Borderlands; Borderlands 2; Borderlands: The Presequel!,2009; 2012; 2014,https://lgbtqgamearchive.com/2018/06/07/mr-shank-and-chaz-in-borderlands,Mr. Shank and Chaz in Borderlands,2000s; Bisexual; Bisexual (implicit); Characters; Games by Decade; Gay; Gay (implicit); Queer Men,character_candidate,yes,already_registered,"Image credit: Mr. Shank. (n.d.). Retrieved from http://borderlands.wikia.com/wiki/Mr._Shank Mr. Shank is a boss character in Borderlands, with Chaz being his presumed lover based on in-game audio broadcasts , advertisements, and Shank’s death dialogue. Shank is also the second husband of Mad Moxxie, which implies that he might be bisexual. A reoccurring joke during the DLC campaign with Mr. Shank is that he repeatedly denies that he has any interest in Chaz romantically despite his continuous accidental comments that imply they are in a relationship. Image credit: Chaz. (n.d.). Retrieved from http://borderlands.wikia.com/wiki/Chaz LGBTQ references in this game series : Borderlands (2009): Mad Moxxi , Mr. Shank and Chaz , Brick , Patricia Tannis Borderlands 2 (2012): Audio files at the Wildlife Exploitation Preserve , Sir Hammerlock , Axton , Tiny Tina , Mr. Torgue , Maya , Motor Momma , ",,2026-08-22
Mr. Torgue,Borderlands; Borderlands 2; Borderlands: The Presequel!,2009; 2012; 2014,https://lgbtqgamearchive.com/2018/06/15/mr-torgue-in-borderlands-2,Mr. Torgue in Borderlands 2,2010s; Bisexual; Bisexual (explicit); Characters; Games by Decade; Queer Men,character_candidate,yes,already_registered,"Image credit: Mr. Torgue. (n.d.). Retrieved from http://borderlands.wikia.com/wiki/Mr._Torgue Mr. Torgue High-Five Flexington is the eponymous character behind the DLC “Mr. Torgue’s Campaign of Carnage,” and he gives the player quite a few missions to undertake. He is the founder of Torgue Weapons in the Borderlands universe, and underneath his volatile exterior apparently quite kindhearted. Mr. Torgue makes a comment that he finds all of the Vault Hunters attractive regardless of their gender, which lead to some fan speculation about his sexuality. Anthony Burch later confirms that Mr. Torgue is canonically bisexual in a post about inclusivity in the Borderlands franchise. LGBTQ references in this game series : Borderlands (2009): Mad Moxxi , Mr. Shank and Chaz , Brick , Patricia Tannis Borderlands 2 (2012): Audio files at the Wildlife Exploitation Preserve , Sir Hammerlock , Axton , Ti",,2026-08-22
Patricia Tannis,Borderlands; Borderlands 2; Borderlands: The Presequel!,2009; 2012; 2014,https://lgbtqgamearchive.com/2018/06/07/patricia-tannis-in-borderlands,Patricia Tannis in Borderlands,2000s; Bisexual; Bisexual (implicit); Characters; Games by Decade; Queer Women,character_candidate,yes,already_registered,"Image credit: Patricia Tannis. (n.d.). Retrieved from http://borderlands.wikia.com/wiki/Patricia_Tannis Patricia Tannis is a reoccurring character in the Borderlands franchise, who primarily gives missions and side quests to the player. She has been known to flirt with the player regardless of their gender, and furthermore is heavily implied to be the mysterious figure who admits their attraction for Maya after killing her would-be assassin in Borderlands 2. Tannis also strangely eats one of Lilith’s hairs (a female playable character) under the pretense of scientific exploration but it is read as her trying to flirt. LGBTQ references in this game series : Borderlands (2009): Mad Moxxi , Mr. Shank and Chaz , Brick , Patricia Tannis Borderlands 2 (2012): Audio files at the Wildlife Exploitation Preserve , Sir Hammerlock , Axton , Tiny Tina , Mr. Torgue , Maya , Motor Momma , Zer0 Borderla",,2026-08-22
Professor Nakayama,Borderlands; Borderlands 2; Borderlands: The Presequel!,2009; 2012; 2014,https://lgbtqgamearchive.com/2018/06/19/professor-nakayama-in-borderlands-the-pre-sequel,Professor Nakayama in Borderlands: The Pre-Sequel!,2010s; Characters; Games by Decade; Gay; Gay (explicit); Queer Men,character_candidate,yes,already_registered,"Image credit: Professor Nakayama. (n.d.). Retrieved from http://borderlands.wikia.com/wiki/Professor_Nakayama Professor Nakayama is a reoccurring character in the Borderlands universe who first appeared as an enemy in Borderlands 2 where he is incredibly distraught over Handsome Jack’s death. In Borderlands: The Pre-Sequel , Nakayama is working for Handsome Jack and the player is tasked with a couple missions to get Jack to noticeProfessor Nakayama. This includes delivering a clumsy romantic message and a bunch of flowers to Jack on Nakayama’s behalf. However, despite Nakayama’s efforts, Handsome Jack doesn’t seem to ever notice or care about these gestures. LGBTQ references in this game series : Borderlands (2009): Mad Moxxi , Mr. Shank and Chaz , Brick , Patricia Tannis Borderlands 2 (2012): Audio files at the Wildlife Exploitation Preserve , Sir Hammerlock , Axton , Tiny Tina , Mr. To",,2026-08-22
Reginald Van Winslow and Anemonoe,Tales of Monkey Island,2009,https://lgbtqgamearchive.com/2016/05/25/reginald-van-winslow-and-anemone-in-tales-of-monkey-island,Reginald Van Winslow and Anemone in Tales of Monkey Island,2000s; Bisexual; Bisexual (implicit); Characters; Non-binary or genderqueer; Non-binary or Genderqueer (implicit); Queer Men,character_candidate,yes,already_registered,"Reginald Van Winslow, image credit: http://static.giantbomb.com/uploads/scale_small/0/6828/1077314-winslow.jpg Anemone, image credit: http://static.giantbomb.com/uploads/scale_small/6/66104/1504739-200px_anemone.jpg Reginald Van Winslow is a supporting character in Tales of Monkey Island who serves as the protagonist Guybrush’s first mate. Throughout the game, Van Winslow is flirtatious with Guybrush, and seems to have a fetish for maps/people using maps. Notably Van Winslow has an especially flirty rapport with Anemone, who is an ambiguously gendered merperson. He eventually has a sexual encounter with Anemone, which serves to further confuse Guybrush due to Anemone’s unknown gender. Anemone is capable of somehow “producing” eggs, which has led fans to speculate that they may have “female” reproductive organs, but their gender is still unspecified in the game. Some cut scenes in this Le",,2026-08-22
Rinne and Sophie,Anaheim Girl’s Love Story,2009,https://lgbtqgamearchive.com/2016/07/18/rinne-and-sophie-in-anaheim-girls-love-story,Rinne and Sophie in Anaheim Girl’s Love Story,2000s; Characters; Lesbian; Lesbian (explicit); Queer Women; Relationships/Romance/Sex,character_candidate,yes,already_registered,"Image credit: https://www.google.com/url?sa=i&rct=j&q=&esrc=s&source=images&cd=&cad=rja&uact=8&ved=&url=https%3A%2F%2Fkat.cr%2Fanaheim-girl-s-love-story-external-english-translatiom-t11499882.html&psig=AFQjCNHLOYsqwhViTaO2XCZiSP5hwVpx0A&ust=1468954484309401 Anaheim Girl’s Love Story is a visual novel set in the Gundam universe that follows a relationship between two female electrical engineers. The two main characters are Rinne and Sophie, and their romance trajectory is relatively straightforward as theirs is the only relationship explored in the story. Beyond the central characters’ relationship, the game also gives some background to the creation of the fourth Gundam unit, so fans of that series will catch several cross-over references. This visual novel contains explicit sexual content. Citations: Various. (n.d.). Anaheim Girl’s Love Story (game page). The Visual Novel Database. Retr",,2026-08-22
Romance/Relationship/Sex Options in Dragon Age,Dragon Age: Origins; Dragon Age II; Heroes of Dragon Age; Dragon Age: Inquisition,2009; 2011; 2013; 2014,https://lgbtqgamearchive.com/2015/09/10/romance-options-in-dragon-age-series,Relationship/Romance/Sex Options in Dragon Age series,2010s; Optional Relationship; Sex Workers and Bisexuality,non_character_reference,no,non_character_reference,"In the Dragon Age series, the player can romance several non-playable characters (NPCs), depending on the gender of the player-character and the sexuality of the NPC. Dragon Age Origins In the first game of the series, Dragon Age: Origins , there are four companion characters that can be romanced. The two heterosexual options are Morrigan (can be romanced by a male player-character) and Alistair (can be romanced by a female player-character). The bisexual NPCs that can be romanced by male and female player-characters are Zevran and Leliana . You can see all romance options in the following video: The player can romance more than one NPC at a time, though doing so may trigger “jealousy” dialog and/or a break up . In addition, there is an optional threesome with Zevran and his old flame, a female pirate, or the female pirate and Leliana. There is even a foursome possible with all three of ",,2026-08-22
Rose Yin,Borderlands; Borderlands 2; Borderlands: The Presequel!,2009; 2012; 2014,https://lgbtqgamearchive.com/2018/06/19/rose-yin-in-borderlands-the-pre-sequel,Rose Yin in Borderlands: The Pre-Sequel!,2010s; Characters; Games by Decade; Lesbian; Lesbian (explicit); Queer Women,character_candidate,yes,already_registered,"Image credit: Rose Yin. (n.d.). Retrieved from http://orcz.com/images/d/dd/BorderlandsPreSequel_Rose_Yin.jpg Rose Yin is a supporting NPC in the Recruitment Drive mission of Borderlands: The Pre-Sequel!.During the Recruitment Drive mission, the player is tasked with helping Rose put up flyers as well as fighting off whatever enemies come their way. Throughout the mission , Rose refers to her ex-partner Gabby using female pronouns which has lead fans to include Rose as another lesbian (or at least woman-loving) character in the Borderlands universe. A transcript of the dialogue from the Recruitment Drive mission can be read here . LGBTQ references in this game series : Borderlands (2009): Mad Moxxi , Mr. Shank and Chaz , Brick , Patricia Tannis Borderlands 2 (2012): Audio files at the Wildlife Exploitation Preserve , Sir Hammerlock , Axton , Tiny Tina , Mr. Torgue , Maya , Motor Momma , Z",,2026-08-22
Serendipity,Dragon Age: Origins; Dragon Age II; Heroes of Dragon Age; Dragon Age: Inquisition,2009; 2011; 2013; 2014,https://lgbtqgamearchive.com/2015/09/10/serendipity-in-dragon-age-ii,Serendipity in Dragon Age II,2010s; Gender non-conforming,needs_unit_review,no,needs_unit_review,"(Image credit http://dragonage.wikia.com/wiki/Serendipity ) Serendipity appears in Dragon Age II, and is a “city elf” sex worker who can be found at The Blooming Rose brothel where her services are available at a premium rate. Although the character presents as female, she is voiced by a male voice actor speaking in a typical male voice. There have been debates as to whether Serendipity is a transwoman character or a drag queen, though in a no longer available blog post, lead series writer David Gaider admitted she was supposed to be a drag queen , but they failed to represent her very well. LGBTQ references in this game series : Romance/Relationship/Sex Options in Dragon Age series Dragon Age: Origins (2009): Herren and Wade ; Hespith and Branka ; Dragon Age II (2011): Serendipity Heroes of Dragon Age (2013): Maevaris Tilani Dragon Age: Inquisition (2014): Cremisius Aclassi (Krem) , Emp",,2026-08-22
Sir Hammerlock,Borderlands; Borderlands 2; Borderlands: The Presequel!,2009; 2012; 2014,https://lgbtqgamearchive.com/2018/06/15/sir-hammerlock-in-borderlands-2,Sir Hammerlock in Borderlands 2,2010s; Characters; Games by Decade; Gay; Gay (explicit); Queer Men,character_candidate,yes,already_registered,"Image credit: Sir Hammerlock. (n.d.). Retrieved from http://borderlands.wikia.com/wiki/Sir_Hammerlock Sir Alstair Hammerlock is a NPC character in Borderlands 2 , who gives the player a couple missions in the game. Hammerlock is a gay man, he references his ex-boyfriend Taggart during one of the missions to retrieve his lost ECHO audio logs. Fan speculation about his sexuality was confirmed by an article written by Anthony Burch about inclusivity in the Borderlands franchise. LGBTQ references in this game series : Borderlands (2009): Mad Moxxi , Mr. Shank and Chaz , Brick , Patricia Tannis Borderlands 2 (2012): Audio files at the Wildlife Exploitation Preserve , Sir Hammerlock , Axton , Tiny Tina , Mr. Torgue , Maya , Motor Momma , Zer0 Borderlands: The Pre-Sequel! (2014): Athena and Janey , Rose Yin , Professor Nakayama See QRM’s entry for this game . Citations (n.d.). List of video gam",,2026-08-22
this game series,Borderlands; Borderlands 2; Borderlands: The Presequel!,2009; 2012; 2014,https://lgbtqgamearchive.com/borderlands-series,Borderlands Series,,non_character_reference,no,non_character_reference,"Year: 2007 Publisher: Ubisoft Developer: Ubisoft Creators: Jade Raymond, Patrice Désilets, Patrick Plourde Country: Canada Genre: Action-Adventure, Action, Stealth, Historical Platform: Various Image credit: “Logo for Borderlands” by Source. Licensed under Fair Use via Wikipedia – https://en.wikipedia.org/wiki/File%3ABorderlandsLogogif#/media/File:BorderlandsLogo.gif Borderlands is an action-adventure first-person shooter RPG set in a fantasy world that blends sci-fi and western aesthetics. There are three main games in the series, each with multiple DLC options, as well as several spin-off titles. The games take place on the mysterious planet Pandora in a nebulous time period, driven by the overall goal of finding a mythical alien loot filled Vault. The protagonists have to fight bandits, other vault hunters, alien monsters, military mercenaries, and other obstacles throughout the game.",,2026-08-22
Tiny Tina,Borderlands; Borderlands 2; Borderlands: The Presequel!,2009; 2012; 2014,https://lgbtqgamearchive.com/2018/06/15/tiny-tina-in-borderlands-2,Tiny Tina in Borderlands 2,2010s; Characters; Games by Decade; Lesbian; Lesbian (explicit); Queer Women,character_candidate,yes,already_registered,"Image credit: Tiny Tina. (n.d.). Retrieved from http://borderlands.wikia.com/wiki/Tiny_Tina Tiny Tina is a NPC in Borderlands 2 , who take on a more prominent role in her DLC campaign “Tiny Tina’s Assault on Dragon Keep”. Tina has a number of dialogue moments where she makes homoerotic comments towards female characters, and she notably asks Maya (another female character) if she “likes her” in return. She also mentions that she has a crush on Mad Moxxi and this was her original reason for wanting to help the Vault Hunters. LGBTQ references in this game series : Borderlands (2009): Mad Moxxi , Mr. Shank and Chaz , Brick , Patricia Tannis Borderlands 2 (2012): Audio files at the Wildlife Exploitation Preserve , Sir Hammerlock , Axton , Tiny Tina , Mr. Torgue , Maya , Motor Momma , Zer0 Borderlands: The Pre-Sequel! (2014): Athena and Janey , Rose Yin , Professor Nakayama See QRM’s entry fo",,2026-08-22
Varus,League of Legends,2009,https://lgbtqgamearchive.com/2019/07/24/varus,Varus in League of Legends,2010s; Characters; Games by Decade; Gay; Gay (explicit); Queer Men,character_candidate,yes,already_registered,"Image Credit: Default Character Skin for Various from League of Legends. Retrieved July 24, 2019 via League of Legends – https://ddragon.leagueoflegends.com/cdn/img/champion/splash/Varus_ 0.jpg Upon his initial release in 2012, Varus was a powerful archer and ascended hero, a champion that was altered by celestial magic. Varus, along with other ascended fought against the Icathians and the creatures they had released from the void. In this war Varus ultimately became consumed by an unquenching desire for vengeance and retribution against the atrocities of the Icathians and the creatures of the void. While his side, Shurima, ultimately won the war, he and the other ascended were so corrupted by the horrors they faced in the war that they became Darkin: corrupted ascended. These Darkin, forgotten by the world that they had saved, eventually turned on each other starting The Great Darkin Wa",,2026-08-22
Zer0,Borderlands; Borderlands 2; Borderlands: The Presequel!,2009; 2012; 2014,https://lgbtqgamearchive.com/2018/06/15/zer0-in-borderlands-2,Zer0 in Borderlands 2,2010s; Characters; Games by Decade; Non-binary or genderqueer; Non-binary or Genderqueer (implicit); Playable Character,character_candidate,yes,already_registered,"Image credit: Zer0. (n.d.). Retrieved from http://borderlands.wikia.com/wiki/Zer0 Zer0 is a playable character in Borderlands 2, who fulfills the Assassin class role. While he uses he/him pronouns in the game, some fans have read him as non-binary due to his ambiguous gender (not to mention that his race and species are ambiguous in the game as well). Additionally, Randy Pitchford (CEO of Gearbox Software) refers to Zer0 using gender neutral pronouns on this panel from PAX 2014. LGBTQ references in this game series : Borderlands (2009): Mad Moxxi , Mr. Shank and Chaz , Brick , Patricia Tannis Borderlands 2 (2012): Audio files at the Wildlife Exploitation Preserve , Sir Hammerlock , Axton , Tiny Tina , Mr. Torgue , Maya , Motor Momma , Zer0 Borderlands: The Pre-Sequel! (2014): Athena and Janey , Rose Yin , Professor Nakayama See QRM’s entry for this game . Citations (n.d.). Zer0 (characte",,2026-08-22
11B and 16D,Nier; NieR: Automata,2010; 2017,https://lgbtqgamearchive.com/2021/07/09/11b-and-16d-in-nier-automata,11B and 16D in NieR Automata,2010s; Characters; Games by Decade; Lesbian; Lesbian (explicit); Queer Women,character_candidate,yes,already_registered,"Image credit: https://nierautomata.wiki.fextralife.com/file/Nier-Automata/11B_Memento_16D_The_Hangar.jpg?v=1515964198284 16D and 11B are android women in NieR Automata. You meet 16D in a side quest called “ 11B’s Memento”. She asks you to locate 11B’s body and asks you to bring back her belongings. When you return you have the option to reveal to 16D that 11B had planned to desert her post. If you do, she laughs and says 11B was abusive towards her and that her death “serves her right.” If you do not tell her, she reveals to you that they were in a relationship and mentions wanting to “avenge her death” but also that she doesn’t have a reason to protect herself anymore (which some players have assumed was in reference to their abusive relationship). LGBTQ references in this series : Kainé Emil Operator 60 (NieR: Automata) 11B and 16D (NieR: Automata) Citations: 11B’s Memento- Neir Automa",,2026-08-22
Bartender at Le Chit-Chat Noir,Resonance of Fate,2010,https://lgbtqgamearchive.com/2016/06/24/bartender-in-resonance-of-fate,Bartender in Resonance of Fate,2010s; Characters; Gay; Gay (explicit); Queer Men,character_candidate,yes,already_registered,"Image of Le Chit-Chat Noir (bartender in background), image credit: http://www.quebecgamers.com/archives/reviews/resonance-of-fate/resonance-of-fate-8.png In Resonance of Fate, Le Chit-Chat Noir is a bar “known for the quality of its drinks and the charm of its legendary bartender. The Bartender himself is flamboyant, has feminine mannerisms, wears makeup, and flirts with Vashyron (one of the male protagonists). A video of the cut scenes involving Vashyron and the Bartender can be found here . Some fans have also mentioned the Bartender in discussing LGBTQ coded characters in Japanese Role-Playing Games. LGBTQ references in this game : Pater Bartender at Le Chit-Chat Noir Citations: (n.d.). Resonance of Fate. TV Tropes Wiki. Retrieved from http://tvtropes.org/pmwiki/pmwiki.php/VideoGame/ResonanceOfFate (n.d.). Resonance of Fate. TV Tropes Wiki. Retrieved from http://tvtropes.org/pmwiki/p",,2026-08-22
Chihiro,Danganronpa: Trigger Happy Havoc; Danganronpa 2: Goodbye Despair; Danganronpa Another Episode: Ultra Despair Girls; Danganronpa V3: Killing Harmony,2010; 2012; 2014; 2017,https://lgbtqgamearchive.com/?p=10358,Chihiro in Danganronpa: Trigger Happy Havoc,2010s; Characters; Games by Decade; Gender non-conforming; Homophobia/Transphobia; Mentions; Mentions (implicit); Transphobia,character_candidate,no,needs_character_review,"Chihiro Fujisaki is one of the teens trapped inside Hope’s Peak Academy and forced to play the Killing Game. In the second chapter of the game, it is revealed that Chihiro is biologically male and dresses as a girl to deal with an inferiority complex. Chihiro was bullied as a child and told that he was weak for a man, resulting in him deciding to dress up as a girl as a way to be socially accepted as “weak”. Many fans have speculated whether Chihiro is a trans character or not, but it seems that Chihiro identifies with the gender he was assigned at birth according to a conversation Chihiro has with Makoto during “School Mode” (found here ). During the second chapter of the game, there are trans shock “she was a he?!” tropes played up as the rest of the cast find out about Chihiro’s secret (found here ). LGBTQ References in this series : Danganronpa: Trigger Happy Havoc (2010): Chihiro ; ",,2026-08-22
Emil,Nier; NieR: Automata,2010; 2017,https://lgbtqgamearchive.com/2018/07/09/emil-in-nier,Emil in NieR,2010s; Characters; Games by Decade; Gay; Gay (explicit); Queer Men,character_candidate,yes,already_registered,"The below entry is combined from two separate email submissions. We have made some edits and added additional sources as necessary. Image credit: http://nier.wikia.com/wiki/Emil?file=Emil_.jpg Image credit: http://nier.wikia.com/wiki/Emil?file=2132401742_view-noscale.jpg Emil’s a canonically gay character in the games Nier and Nier: Automata, though he has a far more prominent role in the former. He’s one of the main protagonists alongside with Kainé, Grimoire Weiss, and, well, Nier. The director of Nier confirmed his sexuality (alongside with Kainé’s intersex status) in this interview. He also makes quite clear that Emil has romantic feelings towards the main protag, Nier, including one scene where he wistfully wishes they could get married. There are other nods to this in-game as well, though when localizing the game to the West, they were almost all cut. Might have something to do wit",,2026-08-22
Genocide Jack/Jill and Toko,Danganronpa: Trigger Happy Havoc; Danganronpa 2: Goodbye Despair; Danganronpa Another Episode: Ultra Despair Girls; Danganronpa V3: Killing Harmony,2010; 2012; 2014; 2017,https://lgbtqgamearchive.com/?p=10395,Genocide Jack/Jill and Toko in Danganronpa: Trigger Happy Havoc,2010s; Bisexual; Bisexual (implicit); Characters; Games by Decade; Mentions; Mentions (explicit); Queer Women,character_candidate,yes,already_registered,"Toko Fukawa is a teen trapped inside Hope’s Peak Academy and forced to play the Killing Game. Genocide Jack, a serial killer, is her other personality, as she has Dissociative Identity Disorder. Throughout the game, Toko and Genocide Jack both talk inappropriately about multiple characters, but in Chapter 2, Genocide Jack suggests that Hina and Sakura, two other teens trapped inside Hope’s Peak Academy and forced to play the Killing Game, are into “girl-on-girl action” (found here ). In Chapter 4, Toko talks about how “disgusting” she thinks Hina is, leading to what seems like Toko thinking of Hina in a sexual way (found here ). Both Toko and Genocide Jack seem to worship one of the male characters named Byakuya Togami as their “master” throughout the game as well, in addition to Genocide Jack only targeting “cute boys”, so it is unknown what Toko and Genocide Jack’s sexual orientations ",,2026-08-22
Hifumi’s Ending,Danganronpa: Trigger Happy Havoc; Danganronpa 2: Goodbye Despair; Danganronpa Another Episode: Ultra Despair Girls; Danganronpa V3: Killing Harmony,2010; 2012; 2014; 2017,https://lgbtqgamearchive.com/?p=10398,Hifumi’s Ending in Danganronpa: Trigger Happy Havoc’s School Mode,2010s; Games by Decade; Mentions; Mentions (explicit),needs_unit_review,no,needs_unit_review,"Image credit: https://danganronpa.fandom.com/wiki/Hifumi_Yamada/Sprite_Gallery?file=Hifumi_Yamada_Fullbody_Sprite_(1).png Hifumi Yamada is one of the teens trapped inside Hope’s Peak Academy and forced to play the Killing Game. In School Mode, during Hifumi’s ending dialogue, Hifumi references yaoi when Makoto takes Hifumi’s comment about “holding onto him” as weird (found here ). LGBTQ References in this series : Danganronpa: Trigger Happy Havoc (2010): Chihiro ; Genocide Jack/Jill and Toko ; Hifumi’s Ending ; Mondo and Taka ; Monokuma ; School Mode Danganronpa 2: Goodbye Despair (2012): Ibuki Mioda , Island Mode , Mentions , Mikan Tsumiki , Nagito Komaeda , Teruteru Hanamura Danganronpa Another Episode: Ultra Despair Girls (2014): Tokomaru Ship Danganronpa V3: Killing Harmony (2017): K1-B0 , Kaede Akamatsu , Kokichi Oma , Korekiyo Shinguji’s Love Suite Event , Love Across the Universe:",,2026-08-22
Ibuki Mioda,Danganronpa: Trigger Happy Havoc; Danganronpa 2: Goodbye Despair; Danganronpa Another Episode: Ultra Despair Girls; Danganronpa V3: Killing Harmony,2010; 2012; 2014; 2017,https://lgbtqgamearchive.com/2020/01/31/ibuki-mioda-in-danganronpa-2-goodbye-despair,Ibuki Mioda in Danganronpa 2: Goodbye Despair,2010s; Asexual; Asexual (Implicit); Bisexual; Bisexual (implicit); Characters; Games by Decade; Lesbian; Lesbian (explicit); Queer Women; Queerly Read/Rumored,queer_reading_candidate,no,queer_reading_candidate,"Image Credit: Retrieved from https://danganronpa.fandom.com/wiki/Ibuki_Mioda Ibuki Mioda is one of the teens trapped on a tropical island and forced to play the Killing Game. Throughout the game, Ibuki makes sexual comments about and towards other girls on the island (seen here in these screenshots from Twitter user, @WeegeeWuvver), suggesting she may identify as a lesbian or bisexual. Fans have also queerly read her as asexual (found in this thread ). LGBTQ References in this series : Danganronpa: Trigger Happy Havoc (2010): Chihiro ; Genocide Jack/Jill and Toko ; Hifumi’s Ending ; Mondo and Taka ; Monokuma ; School Mode Danganronpa 2: Goodbye Despair (2012): Ibuki Mioda , Island Mode , Mentions , Mikan Tsumiki , Nagito Komaeda , Teruteru Hanamura Danganronpa Another Episode: Ultra Despair Girls (2014): Tokomaru Ship Danganronpa V3: Killing Harmony (2017): K1-B0 , Kaede Akamatsu , Kokic",,2026-08-22
Island Mode,Danganronpa: Trigger Happy Havoc; Danganronpa 2: Goodbye Despair; Danganronpa Another Episode: Ultra Despair Girls; Danganronpa V3: Killing Harmony,2010; 2012; 2014; 2017,https://lgbtqgamearchive.com/2020/02/07/island-mode-in-danganronpa-2-goodbye-despair,Island Mode in Danganronpa 2: Goodbye Despair,2010s; Games by Decade; Optional Relationship; Relationships/Romance/Sex,needs_unit_review,no,needs_unit_review,"Image Credit: Retrieved from https://danganronpa.fandom.com/wiki/Island_Mode Island Mode is a bonus mode unlocked after beating Danganronpa 2: Goodbye Despair . It’s similar to School Mode in Danganronpa: Trigger Happy Havoc and Love Across the Universe: Dangan Salmon Team in Danganronpa V3: Killing Harmony . Like its predecessor and successor, it serves as a dating sim where no killing occurs. Some fans have queerly read this since the act of male characters giving Hajime Hinata their underwear can seem to be referencing queer relationships in some way. Additionally, some dialogue such as with Nekomaru Nidai suggests gay/queer relationships as well. If the player picks a “Bad Option” for a trip with Nekomaru, he will respond saying: Hmmm… That date wasn’t exciting at all…A detailed plan produces maximum results in both dating and training. You won’t make me fall for you if you act like ",,2026-08-22
K1-B0,Danganronpa: Trigger Happy Havoc; Danganronpa 2: Goodbye Despair; Danganronpa Another Episode: Ultra Despair Girls; Danganronpa V3: Killing Harmony,2010; 2012; 2014; 2017,https://lgbtqgamearchive.com/2020/02/07/k1-b0-in-danganronpa-v3-killing-harmony,K1-B0 in Danganronpa V3: Killing Harmony,2010s; Agender; Bisexual; Bisexual (implicit); Characters; Games by Decade; Gay; Gay (implicit); Queerly Read/Rumored,queer_reading_candidate,no,queer_reading_candidate,"Image Credit: https://danganronpa.fandom.com/wiki/K1-B0 K1-B0 (or Keebo/Ki-bo) is a student trapped inside the Ultimate Academy for Gifted Juveniles and forced to take part in the Killing School Semester. He is agender as he’s a robot, but is considered male by others. When asked by Tenko in Chapter 2 about his gender (found here at 15:07), he replies that it’s a good question that he’s never thought about before. However, he goes by male pronouns throughout the game. K1-B0 has been queerly read to be gay or bisexual because of his interactions with Miu Irumi and Shuichi Saihara. With Miu, he becomes jealous at one point of her working on computers in the computer room (found here from 5:13 to 5:43), which can be read as him wanting that attention on him specifically (whether that be in a romantic/sexual way or not), especially following a suggestive scene between the two of them earlier",,2026-08-22
Kaede Akamatsu,Danganronpa: Trigger Happy Havoc; Danganronpa 2: Goodbye Despair; Danganronpa Another Episode: Ultra Despair Girls; Danganronpa V3: Killing Harmony,2010; 2012; 2014; 2017,https://lgbtqgamearchive.com/2020/02/07/kaede-akamatsu-in-danganronpa-v3-killing-harmony,Kaede Akamatsu in Danganronpa V3: Killing Harmony,2010s; Bisexual; Bisexual (implicit); Characters; Games by Decade; Lesbian; Lesbian (implicit); Playable Character; Queer Women; Queerly Read/Rumored,queer_reading_candidate,no,queer_reading_candidate,"Image Credit: https://danganronpa.fandom.com/wiki/Kaede_Akamatsu Kaede Akamatsu is one of the students trapped inside the Ultimate Academy for Gifted Juveniles and forced to take part in the Killing School Semester. Throughout her dialogue, she comments on other girls’ bodies, calling Tsumigi Shirogane sexy and Tenko Chabashira cute (seen in her Chapter 1 dialogue on the Danganronpa Fandom Wiki’s Quotes section for her ). This has led to queer readings of her as being lesbian or bisexual . LGBTQ References in this series : Danganronpa: Trigger Happy Havoc (2010): Chihiro ; Genocide Jack/Jill and Toko ; Hifumi’s Ending ; Mondo and Taka ; Monokuma ; School Mode Danganronpa 2: Goodbye Despair (2012): Ibuki Mioda , Island Mode , Mentions , Mikan Tsumiki , Nagito Komaeda , Teruteru Hanamura Danganronpa Another Episode: Ultra Despair Girls (2014): Tokomaru Ship Danganronpa V3: Killing Harmony ",,2026-08-22
Kainé,Nier; NieR: Automata,2010; 2017,https://lgbtqgamearchive.com/2016/06/24/kaine-in-nier,Kainé in Nier,2010s; Changed in localization; Characters; Intersex; Intersex (explicit),character_candidate,yes,already_registered,"Image credit: http://nier.wikia.com/wiki/File:Kaine.png Kainé, one of the main characters in Nier, is intersex and identifies as a woman. She keeps her left arm and left leg hidden beneath bandage-like coverings due to being half Shade, and she is subject to exacerbated persecution from others beyond merely being an intersex person. As a child, she was bullied relentlessly and has a preference for women’s clothing that accentuate her feminine features. Some fans have discussed Kainé’s gender and sex, as her description and character design change slightly in localization. LGBTQ references in this series : Kainé Emil Operator 60 (NieR: Automata) 11B and 16D (NieR: Automata) Citations: Various (n.d.). Grimorie Neir. Retrieved from https://docs.google.com/document/u/1/d/1vEP2iZ52P-DWhQBQ2Is6R8Wjao99AGi0YuWShTvA-tA/mobilebasic?viewopt=127#h.ea91adce334f Various. (n.d.). Kainé (character page",,2026-08-22
Kokichi Oma,Danganronpa: Trigger Happy Havoc; Danganronpa 2: Goodbye Despair; Danganronpa Another Episode: Ultra Despair Girls; Danganronpa V3: Killing Harmony,2010; 2012; 2014; 2017,https://lgbtqgamearchive.com/2020/02/07/kokichi-oma-in-danganronpa-v3-killing-harmony,Kokichi Oma in Danganronpa V3: Killing Harmony,2010s; Characters; Games by Decade; Gay; Gay (explicit); Queer Men,character_candidate,yes,already_registered,"Image Credit: https://danganronpa.fandom.com/wiki/Kokichi_Oma Kokichi Oma is a student trapped in the Ultimate Academy for Gifted Juveniles and forced to take part in the Killing School Semester. He seems to very much want the attention of the player character, Shuichi Saihara, to the point where he says some suggestive and sexual things. Some of the things he says are as follows (and can be found here ): Kokichi: But I won’t tell you where I hid the stolen gem! Torture won’t work either, y’know! Shuichi: I-I’m not going to torture you! What exactly do you think a detective *does*? Kokichi: You’re planning on tyin’ and roughin’ up my body, aren’t you? That’s why there’s a bed, huh? Kokichi: Aawww…you’re not shaken up at all. I thought you would be more excited. That’s too bad…I really wanted your eyes to be on me… He also is one of the only characters that responds positively in the Love",,2026-08-22
Korekiyo Shinguji’s Love Suite Event,Danganronpa: Trigger Happy Havoc; Danganronpa 2: Goodbye Despair; Danganronpa Another Episode: Ultra Despair Girls; Danganronpa V3: Killing Harmony,2010; 2012; 2014; 2017,https://lgbtqgamearchive.com/2020/02/07/korekiyo-shingujis-love-suite-event-in-danganronpa-v3-killing-harmony,Korekiyo Shinguji's Love Suite Event in Danganronpa V3: Killing Harmony,2010s; Characters; Games by Decade; Queer Men; Queerly Read/Rumored,queer_reading_candidate,no,queer_reading_candidate,"Image Credit: https://danganronpa.fandom.com/wiki/Korekiyo_Shinguji Korekiyo Shinguji is a student trapped in the Ultimate Academy for Gifted Juveniles and forced to take part in the Killing School Semester. In his Love Suite event during the Love Across the Universe bonus mode, he makes some suggestive comments towards Shuichi Saihara and it is heavily implied that they have sex. However, Shuichi takes on Korekiyo’s “ideal” in this event, who is a person who has never tried BDSM before. The gender of Korekiyo’s ideal is not revealed, so the queerness within this scene comes from the fact that Shuichi is taking on that role. Korekiyo has been queerly read by fans as bisexual because of this scene (as seen in the Trivia section of his page on the Danganronpa Fandom Wiki ). This leads to a classification of Queerly Read for Korekiyo, as there is no way of knowing the exact gender of his id",,2026-08-22
Love Across the Universe: Dangan Salmon Team,Danganronpa: Trigger Happy Havoc; Danganronpa 2: Goodbye Despair; Danganronpa Another Episode: Ultra Despair Girls; Danganronpa V3: Killing Harmony,2010; 2012; 2014; 2017,https://lgbtqgamearchive.com/2020/02/07/love-across-the-universe-dangan-salmon-team-in-danganronpa-v3-killing-harmony,Love Across the Universe: Dangan Salmon Team in Danganronpa V3: Killing Harmony,2010s; Games by Decade; Mentions; Mentions (explicit); Mentions (implicit); Optional Relationship; Relationships/Romance/Sex,needs_unit_review,no,needs_unit_review,"Image Credit: https://danganronpa.fandom.com/wiki/Love_Across_the_Universe:_Dangan_Salmon_Team Love Across the Universe: Dangan Salmon Team is a bonus mode unlocked after beating Danganronpa V3: Killing Harmony . It’s similar to its predecessors ( School Mode in Danganronpa: Trigger Happy Havoc and Island Mode in Danganronpa 2: Goodbye Despair ) in that it serves as a dating sim where no killing occurs. Some fans have queerly read this bonus mode in previous games since the act of male characters giving Shuichi Saihara their underwear can seem to be referencing queer relationships in some way. Also, multiple “Love Suite” events in Hotel Kumasutra where Shuichi witnesses an intimate scene from other characters while being portrayed as their “ideal” seem queer in nature. Additionally, some dialogue such as with Kokichi Oma suggests gay/queer relationships as well. With multiple characters,",,2026-08-22
Makoto Nanaya,BlazBlue: Continuum Shift II; BlazBlue: Chrono Phantasma; BlazBlue: Central Fiction,2010; 2012; 2015,https://lgbtqgamearchive.com/2017/03/21/makoto-nanaya-in-blazblue,Makoto Nanaya in Blazblue,2000s; Bisexual; Bisexual (implicit); Characters; Games by Decade; Playable Character; Queer Women,character_candidate,yes,already_registered,"Image credit: http://blazblue.wikia.com/wiki/Makoto_Nanaya Makoto Nanaya is a playable character in Blazblue: Continuum Shift II and she makes appearances in other Blazblue media titles. As a demi-human, Makoto has enhanced reflexes and physical strength, making her a formidable opponent in the Blazblue universe. Fans have read Makoto as being queer or bisexual due her (seemingly one-sided) advances with other female characters – namely Mai Natsume, Tsubaki Yomi, and Noel Vermillion – as well as her flirtations with some male characters in the Blazblue franchise. This speculation increased after Makoto kissed Mai in a chapter of the spin-off manga Blazblue Heart Remix, and is supported by series creator Toshimischi Mori discussing Makoto as filling a “plot gap” for a woman-loving-woman (yuri) character. Image credit: http://blazblue.wikia.com/wiki/File:Mai_first_kiss.jpg Citations: Vario",,2026-08-22
Mentions,Danganronpa: Trigger Happy Havoc; Danganronpa 2: Goodbye Despair; Danganronpa Another Episode: Ultra Despair Girls; Danganronpa V3: Killing Harmony,2010; 2012; 2014; 2017,https://lgbtqgamearchive.com/2020/01/31/mentions-in-danganronpa-2-goodbye-despair,Mentions in Danganronpa 2: Goodbye Despair,Mentions; Mentions (explicit); Mentions (implicit),needs_unit_review,no,needs_unit_review,"Image Credit: Retrieved from https://danganronpa.fandom.com/wiki/Free_Time_Events/Kazuichi_Soda#Page%205 In Danganronpa 2: Goodbye Despair , there are multiple moments where queerness or queer relationships are referenced. For example, in Kazuichi Soda’s Free Time Event 5, the player can pick “Date” as a response to “Hmm, what can two men do at the beach…?”. References like these to queerness or queer relationships happen both explicitly and implicitly throughout the game. LGBTQ References in this series : Danganronpa: Trigger Happy Havoc (2010): Chihiro ; Genocide Jack/Jill and Toko ; Hifumi’s Ending ; Mondo and Taka ; Monokuma ; School Mode Danganronpa 2: Goodbye Despair (2012): Ibuki Mioda , Island Mode , Mentions , Mikan Tsumiki , Nagito Komaeda , Teruteru Hanamura Danganronpa Another Episode: Ultra Despair Girls (2014): Tokomaru Ship Danganronpa V3: Killing Harmony (2017): K1-B0 , K",,2026-08-22
Mikan Tsumiki,Danganronpa: Trigger Happy Havoc; Danganronpa 2: Goodbye Despair; Danganronpa Another Episode: Ultra Despair Girls; Danganronpa V3: Killing Harmony,2010; 2012; 2014; 2017,https://lgbtqgamearchive.com/2020/01/31/mikan-tsumiki-in-danganronpa-2-goodbye-despair,Mikan Tsumiki in Danganronpa 2: Goodbye Despair,2010s; Characters; Games by Decade; Intertextual Reference; Lesbian; Lesbian (explicit); Queer Women,character_candidate,yes,already_registered,"Image Credit: Retrieved from https://danganronpa.fandom.com/wiki/Mikan_Tsumiki Mikan Tsumiki is one of the teens trapped on a tropical island and forced to play the Killing Game. At the end of Chapter 3, it is revealed that she murdered Ibuki Mioda and Hiyoko Saionji, and when asked why she did it, she responds (seen here ): “What I did…was for the sake of my beloved. If only they were still alive…They’d be so happy…I know. My beloved…was the only one…That’s right, the only one who…never hated me. They forgave my existence. They forgave me and accepted me. They gave me value. They loved me. I loved them with all my heart and they returned it in full. This is…my reciprocation.” It is heavily implied during and after Chapter 3 that Mikan’s Beloved is Junko Enoshima. This is later confirmed in the Danganronpa 3: The End of Hope’s Peak High School anime. LGBTQ References in this series : Dan",,2026-08-22
Miu Iruma,Danganronpa: Trigger Happy Havoc; Danganronpa 2: Goodbye Despair; Danganronpa Another Episode: Ultra Despair Girls; Danganronpa V3: Killing Harmony,2010; 2012; 2014; 2017,https://lgbtqgamearchive.com/2020/02/07/miu-iruma-in-danganronpa-v3-killing-harmony,Miu Iruma in Danganronpa V3: Killing Harmony,2010s; Bisexual; Bisexual (implicit); Characters; Games by Decade; Mentions; Mentions (explicit); Queer Women; Queerly Read/Rumored,queer_reading_candidate,no,queer_reading_candidate,"Image Credit: https://danganronpa.fandom.com/wiki/Miu_Iruma Miu Iruma is one of the students trapped inside the Ultimate Academy for Gifted Juveniles and forced to take part in the Killing School Semester. She is known to be quite crass, making sexual comments here and there, and has been queerly read to be bisexual , because of a scene she has with K1-B0 and a possible interest in Kaede Akamatsu. She specifically has groped Kaede Akamatsu in one of their Free Time Events , and tries to look up the wax figure of Kaede’s skirt to see if she has panties on during Chapter 3 (found here 1:28 to 1:48). Also, she explicitly mentions gay/queer things throughout the game, such as calling Shuichi “Sherlock Homo”. This leads to a classification of Queerly Read and Bisexual Implicit. LGBTQ References in this series : Danganronpa: Trigger Happy Havoc (2010): Chihiro ; Genocide Jack/Jill and Toko ; H",,2026-08-22
Mondo and Taka,Danganronpa: Trigger Happy Havoc; Danganronpa 2: Goodbye Despair; Danganronpa Another Episode: Ultra Despair Girls; Danganronpa V3: Killing Harmony,2010; 2012; 2014; 2017,https://lgbtqgamearchive.com/?p=10400,Mondo and Taka in Danganronpa: Trigger Happy Havoc,2010s; Characters; Games by Decade; Gay; Gay (implicit); Queer Men; Queerly Read/Rumored,queer_reading_candidate,no,queer_reading_candidate,"Image Credit: Retrieved from http://danganronpa.wikia.com/wiki/Mondo_Owada Mondo Owada and Kiyotaka (Taka) Ishimaru are two teens trapped inside Hope’s Peak Academy and forced to play the Killing Game. There is a scene in the second chapter of the game where Mondo and Taka compete with each other by seeing who can bare the heat the longest in the sauna. Upon waking up the next morning, the player character, Makoto Naegi, finds that Mondo and Taka have grown especially close because of their newfound “manly bond” (found here and here ). Some fans have queerly read this as the two characters engaging in gay/queer activity of some kind. LGBTQ References in this series : Danganronpa: Trigger Happy Havoc (2010): Chihiro ; Genocide Jack/Jill and Toko ; Hifumi’s Ending ; Mondo and Taka ; Monokuma ; School Mode Danganronpa 2: Goodbye Despair (2012): Ibuki Mioda , Island Mode , Mentions , Mikan T",,2026-08-22
Monokuma,Danganronpa: Trigger Happy Havoc; Danganronpa 2: Goodbye Despair; Danganronpa Another Episode: Ultra Despair Girls; Danganronpa V3: Killing Harmony,2010; 2012; 2014; 2017,https://lgbtqgamearchive.com/?p=10404,Monokuma in Danganronpa: Trigger Happy Havoc,2010s; Characters; Games by Decade; Gender non-conforming; Non-binary or genderqueer; Non-binary or Genderqueer (implicit),character_candidate,yes,already_registered,"Image Credit: Retrieved from http://danganronpa.wikia.com/wiki/Monokuma Monokuma is a stuffed robotic bear, the self-proclaimed Headmaster of Hope’s Peak Academy, and the instigator of the Killing Game. In Chapter 5 of the game, there is a scene where Monokuma says the quote, “But in the bear kingdom, there IS no male or female!” but Makoto quickly turns Monokuma down by saying that there are male and female bears (found here ). LGBTQ References in this series : Danganronpa: Trigger Happy Havoc (2010): Chihiro ; Genocide Jack/Jill and Toko ; Hifumi’s Ending ; Mondo and Taka ; Monokuma ; School Mode Danganronpa 2: Goodbye Despair (2012): Ibuki Mioda , Island Mode , Mentions , Mikan Tsumiki , Nagito Komaeda , Teruteru Hanamura Danganronpa Another Episode: Ultra Despair Girls (2014): Tokomaru Ship Danganronpa V3: Killing Harmony (2017): K1-B0 , Kaede Akamatsu , Kokichi Oma , Korekiyo Shingu",,2026-08-22
Nagito Komaeda,Danganronpa: Trigger Happy Havoc; Danganronpa 2: Goodbye Despair; Danganronpa Another Episode: Ultra Despair Girls; Danganronpa V3: Killing Harmony,2010; 2012; 2014; 2017,https://lgbtqgamearchive.com/2020/01/31/nagito-komaeda-in-danganronpa-2-goodbye-despair,Nagito Komaeda in Danganronpa 2: Goodbye Despair,2010s; Bisexual; Bisexual (implicit); Characters; Games by Decade; Gay; Gay (explicit); Intertextual Reference; Pansexual; Pansexual (implicit); Queer Men; Queerly Read/Rumored,queer_reading_candidate,no,queer_reading_candidate,"Image Credit: https://danganronpa.fandom.com/wiki/Nagito_Komaeda Nagito Komaeda is one of the teens trapped on a tropical island and forced to play the Killing Game. He has been queerly read by fans to be gay, bisexual, or pansexual (all found here in this reddit thread ). In-game, Nagito has an obsession with Hajime Hinata, seeing him as the embodiment of hope. In his fifth and final Free Time Event, he goes so far as to say: “From the bottom of my heart…I am truly in love with the hope that sleeps inside you.” This has been read as a confession of love from Nagito to Hajime, but others have read this as Nagito just being interested in any person who has “hope” within them. In Danganronpa Another Episode: Ultra Despair Girls , Kurokuma makes a comment towards Nagito, saying: “Oh, what!? Is this it!? You’re finally gonna come out of the closet!?” (found here ) Also, Hiyoko Saionji makes ",,2026-08-22
NPC Woman and Female Sex Workers,Red Dead Redemption,2010,https://lgbtqgamearchive.com/2016/06/24/npc-woman-and-female-sex-workers-in-red-dead-redemption,NPC Woman and Female Sex Workers in Red Dead Redemption,2010s; Characters; Lesbian; Lesbian (implicit); Queer Women,character_candidate,no,needs_character_review,"Screenshot from: https://www.youtube.com/watch?v=4Y0Y6LCg7gs At the end of one of the side quests in Red Dead Redemption , a woman can be seen flirting with some female sex workers in a bar. Later on, that same NPC can be found in the arms of one of the sex workers. Some fans have had mixed reactions to the presence of minor lesbian characters in the game. LGBTQ references in this game : Quique Montemayor and Captain Vincente De Santa NPC Woman and Female Sex Workers Citations: 1. 4Player Network. (2010, June 12). Lesbians in the Red Dead Redemption. YouTube Video. Retrieved from https://www.youtube.com/watch?v=f3by3kPIb7s 2. C50NUTUBE. (2010, May 20). Red Dead Redemption: Lesbians. YouTube Video. Retrieved from https://www.youtube.com/watch?v=4Y0Y6LCg7gs 3. Various. (2010, May 13). Lesbians during the wild west era? make it stop!!. GameFAQS Forum. Retrieved from http://www.gamefaqs.com/",,2026-08-22
Operator 60,Nier; NieR: Automata,2010; 2017,https://lgbtqgamearchive.com/2018/07/09/operator-60-in-nier-automata,Operator 6O in NieR Automata,2010s; Characters; Games by Decade; Lesbian; Lesbian (explicit); Queer Women,character_candidate,yes,already_registered,"Much of this information was submitted via email, with some minor edits and additional sources added as necessary. Image credit: http://nier.wikia.com/wiki/Operator_6O?file=6Operator.png In NieR: Automata (2017) there is a scene where a support character named 6O, a female android, tells the main character that she asked another female android out on a date and was rejected. She also seems to have feelings for the main character 2B and there’s a side quest where 2B can collect photos of flowers to send to her (as 6O lives on a space station and can’t come to Earth herself). Image credit: https://nierautomata.wiki.fextralife.com/file/Nier-Automata/Find_A_Present.jpg?v=1516750646097 LGBTQ references in this series : Kainé Emil Operator 60 (NieR: Automata) 11B and 16D (NieR: Automata) Citations: Find a Present. (n.d.). NieR: Automata Wiki. Retrieved from https://nierautomata.wiki.fextralife",,2026-08-22
Pater,Resonance of Fate,2010,https://lgbtqgamearchive.com/2016/06/24/pater-in-resonance-of-fate,Pater in Resonance of Fate,2010s; Bisexual; Bisexual (implicit); Characters; Queer Men,character_candidate,yes,already_registered,"Pater, image credit: http://lastminutecontinue.com/wp-content/gallery/officialart/R/resonance-of-fate/rof-peter.jpg Pater is a post-game boss character in Resonance of Fate , who appears to have some romantic interest in Zephyr (one of the game’s protagonists). He has some flamboyant mannerisms, but overall is just rather awkward in relation to the main characters of Resonance of Fate. Later on in the game, it is revealed that Pater has a crush on Leanne, but this leaves his sexuality rather ambiguous. LGBTQ references in this game : Pater Bartender at Le Chit-Chat Noir Citations: (n.d.). Resonance of Fate. TV Tropes Wiki. Retrieved from http://tvtropes.org/pmwiki/pmwiki.php/VideoGame/ResonanceOfFate (n.d.). Resonance of Fate (Character Page). TV Tropes Wiki. Retrieved from http://tvtropes.org/pmwiki/pmwiki.php/Characters/ResonanceOfFate (2010, July 12). Who is Pater? GameFaqs Forum. Ret",,2026-08-22
Quique Montemayor and Captain Vincente De Santa,Red Dead Redemption,2010,https://lgbtqgamearchive.com/2016/06/24/quique-montemayor-and-captain-vincente-de-santa-in-red-dead-redemption,Quique Montemayor and Captain Vincente de Santa in Red Dead Redemption,2010s; Bisexual; Bisexual (implicit); Characters; Gay; Gay (implicit); Queer Men,character_candidate,yes,already_registered,"Quique, image credit: http://vignette2.wikia.nocookie.net/reddeadredemption/images/2/20/Rdr_quique_montemayor_square.jpg/revision/latest?cb=20110809160457 Vincente, image credit: better).jpg/revision/latest?cb=20100814020622 Quique Montemayor is a minor character in Red Dead Redemption , most commonly appearing as a waiter as well as an assistant to Vincente de Santa, a major character. He has flamboyant mannerisms and flirts with Vincente de Santa whenever they are together. De Santa and Montemayor seems to be openly in an intimate relationship, and many of the game’s major characters’ comment on it. de Santa is also known to flirt with women in the game, which implies that he may be bisexual, but Montemayor is only shown to be interested in de Santa. After de Santa is killed, a main character comments that “a lot of young boys will sleep safe in their beds.” At one point in the game, d",,2026-08-22
Ramona Flowers and Roxanne Ritcher,Scott Pilgrim vs. the World,2010,https://lgbtqgamearchive.com/2016/07/01/ramona-flowers-and-roxanne-richter-in-scott-pilgrim-vs-the-world,Ramona Flowers and Roxanne Richter in Scott Pilgrim vs The World,2010s; Bisexual; Bisexual (implicit); Characters; Lesbian; Lesbian (implicit); Queer Women,character_candidate,yes,already_registered,"Image credit: https://www.tumblr.com/search/scott%20pilgrim%20game%20gif# Ramona Flowers is one of the main characters in Scott Pilgrim vs The World and serves as the primary love interest for Scott (the titular character). Roxanne (or Roxie) Richter is Ramona’s ex girlfriend from college, where they were also roommates. She is the only girl that Ramona has dated, and Ramona claims that she was going through a “curious” phase, but Roxie is the only ex that she still gets along with. It is implied that they still care for each other, and Roxie ends up spending the night at Ramona’s place at some point where they allegedly made out a little (but did not have sex – maybe). Citations Various. (n.d.). Ramona Flowers (character page). Scott Pilgrim Wiki. Retrieved from http://scottpilgrim.wikia.com/wiki/Ramona_Flowers Various. (n.d.). Roxanne Richter (character page). Scott Pilgrim Wiki. Retri",,2026-08-22
Rantaro Amami,Danganronpa: Trigger Happy Havoc; Danganronpa 2: Goodbye Despair; Danganronpa Another Episode: Ultra Despair Girls; Danganronpa V3: Killing Harmony,2010; 2012; 2014; 2017,https://lgbtqgamearchive.com/2020/02/07/rantaro-amami-in-danganronpa-v3-killing-harmony,Rantaro Amami in Danganronpa V3: Killing Harmony,2010s; Aromantic; Aromantic (implicit); Asexual; Asexual (Implicit); Characters; Games by Decade; Queer Men; Queerly Read/Rumored,queer_reading_candidate,no,queer_reading_candidate,"Image Credit: https://danganronpa.fandom.com/wiki/Rantaro_Amami Rantaro Amami is one of the students trapped inside the Ultimate Academy for Gifted Juveniles and forced to take part in the Killing School Semester. He has been read by fans to be both aromantic and asexual . The screenshots provided in the second link above and his Love Suite event being seemingly platonic leads to a classification of Queerly Read, Aromantic Implicit, and Asexual Implicit. LGBTQ References in this series : Danganronpa: Trigger Happy Havoc (2010): Chihiro ; Genocide Jack/Jill and Toko ; Hifumi’s Ending ; Mondo and Taka ; Monokuma ; School Mode Danganronpa 2: Goodbye Despair (2012): Ibuki Mioda , Island Mode , Mentions , Mikan Tsumiki , Nagito Komaeda , Teruteru Hanamura Danganronpa Another Episode: Ultra Despair Girls (2014): Tokomaru Ship Danganronpa V3: Killing Harmony (2017): K1-B0 , Kaede Akamatsu , Kok",,2026-08-22
Same-sex romances between women,Embric of Wulhammer’s Castle,2010,https://lgbtqgamearchive.com/2016/07/27/same-sex-romances-between-women,Same-sex Romances Between Women in Embric of Wulfhammer’s Castle,2000s; Lesbian; Lesbian (explicit); Optional Relationship; Playable Character; Queer Game/Narrative; Queer Women; Relationships/Romance/Sex,non_character_reference,no,non_character_reference,"Image of dialogue with Catherine: http://solelo.yurikai.com/wp-content/uploads/2010/12/logic1.jpg Embric of Wulfhammer’s Castle is a comedic fantasy role-playing game in which the player explores relationships between a wide array of characters, and as evident by its classification in the Yuri genre, many of whom are lesbians. The player navigates the game as Catherine (The Duchess of Elstwhere), and they get to pursue a variety of relationship options in addition to learning about the endeavors of other characters. While the vast majority of women are written to pursue romantic relationships with other women, not every character that Catherine interacts with is a lesbian. Citations: 1. Various. (n.d.). Embric of Wulfhammer’s Castle (game page). TV Tropes Wiki. Retrieved from http://tvtropes.org/pmwiki/pmwiki.php/VideoGame/EmbricOfWulfhammersCastle 2. Various. (2010, December 19). Embric",,2026-08-22
School Mode,Danganronpa: Trigger Happy Havoc; Danganronpa 2: Goodbye Despair; Danganronpa Another Episode: Ultra Despair Girls; Danganronpa V3: Killing Harmony,2010; 2012; 2014; 2017,https://lgbtqgamearchive.com/?p=10408,School Mode in Danganronpa: 1.2 Reload,2010s; Add on content; Games by Decade; Optional Relationship; Relationships/Romance/Sex,needs_unit_review,no,needs_unit_review,"After finishing the main Story mode of the 1.2 Reload edition of the game, players are able to play through a bonus game mode (School Mode, also known as its full title, Enhanting Dangan Academy ~Purely Prismatic Souls~) where the teens trapped at Hope’s Peak High School must build multiple Monokumas before the Killing Game starts. This new bonus game mode allows players to bond with other characters in the format of a dating simulator. At the end of School Mode, any characters that have a maxed out relationship with the player character will have ending dialogue with Makoto, giving him their underwear after finishing talking to him. Some fans have queerly read this since the act of male characters giving Makoto Naegi (a male character) their underwear can seem to be referencing gay or at least queer relationships in some way. LGBTQ References in this series : Danganronpa: Trigger Happy ",,2026-08-22
Tenko Chabashira,Danganronpa: Trigger Happy Havoc; Danganronpa 2: Goodbye Despair; Danganronpa Another Episode: Ultra Despair Girls; Danganronpa V3: Killing Harmony,2010; 2012; 2014; 2017,https://lgbtqgamearchive.com/2020/02/07/tenko-chabashira-in-danganronpa-v3-killing-harmony,Tenko Chabashira in Danganronpa V3: Killing Harmony,2010s; Bisexual; Bisexual (implicit); Characters; Games by Decade; Queer Women; Queerly Read/Rumored,queer_reading_candidate,no,queer_reading_candidate,"Image Credit: https://danganronpa.fandom.com/wiki/Tenko_Chabashira Tenko Chabashira is one of the students trapped inside the Ultimate Academy for Gifted Juveniles and forced to take part in the Killing School Semester. Fans have read her as being interested in women because of multiple other reasons: In Tenko’s official English profile, it’s mentioned that compliments from women will “make her heart aflutter” while the same compliments from men will “could result in [them] getting thrown across the room” In the official art book , it is stated that Tenko added the frills to her uniform by her own hand to make the design more attractive to girls, and that girls only are allowed to touch her abs. During Chapter 2 (found here from 9:20 to 9:54), Tenko is jealous when Himiko appears attracted to Angie’s “handsome” god, asking her why she doesn’t go for Tenko instead. Himiko then directly as",,2026-08-22
Teruteru Hanamura,Danganronpa: Trigger Happy Havoc; Danganronpa 2: Goodbye Despair; Danganronpa Another Episode: Ultra Despair Girls; Danganronpa V3: Killing Harmony,2010; 2012; 2014; 2017,https://lgbtqgamearchive.com/2020/01/31/teruteru-hanamura-in-danganronpa-2-goodbye-despair,Teruteru Hanamura in Danganronpa 2: Goodbye Despair,2010s; Bisexual; Bisexual (explicit); Characters; Games by Decade; Intertextual Reference; Queer Men,character_candidate,yes,already_registered,"Image Credit: Retrieved from https://danganronpa.fandom.com/wiki/Teruteru_Hanamura Teruteru Hanamura is one of the teens trapped on a tropical island and forced to play the Killing Game. He regularly hits on both males and females, often to the point of sexual harassment. A list of in-game and intertextual references that show Teruteru’s openness to both men and women can be found under the “Trivia” section on his Danganronpa Fandom Wiki page . For example, when asking if anyone would like a “rub down” with suntan lotion, Nekomaru Nidai volunteers and he replies: “Rubbing lotion on a muscular man…? All right, no problem! My tastes are pretty open, you know!” LGBTQ References in this series : Danganronpa: Trigger Happy Havoc (2010): Chihiro ; Genocide Jack/Jill and Toko ; Hifumi’s Ending ; Mondo and Taka ; Monokuma ; School Mode Danganronpa 2: Goodbye Despair (2012): Ibuki Mioda , Island ",,2026-08-22
this series,Nier; NieR: Automata,2010; 2017,https://lgbtqgamearchive.com/2010s/nier,NieR,,non_character_reference,no,non_character_reference,"Year: 2010 Publisher: Square Enix Developer: Cavia Country: Japan Genre: Action role-playing Platform: PS3, PS Vita, XBox 360 Image credit: “Nier (game box art)” by Source. Licensed under Fair use via Wikipedia – https://en.wikipedia.org/wiki/File:Nier_(game_box_art).jpg#/media/File:Nier_(game_box_art).jpg NieR, a spinoff of Drakengard, is set a millennium after the final series entry and puts players in control of the titular hero in his valiant search for a cure for the Black Scrawl epidemic, which claimed his daughter. Teaming up with Grimoire Weiss, a magical talking book, and two other characters, Kainé and Emil, the games follows his quest for a remedy and his attempts to understand threatening creatures known as Shades. LGBTQ references in this series : Kainé Emil Operator 60 (NieR: Automata) 11B and 16D (NieR: Automata) Citations: Clements, R. (May 11, 2010). Nier Review. Retriev",,2026-08-22
Tokomaru Ship,Danganronpa: Trigger Happy Havoc; Danganronpa 2: Goodbye Despair; Danganronpa Another Episode: Ultra Despair Girls; Danganronpa V3: Killing Harmony,2010; 2012; 2014; 2017,https://lgbtqgamearchive.com/2020/02/07/tokomaru-ship-in-danganronpa-another-episode-ultra-despair-girls,Tokomaru Ship in Danganronpa Another Episode: Ultra Despair Girls,2010s; Bisexual; Bisexual (implicit); Characters; Games by Decade; Queerly Read/Rumored,queer_reading_candidate,no,queer_reading_candidate,"Image Credit: https://shipping.fandom.com/wiki/Tokomaru The lead characters of Danganronpa Another Episode: Ultra Despair Girls , Komaru Naegi and Toko Fukawa , are a popular ship online. The deepening friendship that occurs between the two throughout the game has been a source of many queer readings, as their ship, Tokomaru, has become the most written ship for Komaru on Archive of Our Own. LGBTQ References in this series : Danganronpa: Trigger Happy Havoc (2010): Chihiro ; Genocide Jack/Jill and Toko ; Hifumi’s Ending ; Mondo and Taka ; Monokuma ; School Mode Danganronpa 2: Goodbye Despair (2012): Ibuki Mioda , Island Mode , Mentions , Mikan Tsumiki , Nagito Komaeda , Teruteru Hanamura Danganronpa Another Episode: Ultra Despair Girls (2014): Tokomaru Ship Danganronpa V3: Killing Harmony (2017): K1-B0 , Kaede Akamatsu , Kokichi Oma , Korekiyo Shinguji’s Love Suite Event , Love Across th",,2026-08-22
Dorothy McCoy,Love & Order,2011,https://lgbtqgamearchive.com/2017/02/12/dorothy-mccoy-in-love-order,Dorothy McCoy in Love & Order,2010s; Characters; Lesbian; Lesbian (explicit); Optional Relationship; Queer Women; Relationships/Romance/Sex,character_candidate,yes,already_registered,"Image Source: http://loveconquersallgam.es/post/2730881816/love-order-dorothy Dorothy McCoy is character in the 2011 visual novel Love & Order . She is the only woman available for Dana, the game’s protagonist, to romance. She works as the Executive Assistant Crown Attorney at the law office and handles the office’s most high-profile cases. Citations: Love and Order (n.d.). Retrieved from http://www.winterwolves.com/loveandorder.htm Love, C. (2011, January 13). Love and Order: Dorothy. Love Conquers All Games. Retrieved from http://loveconquersallgam.es/post/2730881816/love-order-dorothy",,2026-08-22
Erica Anderson,Catherine,2011,https://lgbtqgamearchive.com/2016/06/24/erica-anderson-in-catherine,Erica Anderson in Catherine,2010s; Characters; Homophobia/Transphobia; Transgender; Transgender (explicit); Transphobia,character_candidate,yes,already_registered,"Erica Anderson is one of the main characters in Catherine , a puzzle platformer adventure game with multiple endings created by Atlus. Erica is a “post-op” transgender woman, who works as a waitress in the Stray Sheep Inn. Erica is presented as flirtatious and surprisingly tolerant of the casual transphobia that other characters display throughout the game. This characterization has been criticized by some fans due to the way in which it deploys stereotypes of trans women as being self-deprecating and sexually deceitful. Fans have also noted (see here as well) that the game developers themselves don’t seem very sensitive to transgender people, as one of the major plot points of the game involves “unfaithful” men having nightmares, with Erica being the only non-male character to also have the same kind of nightmares which seems to indicate that she is thought of as a man in the game’s uni",,2026-08-22
Queer characters and Queer game/narrative,A Closed World,2011,https://lgbtqgamearchive.com/2015/11/27/queer-characters-and-queer-narrative-in-a-closed-world,Queer characters and queer narrative in A Closed World,2010s; Characters; Queer Game/Narrative; Queer Men; Queer Women,non_character_reference,no,non_character_reference,"Year: 2011 Creator: Team Fabulous Country: United States/Singapore Genre: Role-playing game Platform: PC Screenshot Image credit http://gambit.mit.edu/aclosedworld A Closed World is a Flash-based browser game created in summer 2011 at the Singapore-MIT GAMBIT Game Lab (now the MIT Game Lab) as part of its summer program in research-informed design. A team of students from the US and Singapore were tasked with creating a game that included queer-relevant content in a meaningful way, as part of a research project exploring how a design team would engage that process. Inspired by console role-playing games such as Earthbound , A Closed World presents the story of a youth whose lover abandons them to head into a forbidden forest from which none have returned. The player takes the youth through the forest, battling representations of their personal issues via menu-driven “combat” using logic,",,2026-08-22
Same-sex romance,Magical Diary,2011,https://lgbtqgamearchive.com/2016/06/24/same-sex-romance-in-magical-diary,Same-Sex romance in Magical Diary,2010s; Optional Relationship; Relationships/Romance/Sex,non_character_reference,no,non_character_reference,"Magical Diary is a visual novel video game that follows the story of the playable character as a young freshman girl at Iris Academy, a magical school. The female main character is able to date both/either of her female roommates, Virginia Danson and Ellen Middleton , kiss another girl who is not a romantic option, and many of the characters are able to be in romantic relationships with people of different genders. Like other Hanako Games titles, the same sex romantic interest isn’t treated as unusual or surprising by any of the characters. Citations (n.d.). Magical Diary (Visual Novel). TV Tropes Wiki. Retrieved from http://tvtropes.org/pmwiki/pmwiki.php/VisualNovel/MagicalDiary (n.d.). Custom Female Student. Magical Diary Wiki. Retrieved from http://magicaldiary.wikia.com/wiki/Custom_Female_Student_(Mary_Sue) (n.d.). Virginia Danson. Magical Diary Wiki. Retrieved from http://magicaldia",,2026-08-22
Caithe and Faolain,Guild Wars 2,2012,https://lgbtqgamearchive.com/2016/06/24/caithe-and-faolain-in-guild-wars-2,Caithe and Faolain in Guild Wars 2,2010s; Characters; Lesbian; Lesbian (explicit); Queer Women,character_candidate,yes,already_registered,"Caithe, image credit: http://www.guildwars2guru.com/uploads/gallery/album_31/gallery_3318_31_354883.jpg Faolain, image credit: https://dviw3bl0enbyw.cloudfront.net/uploads/forum_attachment/file/168433/gw432.jpg In Guild Wars 2 , the Sylvari are a humanoid plant race that do not reproduce sexually, but they still have romantic relationships with each other, through which they may pursue someone of any gender. Caithe and Faolain (minor NPCs) are firstborn Sylvari (meaning they were some of the first of their race to be born from the Pale Tree), and from the beginning they decided to see the world together. Their friendship developed into an intense romantic relationship, but the two were separated when Faolain decided to align herself with the Nightmare Court, with Caithe choosing to remain in the Destiny’s Edge guild. However, both characters claim to still be in love with each other and ",,2026-08-22
Eladus and Dagdar,Guild Wars 2,2012,https://lgbtqgamearchive.com/2016/06/24/eladus-and-dagdar-in-guild-wars-2,Eladus and Dagdar in Guild Wars 2,2010s; Characters; Gay; Gay (explicit); Queer Men,character_candidate,yes,already_registered,"Eladus and Dagdar, image credit: https://www.tumblr.com/search/eladus# The Sylvari are a humanoid plant race that do not reproduce sexually, but they still have romantic relationships with each other, through which they may pursue someone of any gender. In Guild Wars 2, the player has the option of choosing a Sylvari character as their avatar. If the player selects “The Green Knight” during storyline generation, they embark on a quest after the prologue where they are tasked with saving a young gay Sylvari couple (Eladus and Dagdar). The player saves Eladus from death at the hand of The Green Knight, and the couple can be seen together in various other segments of the chapter. This Let’s Play video discusses the lore surrounding the Sylvari race. LGBTQ references in this game : Caithe and Faolain Eladus and Dagdar Kasmeer Meade and Marjory Delaqua Citations: Various. (n.d.). Dagdar (char",,2026-08-22
Homura Akemi,Madoka Magica,2012,https://lgbtqgamearchive.com/2018/07/16/homura-akemi-in-puella-magi-madoka-magica-portable,Homura Akemi in Puella Magi Madoka Magica Portable,2010s; Characters; Games by Decade; Lesbian; Lesbian (implicit); Queer Women; Queerly Read/Rumored,queer_reading_candidate,no,queer_reading_candidate,"Image credit: File:Homura Chara Sheet.jpg. (January 19, 2011). Retrieved from https://wiki.puella-magi.net/File:Homura _Chara_Sheet.jpg Homura Akemi is one of the main characters in the Puella Magi Madoka Magica universe. She plays a major role in the various endings possible in the magical girl game (and series in general) due to her ability to manipulate time. Homura has long been considered by fans to have strong romantic feelings for Madoka Kaname due to the extreme lengths that she takes to save Madoka from a cursed fate. The erotic undertones and romantic subtext to Homura and Madoka’s relationship has led some fans to affectionately refer to this series as “Miserable Lesbians: The Anime”, referencing the dark conclusions of nearly every piece of media in the Puella Magi Madoka Magica universe. LGBTQ references in this game : Homura Akemi Madoka Kaname Citations (n.d.). Puella Magi",,2026-08-22
Kasmeer Meade and Marjory Delaqua,Guild Wars 2,2012,https://lgbtqgamearchive.com/2016/06/24/kasmeer-meade-and-marjory-delaqua-in-guild-wars-2,Kasmeer Meade and Marjory Delaqua in Guild Wars 2,2010s; Characters; Lesbian; Lesbian (implicit); Queer Women,character_candidate,yes,already_registered,"Kasmeer, image credit: https://s-media-cache-ak0.pinimg.com/736x/c2/62/4f/c2624f5dc4d50a452da82fa2b024c103.jpg Marjory, image credit: http://wiki.guildwars2.com/wiki/File:Marjory_Delaqua.jpg Kasmeer Meade and Majory Delaqua are non playable characters in Guild Wars 2 . The two are business partners, jointly operating a private investigations firm called Delaqua Investigations. Additionally, the two women are involved in a romantic relationship which is implied in their various appearances together. In the final boss battle against Scarlett, Marjory is badly wounded and this drives Kasmeer to join forces with the playable-character. Afterwards, when Marjory is revealed to be alive, she shares an emotional kiss with Kasmeer. LGBTQ references in this game : Caithe and Faolain Eladus and Dagdar Kasmeer Meade and Marjory Delaqua Citations (n.d.). Kasmeer Meade (character page). Guild Wars 2 W",,2026-08-22
Madoka Kaname,Madoka Magica,2012,https://lgbtqgamearchive.com/2018/07/16/madoka-kaname-in-puella-magi-madoka-magica-portable,Madoka Kaname in Puella Magi Madoka Magica Portable,2010s; Characters; Games by Decade; Lesbian; Lesbian (implicit); Queer Women; Queerly Read/Rumored,queer_reading_candidate,no,queer_reading_candidate,"Image Credit: File:Madoka Chara Sheet.jpg. (January 19, 2011). Retrieved from https://wiki.puella-magi.net/File:Madoka_Chara_Sheet .jpg Madoka Kaname is one of the main characters in the Puella Magi Madoka Magica universe. As the titular character, all of series incarnations revolve around her fate as a magical girl and the problems that arise because of it. Madoka is considered the primary love interest for Homura Akemi in the series, and fans have interpreted Madoka as reciprocating these strong romantic feelings. In most of the endings in the Puella Magi Madoka Magi universe, Madoka ascends to goddess status as a way of protecting her loved ones including Homura. The erotic undertones and romantic subtext to Madoka and Homura’s relationship has led some fans to affectionately refer to this series as “Miserable Lesbians: The Anime”, referencing the dark conclusions of nearly every piec",,2026-08-22
Queer Game Narrative in My Ex-Boyfriend the Space Tyrant,My Ex-Boyfriend the Space Tyrant,2012,https://lgbtqgamearchive.com/2018/07/20/queer-game-narrative-in-my-ex-boyfriend-the-space-tyrant,Queer Game Narrative in My Ex-Boyfriend the Space Tyrant,2010s; Characters; Games by Decade; Gay; Gay (explicit); Playable Character; Queer Game/Narrative; Queer Men,non_character_reference,no,non_character_reference,"Image credit: My Ex-Boyfriend the Space Tyrant. (n.d.). Retrieved from https://www.theverge.com/2013/6/6/4400922/my-ex-boyfriend-the-space-tyrant-the-gayest-game-ever-made My Ex-Boyfriend the Space Tyrant follows the adventures of Captain Tycho Minogue as he fights to save the galaxy from impending doom at the hands of none other than his ex-boyfriend. The vast majority of the characters in the game are gay (including the player-character Captain Minogue) and its dialogue is laden with sexual banter. The game frequently draws on campy imagery and humor as the story progresses, with the developer Luke Miller aiming to make a sci-fi game that was “unashamedly gay”. A trailer for the game can be viewed here . LGBTQ references in this game : Queer Game Narrative in My Ex-Boyfriend the Space Tyrant Citations Up Multimedia. (2013). My Ex-Boyfriend the Space Tyrant (game page). Up Multimedia (w",,2026-08-22
Raine Quinn,Lunar Days Sim Date,2012,https://lgbtqgamearchive.com/2018/08/28/raine-quinn,Raine Quinn,2010s; Games by Decade; Optional Relationship; Relationships/Romance/Sex,needs_unit_review,no,needs_unit_review,"Image credit: (n.d.). Raine Quinn. Lunar Days Sim Date. Pacthesis Games. Retrieved from http://pacthesisgames.com/characters/lunar-days-sim-date/raine.html Raine Quinn is the only female dateable character. She is described as a “down to earth girl,” and is located in the woods. She can be unlocked by buying and planting roses in-game, or using the cheat code ​ gardeningisforsquares .​ LGBTQ References in this game : Raine Quinn Citations: Lunar Days Sim Date. (n.d.). Pacthesis Wiki. Retrieved from http://pacthesismedia.wikia.com/wiki/Lunar_Days_Sim_Date Lunar Days Sim Date Guide. (n.d.). Pacthesis Games. Retrieved from http://pacthesisgames.com/guides/lunar-days-sim-date-guide.html Raine Quinn. (n.d.). Pacthesis Games. Retrieved from http://pacthesisgames.com/characters/lunar-days-sim-date/raine.html",,2026-08-22
Relationship options,Baldur’s Gate: Enhanced Edition; Baldur’s Gate II: Enchanced Edition,2012; 2013,https://lgbtqgamearchive.com/2015/09/02/relationship-options-in-baldurs-gate,Relationship Options in Baldur’s Gate,1990s; 2000s; Bisexual; Bisexual (explicit); Lesbian; Lesbian (explicit); Mods; Optional Relationship; Queer Men; Queer Women,non_character_reference,no,non_character_reference,"The original Baldur’s Gate games does not offer same-sex relationship options. In Baldur’s Gate II: Shadows of Amn, male player-characters can romance Aerie ( this romance could be continued into Baldur’s Gate II: Throne of Bhaal) or Jaheira. Also, assuming they are any race but elf they can also romance Viconia. Notably, all of those female NPCs are elves . The only romance option for female player-characters is Anomen (a human cleric), and at least one site indicates that there would have been more but they were cut during the production process. Also, as Vivian Abraham points out, “Anomen is an ass.” She also points out that “there is a disturbing relationship between how evil a female character is and how interested in sex she is in this game” ( 2012 ). That said, many players created mods (or modifications) to add romances to the first two games in the series, many of whom were able",,2026-08-22
this game series,Baldur’s Gate: Enhanced Edition; Baldur’s Gate II: Enchanced Edition,2012; 2013,https://lgbtqgamearchive.com/game-series/baldurs-gate-series,Baldur’s Gate series,,non_character_reference,no,non_character_reference,"Year: 1998 Publisher: Black Isle Studios Developer: BioWare Country: Canada Genre: Role-playing Platform: PC/Mac “Baldur’s Gate box”. Licensed under Fair use via Wikipedia – https://en.wikipedia.org/wiki/File:Baldur%27s_Gate_box.PNG#/media/File:Baldur%27s_Gate_box.PNG Baldur’s Gate is a series of games set in the Dungeons & Dragons realm, and it follows a modified set of rules from the tabletop role-playing game. In the games, players can choose a male or female player-character, as well as other customization options (e.g., class, race, and alignment). The first two games in the series were remade nearly a decade after the last game was released. These were distributed as Baldur’s Gate: Enhanced Edition (2012) and Baldur’s Gate II: Enhanced Edition (2013) . These remakes introduced new content and redesigned aspects of the game (including new romance options). LGBTQ references in this g",,2026-08-22
Aaron Vanich,Yousei,2013,https://lgbtqgamearchive.com/2017/02/12/aaron-vanich-in-yousei,Aaron Vanich in Yousei,2010s; Characters; Gay; Gay (explicit); Queer Men,character_candidate,yes,already_registered,"Image Source: http://www.sakevisual.com/yousei/characters.html Aaron Vanich is character in the 2013 mystery visual novel Yousei . He is a grad student at the University of Edgewater and acts as a host student for Kangai, the protagonist of the series. He’s also an amateur photographer and always portrayed with a camera hanging around his neck. He is gay and casually mentions his boyfriend throughout the course of the game. Citations: Jisei (n.d.). Retrieved from https://en.wikipedia.org/wiki/Jisei_(video_game_series) Jisei (n.d.). Retrieved from http://tvtropes.org/pmwiki/pmwiki.php/VisualNovel/Jisei Yousei. (n.d.). retrieved from http://www.sakevisual.com/yousei/",,2026-08-22
Beauty Nova,Pokemon X/Y,2013,https://lgbtqgamearchive.com/2016/05/25/beauty-nova-in-pokemon-xy,Beauty Nova in Pokémon X/Y,2010s; Changed in localization; Characters; Transgender; Transgender (implicit),character_candidate,yes,already_registered,"Image of English dialogue: http://legendsoflocalization.com/wp-content/uploads/2014/01/pokemon-karate-king-e.jpg Image of Japanese dialogue: http://legendsoflocalization.com/wp-content/uploads/2014/01/pokemon-karate-king-j.jpg In Pokémon X/Y , Beauty Nova (NPC encountered in the Kalos Battle Mansion) is believed by many fans to be a transgender woman. She mentions to the player that, just half a year ago, she had been a Black Belt (an all-male trainer type in Pokémon). In the English localization process, her dialogue was changed slightly to omit mention of her “transformation” being due to “the power of medical science”. Her character has been debated by members of the fandom over whether or not she is actually “meant” to be a transgender person, with some believing that this was just a translation error. However, it is important to note that the “female versions” of the Black Belt char",,2026-08-22
Bill,The Last of Us,2013,https://lgbtqgamearchive.com/2016/06/27/bill-in-the-last-of-us,Bill in The Last of Us,2010s; Characters; Gay; Gay (implicit); Queer Men,character_candidate,yes,already_registered,"Image credit: http://vignette3.wikia.nocookie.net/thelastofus/images/c/cb/Bill.PNG/revision/latest/scale-to-width-down/250?cb=20120714022328 Bill is a character in The Last of Us , who is a survivor (meaning one of the few humans left struggling to continue living in their post-apocalyptic world). Bill is implied to be gay due to the way he refers to his partner Frank, the meaning of “partner” becoming clearer as we learn more about Bill’s backstory. Frank eventually decided to leave Bill and strike out on his own, but he became infected and committed suicide. Bill later discovers Frank’s body and is greatly saddened. At some point after their encounter with Bill, Ellie finds a gay porn magazine called “ Bearkin ” among Bill’s things and remarks “Why are these all stuck together?” in reference to the pages. This Let’s Play shows some interactions between Bill and the other characters as ",,2026-08-22
Darren Young,WWE 2K14,2013,https://lgbtqgamearchive.com/2015/09/11/darren-young-in-wwe-2k14,Darren Young in WWE 2K14,2010s; Gay; Gay (explicit); Intertextual Reference; Real Person,non_character_reference,no,non_character_reference,"Darren Young Image credit: http://gaygamer.net/2013/08/darren-young-makes-his-video-game-debut/ WWE 2K14 features Darren Young , “the first ever openly gay WWE wrestler still active in the sport.” Darren Young, a star of World Wrestling Entertainment, Inc., came out while giving an impromptu interview to a TMZ photographer. This, according to GayGamer, “not only makes Darren Young the first openly gay professional wrestler, but also one of the first openly gay video game characters in a sports-title.” Citations Darren Young. (n.d.). Retrieved from https://en.wikipedia.org/wiki/Darren_Young AwesomeGamerNer (2013, September 15). Darren Young Makes His Entrance in WWE’2K14. YouTube. https://www.youtube.com/watch?v=X0huaRMDaFk Haas, P. (n.d.). WWE 2K14 Adds First Openly Gay Superstar Darren Young. Cimemablend. http://www.cinemablend.com/games/WWE-2K14-Adds-First-Openly-Gay-Superstar-Darren-Y",,2026-08-22
Dr. Alan Weir,The Bureau: XCOM Declassified,2013,https://lgbtqgamearchive.com/2018/08/28/dr-alan-weir,Dr. Alan Weir,2010s; Characters; Games by Decade; Gay; Gay (explicit); Queer Men,character_candidate,yes,already_registered,"Image credit: (n.d.). Dr. Alan Weir. XCOM Wiki. Retrieved from http://xcom.wikia.com/wiki/Dr._Alan_Weir Dr. Weir is a brilliant scientist and a closeted gay man. Jordan Thomas, the narrative director of XCom, explains that Weir is an Australian in the United States, so he already feels like an outsider during an era known for paranoia regarding foreigners. “But on top of that, he is also a closeted homosexual,” Thomas says. “He has both a sexual and a political opposition to the elite of the country, which are still very conservative — very focused on America as the best and the brightest — and he doesn’t fit their paradigm. It is hard for them to acknowledge that one of the best scientists in the world is, in their minds, deviant. So he’s struggled with that for a long time.” Although other scientists look down upon him for his sexuality, they are forced to work together when the planet",,2026-08-22
Ellie and Riley,The Last of Us,2013,https://lgbtqgamearchive.com/2016/06/27/ellie-and-riley-in-the-last-of-us,Ellie and Riley in The Last of Us,2010s; Characters; Lesbian; Lesbian (implicit); Playable Character; Queer Women,character_candidate,yes,already_registered,"Image credit: http://vignette1.wikia.nocookie.net/thelastofus/images/8/82/LeftBehindNews.jpg/revision/latest?cb=20140214211238 Ellie is a playable character in The Last of Us and one of the major protagonists of the game. A teenage girl fighting to survive in the post-apocalyptic setting of the game, Ellie meets Riley (another teen) while in the Boston quarantine zone. The two teenagers grow closer throughout the game with romantic feelings hinted at as their relationship progresses, and eventually they s hare a kiss in the Left Behind DLC expansion. In an AMA on Reddit about the Left Behind DLC, Neil Druckmann (Creative Director of The Last of Us) clarifies that they did indeed intend for the kiss and relationship between the two girls to be interpreted as romantic. Fans have discussed the kiss on the Last of Us Wiki, the majority of the commentary being positive. As the relationship is",,2026-08-22
Erin,Blue Rose,2013,https://lgbtqgamearchive.com/2018/08/28/erin,Erin,2010s; Games by Decade; Optional Relationship; Relationships/Romance/Sex,needs_unit_review,no,needs_unit_review,"Image credit: (n.d.). Blue Rose. Queerly Represent Me. Retrieved from https://queerlyrepresent.me/title/blue-rose There are five characters with whom Lena can build a romantic relationship — Simon, Gavin, Tobias, Aran, or Erin. Erin is a barmaid in the remote village where Lena is trapped, and the sister of the local herbalist. Out of the five potential romantic routes, Erin is the only possible romantic partner that is female. While Erin and Lena share a hug in a CG image, some players have complained that there is less physical affection between them than with male characters — some of which have a kiss scene. LGBTQ References in this game : Erin Citations: Blue Rose. (n.d.). Queerly Represent Me. Retrieved from https://queerlyrepresent.me/title/blue-rose Blue Rose. (2018). Steam. Retrieved from https://store.steampowered.com/app/362660/Blue_Rose/ Blue Rose — Review. (August 17, 2013).",,2026-08-22
Game narrative,This Is Where I Want To Die,2013,https://lgbtqgamearchive.com/2017/02/12/narrative-of-this-is-where-i-want-to-die,Narrative of This is Where I Want to Die,2010s; Characters; Gay; Gay (explicit); Homophobia; Homophobia/Transphobia; Queer Game/Narrative; Queer Men,non_character_reference,no,non_character_reference,"Image source https://apkpure.com/this-is-where-i-want-to-die/nl.visualnovels.tiwiwtd This is Where I Want to Die is a visual novel released on the PC in 2013. The game centers around a man who wakes up in a hospital and quickly realizes that he’s going to die. He begins to retrace the events that led him to that point, from proposing to his fiancé to heading to the most expensive bar in town. At the end of the game the protagonist is confronted by two homophobic assailants and stabbed as he tries to protect his fiancé. The game ends with the main character succumbing to his wounds, and a pre-credits message that reads “stop homophobia”. Citations: This is Where I Want to Die. (n.d.). Retrieved from https://en.wikipedia.org/wiki/This_Is_Where_I_Want_To_Die",,2026-08-22
Gay trait,Rogue Legacy,2013,https://lgbtqgamearchive.com/2016/07/01/gay-trait-in-rogue-legacy,Gay Trait in Rogue Legacy,2010s; Traits,needs_unit_review,no,needs_unit_review,"Image credit: http://www.mediumdifficulty.com/wp-content/uploads/2013/07/rogue-legacy-gay.jpg Rogue Legacy features a trait system in which players choose between their “heirs” (if the player character dies, one of their children takes over), who all have different attributes. These traits range from things like Dyslexia to Eidetic Memory to even Dwarfism. Unlike many of the other attributes, the “Gay” trait has no real gameplay effects, aside from changing what kind of statue (knight for male characters, lady for female characters) grants a chicken leg or mana potion in waypoint rooms based on the playable character’s gender selection. Additionally, at the end of the game, the cutscene with the playable character’s family will show a spouse of the same gender along with their children. The description text for the Gay trait reads: “You are a fan of the man” (if male), “You like the ladi",,2026-08-22
Queer Characters and Queer Game Narrative in RuPaul’s Drag Race: Dragopolis,RuPaul’s Drag Race Dragopolis,2013,https://lgbtqgamearchive.com/2018/07/24/queer-characters-and-queer-game-narrative-in-rupauls-drag-race-dragopolis,Queer Characters and Queer Game/Narrative in RuPaul’s Drag Race: Dragopolis,2010s; Characters; Games by Decade; Gay (explicit); Gender non-conforming; Queer Game/Narrative; Queer Men; Real Person,non_character_reference,no,non_character_reference,"Image credit: RuPaul’s Drag Race: Dragopolis. (2018). Retrieved from http://somuchdramastudios.com/rupauls-drag-race-dragopolis/ RuPaul’s Drag Race: Dragopolis is a mobile puzzle-adventure game released for the iOS and Android mobile operating systems in 2013. The player character is a customizable drag queen that is able to change outfits, hair, and makeup styling as they progress through the game. As a game based on a reality-tv show about drag queens, hosted by one of the world’s most famous drag queens, the gameplay and design is full of queer subject matter. Drag queens from various seasons of RuPaul’s Drag Race make cartoon appearances and inspire different levels as the player progresses. An updated “2.0” version of the game was released in 2014 with more levels that feature more recent celebrity drag queens from the RuPaul’s Drag Race universe. Overall, Dragopolis is a campy and ",,2026-08-22
Queer Game Narrative in Queers in love at the End of the World,Queers in love at the end of the world,2013,https://lgbtqgamearchive.com/2018/07/23/queer-game-narrative-in-queers-in-love-at-the-end-of-the-world,Queer Game Narrative in Queers in love at the End of the World,2010s; Games by Decade; Queer Game/Narrative,non_character_reference,no,non_character_reference,"Image credit: Queers in Love At the End of the World. (n.d.). Retrieved from https://www.theguardian.com/technology/2014/dec/11/verse-queers-in-love-at-the-end-of-the-world-anna-anthropy Queers in love at the End of the World is a hypertext game in which the player has ten seconds to interact with their partner before the game ends. With a timer counting down, it opens with “In the end, like you always said, it’s just the two of you together. You have ten seconds, but there’s so much you want to do: kiss her, hold her, take her hand, tell her.”, where the player can proceed in any number of directions through the bold hyperlink options. There is little time to savor the tender moments between the two queer lovers (by design) and Anthropy has described this Twine experiment as a way of capturing “the transformative, transcendent power of queer love.” LGBTQ references in this game : Queer ",,2026-08-22
Same-sex relationship options,Star Wars: The Old Republic- Rise of the Hutt Cartel,2013,https://lgbtqgamearchive.com/2015/11/13/same-sex-relationships-in-star-wars-old-republic,Same-sex relationships in Star Wars: The Old Republic,2010s; Optional Relationship; Relationships/Romance/Sex,non_character_reference,no,non_character_reference,"Disappointed by the lack of same-sex relationship options in Star Wars: The Old Republic, particularly given Bioware’s inclusion of such options in Dragon Age, Mass Effect, Jade Empire, and Star Wars: Knights of the Old Republic , fans called on the company to bring these options to the MMORPG. As a bit of a compromise, the company added NPCs who would be available for romancing by male and female player-characters to the planet Makeb , which was only available in the “Rise of the Hutt Cartel” expansion pack. This was a controversial decision, first because some players were opposed to the addition of same-sex romance options at all. Second, other players felt that adding this to a portion of the game only available to players who could afford the expansion pack and only on one planet was tantamount to segregating the potential homosexual and bisexual content. Additional same-sex relatio",,2026-08-22
Same-Sex Relationships Controversy,Tomodachi Life,2013,https://lgbtqgamearchive.com/?p=12040,Same-Sex Relationships Controversy in Tomodachi Life,2010s; Actions; Cross-dressing; Games by Decade,non_character_reference,no,non_character_reference,"Image Credit: Retrieved from http://www.nintendolife.com/news/2013/05/tomodachi_collection_new_life_features_same_sex_marriage_for_men_but_not_women As Tomodachi Life centers around the relationships of players’ Mii avatars, romantic relationships are part of the game’s core. However, when the game was first localized, it was assumed that same-sex relationships for male characters would be included from screenshots and material that looked to have two male characters engaging in seemingly romantic/intimate activities . A statement from Nintendo cleared up the game’s inclusion of same-sex relationships, detailing it had been the result of a glitch, as well as from female-gendered characters wearing male clothing and appearing as male. The company then patched the game and confirmed that there were no same-sex relationships in Tomodachi Life . This decision resulted in controversy and ange",,2026-08-22
Audrey,To Kill A Black Swan,2014,https://lgbtqgamearchive.com/2016/06/24/homophobictransphobic-wife-in-to-kill-a-black-swan,Audrey in To Kill a Black Swan,2010s; Homophobia; Homophobia/Transphobia; Transphobia,needs_unit_review,no,needs_unit_review,"Image credit: https://vndb.org/v15410/chars To Kill a Black Swan is a visual novel in which the playable protagonist is a detective investigating a mysterious murder. One of the main suspects is the victim’s wife Audrey, who is portrayed as virulently homophobic and sexist. In one conversation with the player, she describes homosexuality as sinful. It is later revealed that she did indeed murder her husband (who was a transgender woman) after learning he had an affair with his friend named Rob. LGBTQ references in this game : Black Swan Audrey Citations: Massumow. (n.d.). To Kill a Black Swan. Desura. Retrieved from http://www.desura.com/games/to-kill-a-black-swan SuperPaulGames. (2014, July 30). Let’s Play To Kill A Black Swan – Murder Mystery Visual Novel. YouTube Video. Retrieved from https://www.youtube.com/watch?v=1Q_I1UP7vAQ Weyers, M. (2014). To Kill a Black Swan. Retrieved from h",,2026-08-22
Black Swan,To Kill A Black Swan,2014,https://lgbtqgamearchive.com/2016/06/25/black-swan-in-to-kill-a-black-swan,Black Swan in To Kill a Black Swan,2010s; Characters; Transgender; Transgender (explicit),character_candidate,yes,already_registered,"Image credit: http://i1.wp.com/en.marcel-weyers.de/wp-content/uploads/4.png?resize=1024%2C640 To Kill a Black Swan is a murder mystery visual novel in which the player is investigating the murder of a man who was pushed out of a window in his home. The main suspects are his wife, a woman named Ellen, his best friend Rob, the wife’s best friend Sarah, and a cleaning guy named Cain. It is later revealed that the victim, The Black Swan, is a transgender woman and she had an affair with her friend Rob. The wife murdered her upon learning about the affair and she (the wife) is portrayed in an (understandably) negative light throughout the game. The overall message of the game is about acceptance of difference and multiplicity of identity. LGBTQ references in this game : Black Swan Audrey Citations: To Kill a Black Swan. (n.d.). Retrieved from http://www.desura.com/games/to-kill-a-black-swan S",,2026-08-22
Bonus Dates,Coming Out on Top,2014,https://lgbtqgamearchive.com/2020/03/09/bonus-dates-in-coming-out-on-top,Bonus Dates in Coming Out on Top,2010s; Characters; Games by Decade; Gay; Gay (explicit); Gay (implicit); Optional Relationship; Queer Men; Relationships/Romance/Sex,character_candidate,no,needs_character_review,"Once Mark accepts to beta-test the Brofinder app Penny has created, he can date twelve additional characters (ten dates in total). Whereas the main storyline of the game allows Mark to develop a relationship with a few characters and to fall in love, the Brofinder dates mostly consist in one-night stands. If the date goes well and leads to sexual intercourse, the date ends with the characters evoking the possibility of seeing each other again (although the game does not allow for a second date to happen). The ten dates with twelve additional characters are as follows: Terrence (Terry Lovelock) Terrence is a pop star. He is currently making teenybopper music to reach commercial success although he is unhappy about it. He is in a fake relationship with musician Dalia Murphy to further both of their careers. Luke Luke is a college student and rugby player who recently moved from Waterford, ",,2026-08-22
Brofinder App,Coming Out on Top,2014,https://lgbtqgamearchive.com/2020/03/09/brofinder-app-in-coming-out-on-top,Brofinder App in Coming Out on Top,2010s; Artifacts; Games by Decade,non_character_reference,no,non_character_reference,"Image Credit: https://coot.fandom.com/wiki/Brofinder Brofinder is a dating app created by Penny. According to Penny, the app is “a gateway to meeting all manner of awesome dudes.” Mark can use the app to go on “bonus dates” and hook up with guys. LGBTQ References in this game : Bonus Dates Brofinder App Charlie’s Mark Matthews Non-Dateable Characters Romance Options Sex Scenes and Gallery Theme Song (“Luv Luv Luv” by Pansy Division) Citations: Wiki Contributors. (n.d.). Brofinder . Retrieved December 22, 2019 from https://coot.fandom.com/wiki/Brofinder",,2026-08-22
Charlie’s,Coming Out on Top,2014,https://lgbtqgamearchive.com/2020/03/09/charlies-in-coming-out-on-top,Charlie’s in Coming Out on Top,2010s; Games by Decade; Locations; Locations (explicit),non_character_reference,no,non_character_reference,"Image Credit: https://coot.fandom.com/wiki/Charlie%27s Charlie’s is the only gay bar in Orlin. It is known for its five-star bathroom, one of the best in the city. Penny suggests going to Charlie’s to celebrate Mark’s coming out. LGBTQ References in this game : Bonus Dates Brofinder App Charlie’s Mark Matthews Non-Dateable Characters Romance Options Sex Scenes and Gallery Theme Song (“Luv Luv Luv” by Pansy Division) Citations: Wiki Contributors. (n.d.). Charlie’s . Retrieved December 21, 2019 from https://coot.fandom.com/wiki/Charlie%27s",,2026-08-22
Gender Options,Creatures Such as We,2014,https://lgbtqgamearchive.com/2019/04/16/gender-options-in-creatures-such-as-we,Gender Options in Creatures Such as We,2010s; Actions; Cross-dressing; Games by Decade; Non-binary Gender Customization,non_character_reference,no,non_character_reference,"Image Credit: Screen Capture taken from the game. Image Credit: Screen Capture taken from the game. In Creatures Such as We , the player character looks into a mirror and chooses what their age, race, and gender are. The game allows for binary cis and trans identities in addition to a neutral identity or “other” option. The game also never uses pronouns for the main character, which can be inclusive as some of these identities may use multiple or different pronouns than the ones typically ascribed to them. Players may also select what kind of makeup they wear while working, regardless of gender identity. LGBTQ References in this game : Gender Options Romance Options Citations: Glasser, L. (n.d.). Creatures Such as We. Retrieved from https://www.choiceofgames.com/creatures-such-as-we/",,2026-08-22
Homoerotic imagery,Mount Your Friends,2014,https://lgbtqgamearchive.com/2018/07/03/homoerotic-imagery-in-mount-your-friends,Homoerotic imagery in Mount Your Friends,2010s; Games by Decade; Queer Game/Narrative,needs_unit_review,no,needs_unit_review,"Image credit: http://www.giantbomb.com/mount-your-friends/3030-43242 Mount Your Friends , a physics-based competitive climbing game where the climbing is over each other, has competitors switching off climbing to the apex of a enormous mound of previous climbers’ bodies (and a goat) in order to reach a new record height before the clock runs out. Players are eliminated if time runs out before reaching the top. Particularly adept competitors discover how to erect massive towers by flinging themselves upward — a method much faster than a simple climbing strategy. LGBTQ references in this game : Homoerotic imagery Citations: 1. Estrada, M. (August 1, 2014). Review: Mount Your Friends. (n.d.). Retrieved from http://www.hardcoregamer.com/2014/08/01/review-mount-your-friends/96776 2. Mount Your Friends. (n.d.). Retrieved from http://gamewise.co/games/54688/Mount-Your-Friends 3. Mount your frie",,2026-08-22
Kian Alvane,Dreamfall Chapters,2014,https://lgbtqgamearchive.com/2016/06/24/kian-alvane-in-dreamfall-chapters,Kian Alvane in Dreamfall Chapters,2010s; Characters; Gay; Gay (explicit); Playable Character; Queer Men,character_candidate,yes,already_registered,"Kian Alvane Concept Art Image Credit http://vignette2.wikia.nocookie.net/tlj/images/9/98/KianRender.jpg/revision/latest?cb=20090119031848 Kian Alvane is one of the playable protagonists in Dreamfall Chapters. He is a sword-wielding assassin and apostle of the Azadi faith. Over the course of Dreamfall Chapters and its predecessor Dreamfall, Kian’s religious zealotry is challenged. He is an orphan, though some fans suspect that he is connected to the protagonist of the first game, April Ryan, since he shares his last name with the narrator of The Longest Journey, Lady Alvane. In the third update to Dreamfall Chapters, Kian reveals to another character that he is gay after he is accused of having a secret relationship with a woman. He is asked if “something is going on between” them, to which he responds: “I can assure you there’s not. I have no interest in Na’ane. Or in any woman. Not in…t",,2026-08-22
Korra,The Legend of Korra,2014,https://lgbtqgamearchive.com/2016/06/24/korra-in-the-legend-of-korra,Korra in The Legend of Korra,2010s; Bisexual; Bisexual (implicit); Characters; Intertextual Reference; Playable Character; Queer Women,character_candidate,yes,already_registered,"Image of Korra (right) and Asami, image credit: http://vignette2.wikia.nocookie.net/avatar/images/8/84/Asami_and_Korra_holding_hands.png/revision/latest?cb=20141220231103 Korra is the main character of The Legend of Korra animated television series as well as the downloadable video game spin off. Korra is a bisexual woman who at the end of the show is in a relationship with Asami Sato (not portrayed in the video game). The creators of the show alluded to a potential relationship between Korra and Asami throughout the series, but only during the series finale was their romance made explicit . Citations: (n.d.). Korra (character page). Avatar Wiki. Retrieved from http://avatar.wikia.com/wiki/Korra (n.d.). Asami Sato (character page). Avatar Wiki. Retrieved from http://avatar.wikia.com/wiki/Asami_Sato (n.d.). Korra’s Relationships. Avatar Wiki. Retrieved from http://avatar.wikia.com/wiki/Ko",,2026-08-22
Mark Matthews,Coming Out on Top,2014,https://lgbtqgamearchive.com/2020/03/09/mark-matthews-in-coming-out-on-top,Mark Matthews in Coming Out on Top,2010s; Characters; Games by Decade; Gay; Gay (explicit); Playable Character; Queer Men,character_candidate,yes,already_registered,"Image Credit: https://coot.fandom.com/wiki/Mark Mark is the main character of the game. He is a senior undergraduate student at Orlin University, majoring in English. He lives with his friends, Penny and Ian. The game starts with Mark coming out to his two friends. Although Mark is unsure of himself, he is ready to jump into the gay dating scene and to make the most of his final year at college. Depending on the player’s decision, Mark’s personality ranges from shy and clumsy, to sassy and humorous, to polite and friendly. LGBTQ References in this game : Bonus Dates Brofinder App Charlie’s Mark Matthews Non-Dateable Characters Romance Options Sex Scenes and Gallery Theme Song (“Luv Luv Luv” by Pansy Division) Citations: Wiki Contributors. (n.d.). Mark . Retrieved December 19, 2019 from https://coot.fandom.com/wiki/Mark",,2026-08-22
Non-Dateable Characters,Coming Out on Top,2014,https://lgbtqgamearchive.com/2020/03/09/non-dateable-characters-in-coming-out-on-top,Non-Dateable Characters in Coming Out on Top,2010s; Characters; Games by Decade; Gay; Gay (explicit); Gay (implicit); Homophobia; Homophobia/Transphobia; Queer Men,character_candidate,no,needs_character_review,"Image credit: https://coot.fandom.com/wiki/Knutson?file=Knutson.png The following characters are non-dateable but have queer content: Knutson Knutson is a marine who just came back from boot camp. He is a colleague of Phil, and along with Zelinski, he likes to rile Phil up. During the game, Knutson taunts Phil various times with “‘I bet you’d like to have sex with me’ scenarios” 1 that get rather detailed. It is implied that Knutson is a closeted homophobic gay man. Gregor Gregor is Amos’s former boyfriend. Like Amos, he likes wrestling. He is an unpleasant character who does not work well in team. The Firefighters The firefighters come to rescue Mark and Jake when they get stuck in an elevator. Depending on the player’s decision, the firefighters may end up having group sex with Mark and Jake. LGBTQ References in this game : Bonus Dates Brofinder App Charlie’s Mark Matthews Non-Dateable",,2026-08-22
Queer Game Narrative in Gay Cats Go To the Weird Weird Woods,Gay Cats Go to the Weird Weird Woods,2014,https://lgbtqgamearchive.com/2018/07/11/queer-game-narrative-in-gay-cats-go-to-the-weird-weird-woods,Queer Game Narrative in Gay Cats Go To The Weird Weird Woods,2010s; Games by Decade; Queer Game/Narrative,non_character_reference,no,non_character_reference,"Image credit: Gay Cats go to the Weird Weird Woods. (n.d.). Retrieved from https://w.itch.io/gay-cats-go-to-the-weird-weird-woods Gay Cats Go To The Weird Weird Woods follows the adventures of Encyclopedia Frown and Tits, based on the real-life cats that Anthropy and her partner own. The player controls both cats at the same time and they “really really like each other.” The game has a variety of exploratory actions like growing flowers or chasing faeries, none of which are about losing or completion. LGBTQ references in this game : Queer Game Narrative in Gay Cats Go To the Weird Weird Woods Citations Anna Anthropy. (2015). Gay Cats Go To The Weird Weird Woods (game page). Itch.io. Retrieved from https://w.itch.io/gay-cats-go-to-the-weird-weird-woods Anna Anthropy, (2014). Gay Cats Go To The Weird Weird Woods. Auntie Pixelante. Retrieved from http://auntiepixelante.com/?p=2322",,2026-08-22
Queer Game Narrative in Hurt Me Plenty,Hurt Me Plenty,2014,https://lgbtqgamearchive.com/2019/04/11/queer-game-narrative-in-hurt-me-plenty,Queer Game Narrative in Hurt Me Plenty,2010s; Games by Decade; Optional Relationship; Queer Game/Narrative; Relationships/Romance/Sex,non_character_reference,no,non_character_reference,"Image credit: Retrieved from http://gaygamer.net/2015/02/kink-and-controllers-robert-yangs-hurt-me-plenty Gameplay within Hurt Me Plenty is simple. Spank your submissive male lover as he cries out for more using either mouse-controls or Leap Motion, for additional interactivity. Fetish aesthetics are not uncommon in gaming, but it is atypical to explore these fetishes in any meaningful way. Hurt Me Plenty’s simulation addresses negotiations of control, consent, and after care. The game commences after the player and his lover agree upon relationship conditions. Unless mutual consent is reached, the player is blocked from playing the game for two weeks. LGBTQ References in this game : Queer Game Narrative in Hurt Me Plenty Citations: Hurt Me Plenty. (n.d.). Retrieved from http://radiatoryang.itch.io/hurt-me-plenty Joho, J. (December 5, 2014). We Talk to the Creator of the Dude-Butt Sensat",,2026-08-22
Queer Game Narrative in Lesbian Spider-Queens of Mars,Lesbian Spider-Queens of Mars,2014,https://lgbtqgamearchive.com/2018/07/16/queer-game-narrative-in-lesbian-spider-queens-of-mars,Queer Game Narrative in Lesbian Spider-Queens of Mars,2010s; Characters; Games by Decade; Lesbian; Lesbian (explicit); Locations; Locations (explicit); Playable Character; Queer Game/Narrative; Queer Women,non_character_reference,no,non_character_reference,"Image credit: Lesbian Spider Queens of Mars. (April 19, 2018). Retrieved from https://w.itch.io/lesbian-spider-queens-of-mars Lesbian Spider-Queens of Mars is an arcade game with a BDSM and Queer atmosphere due to the titular Lesbian Spider-Queens goal of rebuilding their pleasure palaces on Mars. The player is tasked with binding “consensual sex slaves” with magical staffs that shoot bondage lasers in order to quell the slave revolt. The half-human and half-spider dominatrix characters collect points and win by reeling in the bound sex slaves. Anthropy describes the arcade genre as having much of the storytelling take place in the margins of the game and its affordances, and Lesbian Spider-Queens of Mars uses these small spaces to create a queer arcade experience. LGBTQ references in this game : Queer Game Narrative in Lesbian Spider-Queens of Mars Citations Anna Anthropy. (2014). Lesbi",,2026-08-22
Romance Options,Coming Out on Top,2014,https://lgbtqgamearchive.com/2020/03/09/romance-options-in-coming-out-on-top,Romance Options in Coming Out on Top,2010s; Characters; Games by Decade; Gay; Gay (explicit); Optional Relationship; Queer Men; Relationships/Romance/Sex,non_character_reference,no,non_character_reference,"Image credit: http://obscurasoft.com/about-coming-out-on-top/ Throughout the game, Mark can date and fall in love with six characters. Depending on the choice of the player, romancing each of these characters can lead to sex and a happy ending: Ian Manachevitz Ian is one of Mark’s roommate and best friend. He studies zoology at Orlin University and wishes to pursue graduate studies in Brazil to study capuchin monkeys. Ian is a slacker college student who rarely takes anything seriously. He has an on-again, off-again relationship with Zoe. Ian is confused about his sexuality: he has feelings for Mark but keeps dating and hooking up with girls. Alex Davies Alex is Mark’s anatomy professor. He is in the running for a tenure position at Orlin University. Although he likes teaching, he is not a big fan of academia and its nasty politics. He is interested in Mark but wants to keep things profe",,2026-08-22
Romance Options,Creatures Such as We,2014,https://lgbtqgamearchive.com/2019/04/16/romance-options-in-creatures-such-as-we,Romance Options in Creatures Such as We,2010s; Games by Decade; Optional Relationship; Relationships/Romance/Sex,non_character_reference,no,non_character_reference,"Image Credit: Screen Capture taken from the game. Image Credit: Screen Capture taken from the game. In Creatures Such as We , regardless of the gender identity you choose in the game, you can romance any of the development crew. The characters in the development crew have no explicit queer content outside of their implied romantic interactions with your player character, so they are categorized as romance options rather than implicit/explicit queer characters on this archive. This game also brings up consent in games and how players can cheat their way to relationships with NPCs. Doing this while giving the player multiple romance options allows them to think about how they might indeed also be cheating their way to these relationships. LGBTQ References in this game : Gender Options Romance Options Citations: Glasser, L. (n.d.). Creatures Such as We. Retrieved from https://www.choiceofga",,2026-08-22
Sex Scenes and Gallery,Coming Out on Top,2014,https://lgbtqgamearchive.com/2020/03/09/sex-scenes-and-gallery-in-coming-out-on-top,Sex Scenes and Gallery in Coming Out on Top,2010s; Games by Decade; Relationships/Romance/Sex,needs_unit_review,no,needs_unit_review,"Image Credit: https://www.queerty.com/coming-top-hottest-gay-themed-video-game-youll-ever-play-20170527 Coming Out on Top contains numerous explicit sex scenes. During these scenes, the player navigates through different options/dialogues and might end up: masturbating alone or with someone else; being fingered; having anal sex (“topping” or “bottoming”); giving or receiving oral sex, anilingus, or facial; having group sex; or engaging in BDSM or role-play. Not all these options are available within the same scene. Every time Mark has sex with another character, a picture of the scene is unlocked and can be later consulted in the gallery. LGBTQ References in this game : Bonus Dates Brofinder App Charlie’s Mark Matthews Non-Dateable Characters Romance Options Sex Scenes and Gallery Theme Song (“Luv Luv Luv” by Pansy Division) Citations: Koff, D. de. (2019, October 12). Is “Coming Out On T",,2026-08-22
Theme Song (“Luv Luv Luv” by Pansy Division),Coming Out on Top,2014,https://lgbtqgamearchive.com/2020/03/09/theme-song-in-coming-out-on-top,Theme Song in Coming Out on Top,2010s; Artifacts; Games by Decade,non_character_reference,no,non_character_reference,"By Allen Bearce – https://www.flickr.com/photos/arbearce/1673944153/ , CC BY 2.0, https://commons.wikimedia.org/w/index.php?curid=4776770 Performed by Pansy Division, “Luv Luv Luv” is the theme song of Coming Out on Top . The song plays automatically when the player accesses the title screen. The song talks about hook up culture and how challenging romantic dreams are, considering the sexual nature of humans. Pansy Division is a punk rock band formed in 1991 in San Francisco, California. Pansy Division was the first openly gay rock band (most of its members were gay). Its songs centre around LGBT+ issues, sex, and romance. The band is known for having popularized the queercore movement. LGBTQ References in this game : Bonus Dates Brofinder App Charlie’s Mark Matthews Non-Dateable Characters Romance Options Sex Scenes and Gallery Theme Song (“Luv Luv Luv” by Pansy Division) Citations: The",,2026-08-22
Arthur and Stanley Petersen,Life is Strange; Life is Strange: Before the Storm; Life is Strange 2,2015; 2017; 2018,https://lgbtqgamearchive.com/?p=12200,Arthur and Stanley Petersen in Life is Strange 2,2010s; Characters; Games by Decade; Gay; Gay (explicit); Homophobia; Homophobia/Transphobia; Queer Men,character_candidate,yes,already_registered,"Image Credit: Retrieved from https://life-is-strange.fandom.com/wiki/Arthur_Petersen Arthur and Stanley Petersen are a gay couple who are members of Away, an Arizonian desert community in Life is Strange 2 . Arthur was closeted for most of his life, marrying a woman and having three daughters before being able to come out to his family around twenty years into his marriage. He was disowned in response and alienated by his ex-wife and two of his daughters. Arthur and Stanley both had “serious breakdowns” after this and left their homes in the San Francisco Bay Area. At some point, they settled down as members of Away. The player can ask why they came out to Away, which will result in this response: Sean: So why did you come out here? Stanley: Because we got tired of people’s bullshit. Things change… but being gay is still dangerous. The end. LGBTQ References in this game series : Life is ",,2026-08-22
Catherine Chun,SOMA,2015,https://lgbtqgamearchive.com/2018/01/12/catherine-chun-in-soma,Catherine Chun in SOMA,2010s; Characters; Games by Decade; Lesbian; Lesbian (implicit); Queer Women,character_candidate,yes,already_registered,"Image Source: https://vignette1.wikia.nocookie.net/soma/images/2/28/Catherine_Profile.png/revision/latest/scale-to-width-down/270?cb=20151024155831 Catherine Chun is a character from the 2015 science fiction survival horror game SOMA . The player first encounters Catherine as a digitized consciousness inserted into a broken-down robot early in the game. Her brain scan in later inserted into a portable omni-tool, allowing her to act as a guide to the player through the game’s duration. Catherine has history with Dr. Imogen Reed, who she worked side by side with on PATHOS-II, the underwater facility in which the game takes place. Upon discovering that Simon’s consciousness is occupying Dr. Reed’s body, Catherine vaguely mentions their relationship (“She was my…friend”) before trailing off, declining to discuss the matter any further. Later on, pictures of Catherine can be found hung up in ",,2026-08-22
Chloe Price,Life is Strange; Life is Strange: Before the Storm; Life is Strange 2,2015; 2017; 2018,https://lgbtqgamearchive.com/?p=12185,Chloe Price in Life is Strange,2010s; Characters; Games by Decade; Intertextual Reference; Lesbian; Lesbian (implicit); Optional Relationship; Playable Character; Queer Women; Relationships/Romance/Sex,character_candidate,yes,already_registered,"Image Credit: Retrieved from https://life-is-strange.fandom.com/wiki/Chloe_Price Chloe Price is the deuteragonist of Life is Strange . She is also the playable protagonist of Life is Strange: Before the Storm and is mentioned in Life is Strange 2 . In both Life is Strange and Life is Strange: Before the Storm , she has possible romantic relationships with another female character. In Life is Strange , Max can romance Chloe, and in Life is Strange: Before the Storm , Chloe can romance Rachel. Although these relationships are determined by the player’s choices, there are various parts of both games that hint at Chloe feeling romantic feelings towards Max and Rachel. A page on the Life is Strange Fandom Wiki further analyzes Max and Chloe’s relationship, with another page doing the same for Chloe and Rachel’s relationship. As these pages detail, Chloe’s comments about and towards Max and Ra",,2026-08-22
Finn McNamara,Life is Strange; Life is Strange: Before the Storm; Life is Strange 2,2015; 2017; 2018,https://lgbtqgamearchive.com/?p=12194,Finn McNamara in Life is Strange 2,2010s; Bisexual; Bisexual (explicit); Characters; Games by Decade; Optional Relationship; Queer Men; Relationships/Romance/Sex,character_candidate,yes,already_registered,"Image Credit: Retrieved from https://life-is-strange.fandom.com/wiki/Finn_McNamara Finn McNamara is a character in Life is Strange 2 . He is a possible romance option for the player character, Sean Diaz. Regardless of if the player chooses to romance Finn, Finn is pansexual and makes flirty remarks towards Sean. Confirmation of his sexuality as well as the flirty remarks can be seen at various moments in the Episode 3 dialogue such as here: Sean: So… would you consider yourself bi or… or… Finn: Horny. I see people, not gender. It’s all good… long as I get some. Cassidy: Looks like Sean is a little curious! Cassidy: So what about you? [Player Choice]: Some boys are cute (Sean is sober) Sean: I never really thought about it… I find some boys cute, but… Yeah, I haven’t actually thought about it. Finn: Oooo, what’s your type? Cassidy: Jeez, give him a break, master player! Finn: I’m joking! ",,2026-08-22
game series,Lifeline,2015,https://lgbtqgamearchive.com/games/game-series,Game Series,,non_character_reference,no,non_character_reference,"This is a list of game series that we have found have more than one game with some LGBTQ relevant content. The individual games are also listed on our “ Games by Decade ” pages, but those links will direct you to the page dealing with the series as a whole. For characters who make repeated appearances in a game series (e.g. Zhang He in Dynasty Warriors ), we only list on the main pages the first game in which that character appears. It is possible that there are more examples of LGBTQ content in other games in the series below, and we are continuing to work on this project. ^indicates digital games series that still need to be researched. We may have entries for a single game, but know there are others in the series that might have relevant content. 1980’s Earthbound/Mother (started in 1989) Final Fantasy (started in 1987) Legend of Zelda (started in 1986) Leisure Suit Larry (started in ",,2026-08-22
Gender,7th Dragon III Code: VFD,2015,https://lgbtqgamearchive.com/2019/05/03/gender-in-7th-dragon-iii-code-vfd,Gender in 7th Dragon III Code: VFD,2010s; Actions; Games by Decade; Non-binary Gender Customization,non_character_reference,no,non_character_reference,"Image Credit: Photo taken while playing game Image Credit: Photo taken while playing game Gender in 7th Dragon III Code: VFD for the player characters is quite fluid, as immediately upon character creation, the character you will create is referred to with they/them pronouns. You’re also given the above screen, telling you to create a character that represents you by choosing any available appearance as well as the voice of the character. You can change your appearance, voice, and name, at any time while playing the game, providing players with options to explore gender. The game also refers to you and any of your teammates with they/them pronouns at all times, no matter what appearance you pick. LGBTQ References in this game series : 7th Dragon III Code: VFD (2015): Gender , Julietta , Romance Options , Sakurai See also QRM’s entry for this game . Citations: Sega. (2015). 7th Dragon III",,2026-08-22
Jacob Hackerman,Life is Strange; Life is Strange: Before the Storm; Life is Strange 2,2015; 2017; 2018,https://lgbtqgamearchive.com/?p=12197,Jacob Hackerman in Life is Strange 2,2010s; Characters; Games by Decade; Gay; Gay (explicit); Homophobia; Homophobia/Transphobia; Queer Men,character_candidate,yes,already_registered,"Image Credit: Retrieved from https://life-is-strange.fandom.com/wiki/Jacob_Hackerman Jacob Hackerman is a character in Life is Strange 2 . After being discovered as liking boys, Jacob was encouraged by his parents and Lisbeth to undergo conversion therapy. The scene where the player character, Sean Diaz, learns about this can be found here . LGBTQ References in this game series : Life is Strange (2015): Chloe Price , Max Caulfield , Rachel Amber Life is Strange 2 (2018-2019): Arthur and Stanley Petersen , Finn McNamara , Jacob Hackerman , Sean Diaz Citations: RabidRetrospectGames. (2019, August 22). Life is Strange 2 EPISODE 4 Sean Learns Jacob is Gay (#LiS2Ep4 Faith). Retrieved from https://www.youtube.com/watch?v=zvmuI4PuRAc Various. (n.d.). Jacob Hackerman. Retrieved May 15, 2020, from https://life-is-strange.fandom.com/wiki/Jacob_Hackerman",,2026-08-22
Julietta,7th Dragon III Code: VFD,2015,https://lgbtqgamearchive.com/2019/05/03/julietta-in-7th-dragon-iii-code-vfd,Julietta in 7th Dragon III Code: VFD,2010s; Characters; Games by Decade; Gay; Gay (explicit); Gender non-conforming; Optional Relationship; Queer Men; Relationships/Romance/Sex,character_candidate,yes,already_registered,"Image Credit: Photo taken while playing game Director Julietta is one of the main characters in 7th Dragon III Code: VFD, and also one of the romanceable NPCs. When the player character first meets him, you find out that he has recently changed his name to Julietta and hates being called by his old name. Various moments of dialogue including a sidequest with an NPC named Sakurai portray him as explicitly gay and gender non-conforming. LGBTQ References in this game series : 7th Dragon III Code: VFD (2015): Gender , Julietta , Romance options , Sakurai See also QRM’s entry for this game . Citations: Sega. (2015). 7th Dragon III Code: VFD [Video Game]. Japan: Sega.",,2026-08-22
Kung Jin,Mortal Kombat X,2015,https://lgbtqgamearchive.com/2017/03/21/kung-jin-in-mortal-kombat-x,Kung Jin in Mortal Kombat X,2010s; Characters; Games by Decade; Gay; Gay (implicit); Playable Character; Queer Men,character_candidate,yes,already_registered,"Image credit: http://mortalkombat.wikia.com/wiki/Kung_Jin/Gallery?file=Kung_Jin_infobox1.png Kung Jin is a playable character in Mortal Kombat X , whose primary fighting style involves his abilities as a master archer. Kung Jin is a Shaolin Monk and a cousin of canonically deceased Kung Lao. During a cut-scene encounter with Raiden (a series regular), Kung Lao implies that his sexuality is something that he fears would prevent his admittance to the White Lotus Society (a reoccurring secret organization in the Mortal Kombat universe). Raiden responds to this worry with “They care only of what is in your heart, not whom your heart desires.” While this aspect of Kung Jin’s identity isn’t developed further in the story, the game’s cinematic director Dominic Cianciolo tweeted that fans were picking up on “the subtle exposition contained in Kung Jin’s flashback”. Some fans have expressed frust",,2026-08-22
Max Caulfield,Life is Strange; Life is Strange: Before the Storm; Life is Strange 2,2015; 2017; 2018,https://lgbtqgamearchive.com/?p=12182,Max Caulfield in Life is Strange,2010s; Characters; Games by Decade; Intertextual Reference; Lesbian; Lesbian (implicit); Playable Character; Queer Women,character_candidate,yes,already_registered,"Image Credit: Retrieved from https://life-is-strange.fandom.com/wiki/Max_Caulfield Max Caulfield is the playable protagonist of Life is Strange . She is also mentioned in Life is Strange: Before the Storm and Life is Strange 2 . In the first game, the player can choose to have her romance Chloe Price or Warren Graham (or neither). Although these relationships are determined by the player’s choices, various parts of the game seem to hint at Max and Chloe feeling a little something more than friendship. A page on the Life is Strange Fandom Wiki lists different moments throughout the game that hint at romantic instances between the two. Developers have stated that their relationship depends on how players play the game and view it, but certain comments in Max’s journal show that she develops some sort of feelings for Chloe, as well as a general disinterest in Warren. In the Life is Strange ",,2026-08-22
Queer Game Narrative in Computers are Easy/Love is Kind,Computers Are Easy/Love Is Kind,2015,https://lgbtqgamearchive.com/?p=11907,Queer Game Narrative in Computers are Easy/Love is Kind,2010s; Games by Decade; Queer Game/Narrative,non_character_reference,no,non_character_reference,"Image Credit: https://github.com/hxlnt/computers-are-easy “Computers Are Easy, Love is Kind” is an NES ROM that demonstrates basic music, sprite animation, user input, and color cycling. The ROM was made in one day, on the occasion of the US Supreme Court ruling on marriage equality (June 26, 2015). More info on how to play the game and a statement by the artist is available here . LGBTQ References in this game : Queer Game Narrative in Computers are Easy/Love is Kind Citations: Information and Image submitted by creator.",,2026-08-22
Queer Game Narrative in Ohmygod Are You Alright?,Ohmygod Are You Alright?,2015,https://lgbtqgamearchive.com/2018/07/21/queer-game-narrative-in-ohmygod-are-you-alright,Queer Game Narrative in Ohmygod Are You Alright?,2010s; Characters; Games by Decade; Playable Character; Queer Game/Narrative; Real Person; Transgender; Transgender (explicit),non_character_reference,no,non_character_reference,"Image credit: Ohmygod Are You Alright?. (July 12, 2017). Retrieved from https://w.itch.io/omg-are-you-alright Drawing on Anthropy’s personal history, Ohmygod Are You Alright? is about survival and the ways in which it can limit one’s options. The game is played in a similar manner to the classic Frogger titles, with the player trying to cross busy roads without dying. The player learns about how Anthropy dealt with the aftermath of being hit by a car, her experiences navigating the medical system, and how she understands distressing bodily changes. As a sequel to Dys4ia, this game draws on themes about queerness and gender. A trailer for the game can be viewed here . LGBTQ references in this game : Queer Game Narrative in Ohmygod Are You Alright? Citations Anna Anthropy. (2015). Ohmygod Are You Alright? (game page). Itch.io. Retrieved from https://w.itch.io/omg-are-you-alright Anna Anthr",,2026-08-22
Queer Game Narrative in Stick Shift,Stick Shift,2015,https://lgbtqgamearchive.com/2019/04/11/queer-game-narrative-in-stick-shift,Queer Game Narrative in Stick Shift,2010s; Games by Decade; Homophobia; Homophobia/Transphobia; Queer Game/Narrative; Relationships/Romance/Sex,non_character_reference,no,non_character_reference,"Image Credit: Retrieved from https://www.blog.radiator.debacle.us/2015/04/stick-shift-as-activist-autoerotica.html Creator Robert Yang describes Stick Shift as “ an autoerotic night-driving game about pleasuring your gay car .” It can be downloaded for free here . In slightly more than half of Stick Shift playthroughs, acceleration, fantasy fufillment, orgasm, contented slumber await players as their car’s engine cools off, leaking fluid on to the asphalt. However, during the remaining portion, 48%, players will be interrupted by two heavily-armed police officers. This probability is informed by a 2013 survey revealing that “of the LGBT violence survivors who interacted with police, 48% reported that they had experienced police misconduct.” LGBTQ references in this game : Queer Game Narrative in Stick Shift Citations: Dale, L.K. (April 3, 2015). Stick Shift let me jerk off a car. Retriev",,2026-08-22
Queer Game Narrative in Succulent,Succulent,2015,https://lgbtqgamearchive.com/2019/04/11/queer-game-narrative-in-succulent,Queer Game Narrative in Succulent,2010s; Games by Decade; Queer Game/Narrative,non_character_reference,no,non_character_reference,"Succulent, a short, free first-person game where players watch a man eat a popsicle, was created by Robert Yang , an indie game developer, academic, and writer. What is initially an allusion to the “homo pop” genre is transformed into critical reflection. Gameplay is only 2-4 minutes long, it can be downloaded for free from here . LGBTQ references in this game : Queer Game Narrative in Succulent Citations: Matulef, J. (January 14, 2015). Retrieved from http://www.eurogamer.net/articles/2015-01-14-succulent-popsicle-parody-game O’Connor, A. (January 15, 2015). “Watch A Dude Stick Stuff In His Mouth”: Succulent. Retrieved from http://www.rockpapershotgun.com/2015/01/15/succulent-ice-lolly-sucking-game Robert Yang is an indie game developer, academic, and writer, based in New York City. (n.d.). Retrieved from http://debacle.us Succulent. (n.d.). Retrieved from http://radiatoryang.itch.io/su",,2026-08-22
Queer Game Narrative in Void and Meddler,Void and Meddler,2015,https://lgbtqgamearchive.com/?p=11939,Queer Game Narrative in Void and Meddler,2010s; Artifacts; Characters; Games by Decade; Gay; Gay (explicit); Gender non-conforming; Lesbian; Lesbian (explicit); Mentions; Mentions (explicit); Non-binary or genderqueer; Non-binary or Genderqueer (explicit); Playable Character; Queer Game/Narrative; Queer Men; Queer Women; Transgender; Transgender (implicit),non_character_reference,no,non_character_reference,"Image Credit: http://voidandmeddler.com/presskit/ In Void and Meddler , players play as the game’s protagonist, Fyn Huxley (she/her). Fyn is noticeably gender non-conforming and genderqueer, and her lines of dialogue throughout the game reference the gender binary, such as when she says at the end of Episode 1 : “Maybe one day people will stop looking at the world in such a stupid, binary way. And please, stop telling me that I’m too cliche.” Throughout the game, players will notice that many characters also seem gender non-conforming, such as a frog woman named Jay at the club, or members of the Gender Hacker Club found at the end of Episode 2. Many of the characters seem to be queer in one way or another, as there are multiple mentions of the usage of hormones, possibly referencing testosterone and estrogen pills. In fact, a part of the “About this Game” section on Void and Meddler ‘s ",,2026-08-22
Rachel Amber,Life is Strange; Life is Strange: Before the Storm; Life is Strange 2,2015; 2017; 2018,https://lgbtqgamearchive.com/?p=12188,Rachel Amber in Life is Strange,2010s; Bisexual; Bisexual (implicit); Characters; Games by Decade; Intertextual Reference; Optional Relationship; Queer Women; Relationships/Romance/Sex,character_candidate,yes,already_registered,"Image Credit: Retrieved from https://life-is-strange.fandom.com/wiki/Rachel_Amber Rachel Amber is a major character in Life is Strange and is the deuteragonist of Life is Strange: Before the Storm . Although her relationship with Chloe is quite ambiguous in the first game, there are various hints towards Chloe having feelings for her. In Life is Strange: Before the Storm , she is a possible romance option for the player character, Chloe Price. However, because of how Rachel is characterized as being manipulative and mysterious, it is less clear whether Rachel reciprocated Chloe’s feelings. She also keeps her relationship with Frank Bowers a secret from Chloe, as well as her relationship with Mark Jefferson. In the Life is Strange comics take place in the timeline where Max decides to save Chloe and Arcadia Bay is destroyed. The two continue to be romantically involved. However, later on ",,2026-08-22
Romance Options,7th Dragon III Code: VFD,2015,https://lgbtqgamearchive.com/2019/05/03/romance-options-in-7th-dragon-iii-code-vfd,Romance Options in 7th Dragon III Code: VFD,2010s; Games by Decade; Optional Relationship; Relationships/Romance/Sex,non_character_reference,no,non_character_reference,"Image Credit: Retrieved from https://seventhdragon3.fandom.com/wiki/Dates In 7th Dragon III Code: VFD, you’re able to have the leader of your team of player characters romance any NPC, regardless of gender. This manifests in the form of dates with 13 different NPCs or with units from your own team of player characters. One of the romance options, Chika, is reported by QRM to explicitly say in dialogue that she doesn’t care about the age, gender, race, or species of her dates, but we have not been able to find this content. If you have screenshots and/or video evidence, please contact us so we may include it in the Archive. LGBTQ References in this game series : 7th Dragon III Code: VFD (2015): Gender , Julietta , Romance Options , Sakurai See also QRM’s entry for this game . Citations: Dates. (n.d.). Retrieved from https://seventhdragon3.fandom.com/wiki/Dates",,2026-08-22
Sakurai,7th Dragon III Code: VFD,2015,https://lgbtqgamearchive.com/2019/05/03/sakurai-in-7th-dragon-iii-code-vfd,Sakurai in 7th Dragon III Code: VFD,2010s; Characters; Games by Decade; Gay; Gay (explicit); Queer Men,character_candidate,yes,already_registered,"Image Credit: Retrieved from https://www.youtube.com/watch?v=ZJxvnYEFpqQ Sakurai is an NPC who only appears during a sidequest called, “Secret ISDF Mission”. He tasks you with delivering a love letter and roses to Director Julietta because Julietta reminds him of his deceased boyfriend. The whole sidequest can be found here . LGBTQ References in this game series : 7th Dragon III Code: VFD (2015): Gender , Julietta , Romance Options , Sakurai See also QRM’s entry for this game . Citations: Sorumian. (2016, July 16). 7th Dragon III Code VFD 3DS Side Quest Secret ISDF Mission. Retrieved from https://www.youtube.com/watch?v=ZJxvnYEFpqQ",,2026-08-22
Sean Diaz,Life is Strange; Life is Strange: Before the Storm; Life is Strange 2,2015; 2017; 2018,https://lgbtqgamearchive.com/?p=12191,Sean Diaz in Life is Strange 2,2010s; Characters; Games by Decade; Playable Character,character_candidate,yes,already_registered,"Image Credit: Screenshot from https://www.youtube.com/watch?v=cNCAejX3e3A In Life is Strange 2 , the player plays as Sean Diaz. Although Sean has an explicit crush on Jenn Murphy in Episode 1, the player is able to define his sexuality through specific choices throughout the game. Specifically in Episode 3, there is a conversation around sexuality among the workers at the Pot Farm that starts with this dialogue: Sean: What? What’s so funny? Hannah: You… That look on your face! Hilarious. Finn: Yeah, uh, Hans and I aren’t together, sweetheart. We’re just fuck-buddies. Sean: Ohhhh… ohh… Finn: We’re pretty open here– Sean: Right. Duh. Finn: –fuck who you wanna fuck, the end. Cassidy: Or don’t. Nobody has to do anything if they’re not into it. Finn: Yeah, we’re not into the whole fucked up system… We make our own rules. Hannah: You feel us, Sean? Or do we sound like depraved punks to you? Th",,2026-08-22
Simon Jarrett,SOMA,2015,https://lgbtqgamearchive.com/2018/01/12/simon-jarrett-in-soma,Simon Jarrett in SOMA,2010s; Characters; Games by Decade; Non-binary or genderqueer; Non-binary or Genderqueer (implicit); Playable Character,character_candidate,no,needs_character_review,"Image Source: https://vignette2.wikia.nocookie.net/soma/images/5/5c/Simon_Diver.png/revision/latest?cb=20160828143221 Simon Jarrett is the main character of the 2015 science fiction survival horror game SOMA . Following a car accident that resulted in serious brain damage, Simon scans his brain as part of an experimental treatment for his terminal condition. 100 years later Simon wakes up in the abandoned underwater science facility PATHOS-II, and finds that his consciousness, kept in storage following his brain scan, has been implanted into a new body. Simon inhabits two bodies throughout the course of them game, both having previously belonged to women: Imogen Reed and Raleigh Harbor, respectively. While no direct conversation about the gender dynamics of Simon’s brain transfers ever takes place, their inclusion in the game speaks to a certain queerness inherent to its transhumanist th",,2026-08-22
Sorey and Mikleo,Tales of Zestiria; Tales of Berseria,2015; 2016,https://lgbtqgamearchive.com/2017/02/11/sorey-and-mikleo-in-tales-of-zestiria,Sorey and Mikleo in Tales of Zestiria,2010s; Characters; Gay; Gay (implicit); Playable Character; Queer Men; Queerly Read/Rumored,queer_reading_candidate,no,queer_reading_candidate,"“Tales of Zestiria: Mikleo.” 2015. Tales of 20th Anniversary: 1995-2016. Tokyo: 株式会社KADOKAWA. p. 494-495. In Tales of Zestiria , the main character Sorey and his best friend Mikleo are heavily implied to be in a relationship. Neither character shows more than a passing interest in the opposite sex, and many of the other characters express envy of the bond that the two share. They are shown to be very physically comfortable around one another, and one of the unlockable titles for Mikleo in the game (a descriptor that can be assigned to a character that has cosmetic or statistical effects on that character) is “One and Only”. Furthermore, game producer Hideo Baba described Mikleo in an interview with Side B-N (Bandai Namco’s informational/advertising magazine) as Sorey’s one and only. (“スレイにとって、唯一無二の存在です。”) While there is no explicit statement of love between the characters, the depictions",,2026-08-22
Velvet Crowe,Tales of Zestiria; Tales of Berseria,2015; 2016,https://lgbtqgamearchive.com/2019/03/07/velvet-crowe-in-tales-of-berseria,Velvet Crowe in Tales of Berseria,2010s; Asexual; Asexual (Implicit); Bisexual; Bisexual (implicit); Characters; Games by Decade; Lesbian; Lesbian (implicit); Playable Character; Queer Women,character_candidate,yes,already_registered,"Image credit: https://vignette.wikia.nocookie.net/aselia/images/e/e1/Velvet_Artwork.jpg/revision/latest?cb=20170226095330 Velvet Crowe is the first woman to solo carry protagonist duties in Bandai Namco’s Tales Series. Unlike previous entries in the series, the protagonist does not receive a romantic narrative. Through in-game events and skits, Velvet shows little to no interest in sex or romance with her only significant relationships being with her childhood friend Niko and enemy-turned-ally Eleanor. With the absence of a reciprocal heterosexual relationship fans speculate this absence as a sign of queerness, an implicit encoding of an asexual, lesbian , or bisexual identity. LGBTQ references in this game series : Tales of Symphonia: Zelos and Lloyd Tales of Zestiria: Sorey and Mikleo Tales of Berseria: Velvet Crowe Citations: Various. (2017, April 6). [Berseria][Discussion][Spoiler] C",,2026-08-22
Zelos and Lloyd,Tales of Zestiria; Tales of Berseria,2015; 2016,https://lgbtqgamearchive.com/2016/08/30/zelos-and-lloyd-in-tales-of-symphonia,Zelos and Lloyd in Tales of Symphonia,2000s; Bisexual; Bisexual (implicit); Characters; Optional Relationship; Queer Men; Relationships/Romance/Sex,character_candidate,yes,already_registered,"Zelos and Lloyd, image credit: http://iv1.lisimg.com/image/5221519/640full-tales-of-symphonia-screenshot.jpg Tales of Symphonia, an adventure roleplaying game, has a “soulmate” plot device in which the player can choose any character in the party as a partner for Lloyd. If the player chooses Zelos to be Lloyd’s soulmate, some dialogue options will be triggered such as Zelos saying “Put on a show that will make me fall in love” to Lloyd. Despite Zelos’s prior efforts to seduce various women in the story, if chosen as Lloyd’s soulmate he seems to be wholeheartedly invested. This has led some fans to speculate that Zelos is bisexual, and others have read his various displays physical affection for Lloyd as further evidence of their relationship compatibility being “intentional.” LGBTQ references in this game series : Tales of Symphonia: Zelos and Lloyd Tales of Zestiria: Sorey and Mikleo Ta",,2026-08-22
Alex,Oxenfree,2016,https://lgbtqgamearchive.com/2018/01/12/alex-in-oxenfree,Alex in Oxenfree,2010s; Characters; Games by Decade; Optional Relationship; Playable Character; Queer Women; Relationships/Romance/Sex,character_candidate,no,needs_character_review,"Image Source: http://oxenfree.wikia.com/wiki/Alex?file=Alex.png Alex is the main character in the 2016 adventure game Oxenfree . During a beachside game of ‘marry, screw, kill’, the player can choose to marry or sleep with the two women who accompanied her to the island, Nona and Clarissa. If the player chooses to (hypothetically) sleep with Clarissa, Alex quips it’s because she’s “obviously attractive”. If the player chooses to sleep with Nona, Alex explains that she expects Nona to be “present and giving” in bed. She can also select her male friend Ren during this game for any of the options. LGBTQ References in this game : Alex Citations: http://oxenfree.wikia.com/wiki/Alex See also QRM’s entry for this game",,2026-08-22
Crossdressing,Miitopia,2016,https://lgbtqgamearchive.com/?p=12025,Crossdressing in Miitopia,2010s; Actions; Cross-dressing; Games by Decade,non_character_reference,no,non_character_reference,"Image Credit: Retrieved from https://gamefaqs.gamespot.com/boards/195500-miitopia/75640902 Miitopia allows characters, regardless of selected gender, to wear whatever clothing that matches their selected job. For example, there are two jobs known for different gender expression: the Pop Star job is divided into Male Pop Star and Female Pop Star, and the Princess job doesn’t differentiate. This means that a male character could wear female pop star clothing and vice-versa, and male characters can also wear Princess clothing, as seen in the above screenshot (mentioned in this thread as being a drag queen themed character). LGBTQ References in this game : Relationships Crossdressing Citations: fortressgirl100. (2017, August 5). If we have Male Popstar, the why is there no *spoiler* class? Retrieved March 23, 2020, from https://gamefaqs.gamespot.com/boards/195500-miitopia/75640902 Miitopia. ",,2026-08-22
Dave,Firewatch,2016,https://lgbtqgamearchive.com/2016/06/24/dave-in-firewatch,Dave in Firewatch,2010s; Characters; Gay; Gay (explicit); Queer Men,character_candidate,yes,already_registered,"Image credit http://the-delilah-fire.tumblr.com/post/140235604855/dave-and-ron-notes-in-order-of-date-plus-the In the game Firewatch , Dave is a lookout who worked in the Wyoming park in the 1986 season, prior to the events of the game. His backstory is revealed through notes and objects the player discovers and through conversations with fellow ranger Delilah over walkie talkie. The bulk of Dave’s narrative is revealed through a series of back and forth letters with his friend and fellow lookout Ron. Over the course of the notes and conversations, the player learns that Dave was gay and possibly took the job to get away from his family. At one point, he is beaten up for being gay at a local bar. The notes imply that Dave has feelings for Ron, who is straight and dating a girl named Debbie. Despite the unrequited feelings, Ron is defensive and understanding, and reacts with rage when he ",,2026-08-22
Drag Queen Doorman,Watch Dogs 2,2016,https://lgbtqgamearchive.com/2019/07/05/drag-queen-doorman,Drag Queen Doorman in Watch Dogs 2,2010s; Characters; Games by Decade; Gender non-conforming,character_candidate,no,needs_character_review,Image credit: “WD 2 – Drag Queen Doorman.” Licensed under CC BY-NC-ND 2.0 via Flicker – https://www.flickr.com/photos/jaysta/30426208063 The Drag Queen Doorman is a NPC that acts as a landmark in the game. Players are encouraged to take pictures of/with the Doorman. LGBTQ References in this game : San Francisco Bay Area Pride Shirt Lenora Kastner Miranda Comay Drag Queen Doorman See also QRM’s entry for this game . Citations: Drag Queen Doorman. (n.d.). Gamepedia. Retrieved from https://watchdogs.gamepedia.com/Drag_queen_Doorman Watch Dogs 2. (n.d.). Queerly Represent Me. Retrieved from https://queerlyrepresent.me/title/watch-dogs-2,,2026-08-22
Gender Customization and Romance Options,Hustle Cat,2016,https://lgbtqgamearchive.com/2019/09/14/gender-and-romance-in-hustle-cat,Gender Customization and Romance Options in Hustle Cat,2010s; Actions; Games by Decade; Non-binary Gender Customization; Optional Relationship; Relationships/Romance/Sex,non_character_reference,no,non_character_reference,"Image Credit: https://hustlecat.fandom.com/wiki/Avery_Grey Avery Grey is the main protagonist of Hustle Cat. Avery’s name and appearance can be changed by the player at the beginning of the game and Avery’s pronouns can be he, she, or they (also being able to be changed at any point while playing). The protagonist is also able to romance any of the six romanceable NPCs regardless of gender. LGBTQ References in this game : Gender Customization and Romance Options Graves and Nacht Hayes’ Dads Mason Citations: Avery Grey. (n.d.). Retrieved from https://hustlecat.fandom.com/wiki/Avery_Grey",,2026-08-22
Graves and Nacht,Hustle Cat,2016,https://lgbtqgamearchive.com/2019/09/09/graves-and-nacht,Graves and Nacht in Hustle Cat,2010s; Characters; Games by Decade; Gay; Gay (explicit); Optional Relationship; Queer Men; Relationships/Romance/Sex,character_candidate,yes,already_registered,"Image Credit: Screenshot captured from https://www.youtube.com/watch?v=ZRxJZx9izG8&t=1641s Graves is one of the six romanceable NPCs in Hustle Cat (only being able to be romanced after all other romance options have been completed) and is the owner of “A Cat’s Paw”. In the past, he dated Nacht, the game’s main antagonist, but has since broken up with him. It is hinted in-game that the relationship was abusive, one instance being when Nacht says that he just wanted to see Graves, but Graves did not want to see him (seen here at around 27:20, with other instances appearing throughout this video). LGBTQ References in this game : Gender Customization and Romance Options Graves and Nacht Hayes’ Dads Mason Citations: GirlGotGame. (2017, February 13). I Want You ^_^ ~ HUSTLE CAT [GRAVES] ~ FINALE. Retrieved from https://www.youtube.com/watch?v=ZRxJZx9izG8&t=1641s",,2026-08-22
Hayes’ Dads,Hustle Cat,2016,https://lgbtqgamearchive.com/2019/09/09/hayes-dads,Hayes’ Dads in Hustle Cat,2010s; Characters; Games by Decade; Gay; Gay (explicit); Queer Men,character_candidate,no,needs_character_review,"Image Credit: Screen capture from a question asked on the co-creator’s tumblr Hayes is one of the six romanceable NPCs in Hustle Cat. The co-creator of the game when asked about the family situations of each of the characters commented on Hayes’ situation saying that Hayes was adopted and had two dads. LGBTQ References in this game : Gender Customization and Romance Options Graves and Nacht Hayes’ Dads Mason Citations: Mineraloid. (2016, April 15). mineraloid. Retrieved from https://mineraloid.tumblr.com/post/142808573560/hey-my-friends-and-i-played-through-hustle-cat",,2026-08-22
Lenora Kastner,Watch Dogs 2,2016,https://lgbtqgamearchive.com/2019/07/05/lenora-lenni-kastner-2,Lenora (Lenni) Kastner in Watch Dogs 2,2010s; Characters; Games by Decade; Lesbian; Lesbian (implicit); Queer Women,character_candidate,yes,already_registered,"“Lenora Kastner.” Licensed under CC-BY-SA via Watch Dogs Wikia – https://watchdogs.fandom.com/wiki/File:Wd2_prime8_lenni.jpg Lenni is an antagonistic NPC, and the leader of the rival hacking group called Prime Eight. She is hired by Dušan Nemec, the main villain of the game, to defame Dedsec. While there is no explicit mention of her sexuality, she is heavily coded as queer both in her appearance and her tendency to meet you outside of gay bars. LGBTQ References in this game : San Francisco Bay Area Pride Shirt Lenora Kastner Miranda Comay Drag Queen Doorman See also QRM’s entry for this game . Citations: Lenora Kastner. (n.d.). Watch Dogs Wikia. Retrieved from https://watchdogs.fandom.com/wiki/Lenora_Kastner Watch Dogs 2. (June 17, 2019). Wikipedia. Retrieved from https://en.wikipedia.org/wiki/Watch_Dogs_2",,2026-08-22
Mason,Hustle Cat,2016,https://lgbtqgamearchive.com/2019/09/14/mason,Mason in Hustle Cat,2010s; Bisexual; Bisexual (implicit); Characters; Games by Decade; Lesbian; Lesbian (explicit); Optional Relationship; Queer Women; Relationships/Romance/Sex,character_candidate,yes,already_registered,"Image Credit: https://hustlecat.fandom.com/wiki/Mason Mason is one of the six romanceable NPCs in Hustle Cat. She is said to mention a past girlfriend in this tumblr post where the co-creator answers a question about Mason’s sexuality. The co-creator answers that in her opinion, “one of Mason’s biggest weak points is cute girls (though that’s hardly the only thing she’s interested in)”. If you find evidence of Mason mentioning a past girlfriend in-game, please be sure to send us a screenshot or video example so that we can update this entry. LGBTQ References in this game : Gender Customization and Romance Options Graves and Nacht Hayes’ Dads Mason Citations: Mason. (n.d.). Retrieved from https://hustlecat.fandom.com/wiki/Mason Mineraloid. (2016, April 25). mineraloid. Retrieved from https://mineraloid.tumblr.com/post/143383801445/so-i-think-i-remember-at-one-point-seeing-that",,2026-08-22
Miranda Comay,Watch Dogs 2,2016,https://lgbtqgamearchive.com/2019/07/05/miranda-comay,Miranda Comay in Watch Dogs 2,2010s; Characters; Games by Decade; Transgender; Transgender (explicit),character_candidate,yes,already_registered,"“Miranda Comay.” Licensed under CC-BY-SA via Watch Dogs Wikia – https://watchdogs.fandom.com/wiki/Miranda_Comay?file=Miranda_Comay.png Miranda is an NPC who works as a councilwoman. She is a long-time friend of the protagonist, Marcus, and helps Dedsec in their mission to take down the central Operating System and the corrupt company behind it. She is explicitly trans — in the game, she mentions that the religious group Church of the New Dawn hacked her medical records and released footage of her genital reassignment surgery to the public. LGBTQ References in this game : San Francisco Bay Area Pride Shirt Lenora Kastner Miranda Comay Drag Queen Doorman See also QRM’s entry for this game . Citations: Watch Dogs 2. (June 17, 2019). Wikipedia. Retrieved from https://en.wikipedia.org/wiki/Watch_Dogs_2 Miranda Comay. (n.d.). Watch Dogs Wikia. Retrieved from https://watchdogs.fandom.com/wiki/M",,2026-08-22
Moira O’Deorain,Overwatch,2016,https://lgbtqgamearchive.com/2019/03/07/moira-odeorain,Moira O’Deorain in Overwatch,2010s; Characters; Games by Decade; Gender non-conforming; Playable Character,character_candidate,no,needs_character_review,"Image Credit: Moira concept. From “Media – Overwatch,” https://playoverwatch.com/en-us/media/moira-concept . Copyright (2019) by Blizzard Entertainment. Reused under Blizzard’s online content policy. Moira O’Deorain is one of Overwatch’s playable characters. She is a geneticist, written as a villainous healer to balance out the number of heroic healers. When Overwatch was active, she was a member of its covert ops division, Blackwatch. After Overwatch’s disbandment, she was hired as Minister of Genetics in the city of Oasis. However, much of her work is actually funded by the terrorist organization, Talon, where she has a seat at the inner circle. Moira was conceived as an androgynous character, and is shown in her origin video wearing men’s clothing under her lab coat. Two of her cosmetic skins in the game alter her appearance to look like David Bowie to further emphasize these features",,2026-08-22
Myrrine,Spade Memory,2016,https://lgbtqgamearchive.com/2016/07/14/myrrine-in-spade-memory,Myrrine in Spade Memory,2010s; Characters; Lesbian; Lesbian (explicit); Queer Women,character_candidate,yes,already_registered,"Image Credit: Martina Tucker, 2016 Myrrine is Wisteria’s older sister in Spade Memory . She is a lesbian, but she has yet to come out to her family. She tries to be supportive of Wisteria as she deals with Freddy’s aggressive attempts to date her, and attempts to help her when she unexpectedly comes out as asexual to her parents. LGBTQ references in this game : Wisteria Myrrine Story Paths Citations: Write up of game provided by Martina Tucker",,2026-08-22
Pride Shirt,Watch Dogs 2,2016,https://lgbtqgamearchive.com/2019/07/05/pride-shirt-2,Pride Shirt in Watch Dogs 2,2010s; Artifacts; Games by Decade,non_character_reference,no,non_character_reference,"Image credit: Screenshot of “Pride” from Dog Watch 2 from “Watch Dogs 2 – Clothing Buyout.” Retrieved July 12, 2019 from https://www.youtube.com/watch?v=lvezbfLs5C8 In the game, it is possible to buy clothes in various locations and customize the outfit of your character. When you visit the “Tourist Kiosk,” you can buy a black shirt with the word “Pride” written in rainbow letters as well as a rainbow sweater (called “The deepest V”). Players can also purchase the “fly your flag” cap here, which is decorated with the leather pride flag. The kiosk can be found in the following locations: CBD (Coit Tower), Fisherman’s Wharf, Ghiardelli Square, Ocean Beach, Palace of Fine Arts, Pier 39, and Vista Point (in Marin County). All the clothing items in the game can be seen in the following video , including the items in the “Tourist Kiosk,” which are featured at 30:30. Image credit: Screenshot of",,2026-08-22
Queer Game Narrative in Escape from Pleasure Planet,Escape from Pleasure Planet,2016,https://lgbtqgamearchive.com/2018/07/09/queer-game-narrative-in-escape-from-pleasure-planet,Queer Game Narrative in Escape from Pleasure Planet,2010s; Games by Decade; Gay; Gay (explicit); Playable Character; Queer Game/Narrative; Queer Men,non_character_reference,no,non_character_reference,"Image credit: Escape From Pleasure Planet Press Kit. (n.d.). Retrieved from http://www.um.com.au/pleasure/press/ Escape from Pleasure Planet centers on the adventures of Captain Tycho Minogue as he journeys to the gay tourist resort world of Arcadia to track down a ruthless criminal. Along the way, Minogue tries to figure out the secret of Pleasure Planet and its seemingly unending hedonistic opportunities. Escape from Pleasure Planet is a game mostly populated by handsome gay men, drawing on sexual humor and campy aesthetics throughout its storyline. Developer Nick Miller describes Escape from Pleasure Planet as being gayer than its predecessor and it touches on iconic sci-fi themes as well as different elements of modern gay culture. A trailer for the game can be viewed here . LGBTQ references in this game : Queer Game Narrative in Escape from Pleasure Planet Citations Up Multimedia. (",,2026-08-22
Queer Game Narrative in Ladykiller in a Bind,Ladykiller in a Bind,2016,https://lgbtqgamearchive.com/2018/07/13/queer-game-narrative-in-ladykiller-in-a-bind,Queer Game Narrative in Ladykiller in a Bind,2010s; Actions; Characters; Cross-dressing; Games by Decade; Gender non-conforming; Lesbian; Lesbian (explicit); Queer Game/Narrative; Queer Women,non_character_reference,no,non_character_reference,"Image credit: Screenshot. (May 13, 2016). Retrieved from http://loveconquersallgam.es/post/144810078118/the-game-runs-natively-at-1080p-so-click-through Ladykiller in a Bind is an erotic visual novel that follows the adventures of The Beast, an 18-year old lesbian who crossdresses to impersonate her twin brother. She becomes tangled in a series of relationships during her brother’s senior class cruise, including becoming a sub to a red-haired domme (The Beauty). Ladykiller also makes the player work harder than many visual novels at negotiating what “pathway” to take via dialogue options. It isn’t always clear as to what the “right” option should be, which helps illustrate the real messiness of relationships. Overall, the game itself takes great care to explore consent and the various social dimensions of intimate relationships. However, prior to a patch by developer Christina Love, it w",,2026-08-22
Queer Game Narrative in We Know the Devil,We Know the Devil,2016,https://lgbtqgamearchive.com/2017/02/12/venus-in-we-know-the-devil,Queer Game Narrative in We Know the Devil,2010s; Characters; Lesbian; Lesbian (implicit); Non-binary or genderqueer; Optional Relationship; Queer Women; Relationships/Romance/Sex; Transgender; Transgender (implicit),non_character_reference,no,non_character_reference,"Screenshot from game There are three main characters of We Know the Devil , Neptune, Jupiter, and Venus. Each scene of the game involves two of the three characters talking together, with the third being isolated. Whichever character is isolated the most (or all three if they’re balanced), becomes “the devil”, and transforms. During one sequence later in the game, the player can choose to have Jupiter and Neptune spend time in a dark closet together. During this scene the two express romantic feelings for one another and share their frustration with their repressive surroundings. After this conversation they have sex. Venus is timid and often picked on by other residents of the camp in which the game takes place. For most of the game she is seen and referred to as a man by the other characters and the narration of the game. If she transforms (either by being the most isolated character o",,2026-08-22
Relationships,Miitopia,2016,https://lgbtqgamearchive.com/?p=12027,Relationships in Miitopia,2010s; Games by Decade; Relationships/Romance/Sex,non_character_reference,no,non_character_reference,"Image Credit: Retrieved from https://www.destructoid.com/nintendo-kinda-sorta-kept-its-big-gay-promise-451397.phtml Following controversy around Tomodachi Life ‘s exclusion of same-sex relationships , Miitopia does not allow players to marry, but allows players to increase relationship levels between characters regardless of gender. This is done on a level system, where any relationship from level 50 and on considers characters “Soulmates”. However, there are no typical expressions of this relationship (such as marriage, kissing, sharing a bed, etc) other than the two characters having heart eyes when viewing their relationship. LGBTQ References in this game : Relationships Crossdressing Citations: Arana, G. (2014, May 8). Nintendo’s anti-gay cop-out: Why its demented same-sex ban is no game. Retrieved from https://www.salon.com/2014/05/08/nintendos_anti_gay_cop_out_why_its_demented_same",,2026-08-22
Relationships & Marriage,Stardew Valley,2016,https://lgbtqgamearchive.com/2018/01/12/relationships-and-marriage-in-stardew-valley,Relationships and Marriage in Stardew Valley,2010s; Actions; Games by Decade; Optional Relationship; Queer Reproduction; Relationships/Romance/Sex,non_character_reference,no,non_character_reference,"Image Source: http://imageslogotv-a.akamaihd.net//uri/mgid:uma:image:logotv.com:11503129?quality=0.8&format=jpg&width=1440&height=810&amp ;.jpg Stardew Valley includes a relationship system in which different NPC’s in the surrounding town grow affectionate towards the player if enticed by their favorite gifts. Certain NPC’s are marked as single and can be romanced once their relationship level is raised to correct interval. All of the romance enabled NPC’s can be wooed regardless of the player character’s chosen gender, opening the door for queer relationships (although there is no reference to said relationships as queer in character dialogue). These romantic relationships can end in marriage if the player chooses to propose to their romantic partner, and the option to have a child opens from there (again regardless of parties involved). LGBTQ References in this game : Relationships & M",,2026-08-22
San Francisco Bay Area,Watch Dogs 2,2016,https://lgbtqgamearchive.com/2019/07/04/san-francisco-bay,San Francisco Bay in Watch Dogs 2,2010s; Games by Decade; Locations; Locations (explicit),non_character_reference,no,non_character_reference,"Image credit: Screenshot from Watch Dogs 2. Retrieved July 12, 2019 via QRM – https://queerlyrepresent.me/title/watch-dogs-2 Watch Dogs 2 allows you to explore condensed versions of San Francisco, Oakland, Marin County and Silicon Valley. It is thus possible to visit a lot of the real-world locations that have queer history in-game. For example, you can go to queer bars and see rainbow sidewalks in the Castro District. Many of the houses throughout the game also are adorned with rainbow flags. Moreover, the game is filled with NPCs not relevant to the stories narrative (i.e. civilians walking down the street), many of which appear to be in same-sex or same-gender relationships (e.g. two characters coded as lesbian may be seen holding hands, kissing, or cuddling). Hacking can also disclose information about characters, such as their sexuality. LGBTQ References in this game : San Francisco",,2026-08-22
Soldier: 76/Jack Morrison,Overwatch,2016,https://lgbtqgamearchive.com/2019/03/07/soldier-76-jack-morrison,Soldier: 76/Jack Morrison in Overwatch,2010s; Characters; Games by Decade; Gay; Gay (explicit); Playable Character; Queer Men,character_candidate,yes,already_registered,"Soldier 76 concept. From “Media – Overwatch,” https://playoverwatch.com/en-us/media/soldier-76-concept . Copyright (2019) by Blizzard Entertainment. Reused under Blizzard’s online content policy. Jack Morrison, or Soldier: 76, is one of Overwatch’s playable characters. He was founder and head of Overwatch during its height, but was presumed dead in a fight with co-founder Gabriel Reyes. Afterwards, he took on the identity of Soldier: 76 to fight off the grid against Overwatch’s previous aggressors. His abilities involve superhuman speed and various stolen Overwatch technology. In the short story Bastet (2019), it was revealed Jack had an ex-boyfriend named Vincent. Michael Chu, Overwatch’s lead writer, later confirmed he is gay. LGBTQ references in this game : Tracer/Lena Oxton Soldier: 76/Jack Morrison Moira O’Deorain Citations: Media – Overwatch. (2019). Retrieved from https://playover",,2026-08-22
Story Paths,Spade Memory,2016,https://lgbtqgamearchive.com/2016/07/14/story-paths-in-spade-memory,Story Paths in Spade Memory,2010s; Queer Game/Narrative,needs_unit_review,no,needs_unit_review,"Image credit: Martina Tucker, 2016 In each story path in Spade Memory , the player will have to deal with other characters invalidating Wisteria’s asexual identity. This isn’t always out of actual malice, but mostly due to the characters not knowing what asexuality is. For example, Freddy, a boy trying to date Wisteria, stubbornly insists that she is simply afraid of sex if she tries to explain that she isn’t interested in a sexual relationship, her mother assumes that she’s just being immature or slow for her age when she mentions that she isn’t interested in dating, and her friend Smiljana actively tries to push her to date people or play games that focus heavily on sexual fanservice. Wisteria can choose to simply ignore these types of comments and behavior or she can try to assert what she truly thinks, at the risk of upsetting the other character. However, each path will result in a ",,2026-08-22
Tracer/Lena Oxton,Overwatch,2016,https://lgbtqgamearchive.com/2019/03/07/tracer-lena-oxton,Tracer/Lena Oxton in Overwatch,2010s; Characters; Games by Decade; Lesbian; Lesbian (explicit); Playable Character; Queer Women,character_candidate,yes,already_registered,"Tracer concept. From “Media – Overwatch,” https://playoverwatch.com/en-us/media/tracer-concept . Copyright (2019) by Blizzard Entertainment. Reused under Blizzard’s online content policy. Lena Oxton, or Tracer, is one of Overwatch’s playable characters. She is often considered the face of the game, and is notable for her apparent peppiness and commitment to doing good. She was an Overwatch recruit at the time of its disbanding. Her abilities involve time manipulation and dual pistols. In the Overwatch comic Reflections (2016), Tracer kisses a girl, Emily, who she lives with. Michael Chu, Overwatch’s lead writer, later confirmed she is a lesbian. LGBTQ references in this game : Tracer/Lena Oxton Soldier: 76/Jack Morrison Moira O’Deorain Citations: Chu, Michael & Montilló, Miki. (2016). Reflections. Retrieved from http://comic.playoverwatch.com/en-us/tracer-reflections . Frank, Allegra. (2",,2026-08-22
Wisteria,Spade Memory,2016,https://lgbtqgamearchive.com/2016/07/14/wisteria-in-spade-memory,Wisteria in Spade Memory,2010s; Asexual; Asexual (explicit); Characters; Playable Character; Queer Women,character_candidate,yes,already_registered,"Image Credit: Martina Tucker, 2016 Wisteria is the main character in Spade Memory . She is an aromantic sex repulsed asexual, who is a college senior majoring in game design. She is usually quite confident in herself, but she is uncomfortable with sexual situations or hurting other people’s feelings, which results in some unpleasant situations when dealing with Freddy, a boy that stubbornly tries to date her even though she isn’t interested in having a romantic or sexual relationship, or her mother, who claims to be okay with LGBT people, as long as they aren’t in her family. Even though she tries to avoid stepping on toes, she will stand up for herself and her identity in the face of those who try to assert that she is something she isn’t. LGBTQ references in this game : Wisteria Myrrine Story Paths Citations: Write up of game provided by Martina Tucker",,2026-08-22
Angus,Night in the Woods,2017,https://lgbtqgamearchive.com/2018/01/12/angus-in-night-in-the-woods,Angus in Night in the Woods,2010s; Characters; Games by Decade; Gay; Gay (explicit); Queer Men,character_candidate,yes,already_registered,"• Image Source: https://vignette2.wikia.nocookie.net/nightinthewoods/images/a/af/Angus_Delaney_Sitting.png/revision/latest/scale-to-width-down/310?cb=20170319055626 Angus is a bear-like character in the 2017 adventure game Night in the Woods . He works at Possum Springs’ video store, Video Outpost Too. He has a dry sense of humor and puts his faith in science and observable truths. He is in a committed relationship with Gregg, who he credits with “saving” him from his history of familial abuse. Greg and Angus share an apartment together near the center of town. LGBTQ References in this game : Mae Gregg Angus Citations: http://nightinthewoods.wikia.com/wiki/Angus",,2026-08-22
Azami,Xenoblade Chronicles 2,2017,https://lgbtqgamearchive.com/2021/01/21/azami-xenoblade-chronicles-2,Azami Xenoblade Chronicles 2,2010s; Bisexual; Bisexual (explicit); Characters; Games by Decade; Playable Character; Queer Women,character_candidate,yes,already_registered,"Image credit: Fandom wiki entry on Azami: https://xenoblade.fandom.com/wiki/Azami Azami is a Blade , a playable battle companion, in Xenoblade Chronicles 2. In the character-specific storyline, called Heart-to-heart, Azami is seen as wanting to spend more time with their Driver (can be any playable character in the party), regardless of their gender or race. One of the playable characters, Mythra, coaches her on her dating techniques in an early cutscene in the quest. LGBTQ references in this game series: Floren Malos Sheba Azami References Fandom Wiki entry: https://xenoblade.fandom.com/wiki/Azami",,2026-08-22
Brageld,Horizon Zero Dawn,2017,https://lgbtqgamearchive.com/2021/07/09/brageld-in-horizon-zero-dawn,Brageld in Horizon Zero Dawn,2010s; Characters; Games by Decade; Gay; Gay (explicit); Queer Men,character_candidate,yes,already_registered,"Image credit: Screenshot of Brageld from Horizon Zero Dawn from “Horizon Zero Dawn Walkthrough – Honor the Fallen Side Quest Gameplay/Let’s Play.” Retrieved January 27, 2021 from https://www.youtube.com/watch?v=S8CurTA0HrI&ab_channel=VGFAQ Brageld is a minor character that Aloy encounters during the side quest “Honor the Fallen”. To complete the quest, Aloy must help him access a shrine that his lover helped create. He is explicitly gay. LGBTQ References in this game: Brageld Ella Pontes Janeva Petra Forgewoman Gera Citations: Brageld. (n.d). Horizon Wiki. Retrieved from https://horizon.fandom.com/wiki/Brageld VGFAQ. (2017, March 10). Horizon Zero Dawn Walkthrough – Honor the Fallen Side Quest Gameplay/Let’s Play. Retrieved from https://www.youtube.com/watch?v=S8CurTA0HrI&ab_channel=VGFAQ",,2026-08-22
Cloth and Nola,Hollow Knight,2017,https://lgbtqgamearchive.com/?p=12298,Cloth and Nola in Hollow Knight,2010s; Characters; Games by Decade; Queerly Read/Rumored,queer_reading_candidate,no,queer_reading_candidate,"Image Credit: Retrieved from https://hollowknight.fandom.com/wiki/Cloth Cloth is an NPC wanderer in Hollow Knight who set out to Hallownest to prove her courage by defeating mighty creatures. However, she can be quite cowardly at times. She is motivated to die in an epic battle to join her departed lover, Nola. Nola’s gender is not revealed in-game and has not been revealed by developers. Some fans have read Cloth and Nola’s relationship to be queer, as Nola seems to be a feminine name. It’s also worth noting that Cloth was originally pitched as male during Hollow Knight’s Kickster campaign. LGBTQ References in this game : Cloth and Nola Grey Mourner and the Traitor’s Daughter Sheo and the Nailsmith Vessels Citations: Gaygirlgg. (2019, June 21). R/HollowKnight – Comment by u/gaygirlgg on “Who is Nola?” Retrieved June 18, 2020, from https://www.reddit.com/r/HollowKnight/comments/bgvpon/wh",,2026-08-22
Ella Pontes,Horizon Zero Dawn,2017,https://lgbtqgamearchive.com/2021/07/09/ella-pontes-in-horizon-zero-dawn,Ella Pontes in Horizon Zero Dawn,2010s; Characters; Games by Decade; Lesbian; Lesbian (explicit); Queer Women,character_candidate,yes,already_registered,"Image credit: Screenshot of Ella Pontes from Horizon Zero Dawn from “Horizon Zero Dawn – Main Quest 1 – A Gift from the Past.” Retrieved January 27, 2021 from https://www.youtube.com/watch?v=Nrasfaqlb2A&ab_channel=PlayStationNATION Ella Pontes is a deceased NPC whose body a young Aloy discovers during the main quest “A Gift from the Past”. Using a focus, Aloy can access Ella’s final thoughts in an audio file. In this file, Ella reminisces on moment she fell for a femme lover. LGBTQ References in this game: Brageld Ella Pontes Janeva Petra Forgewoman Gera Citations: Ella Pontes. (n.d.). Horizon Wiki. Retrieved from https://horizon.fandom.com/wiki/Ella_Pontes PlayStation Nation. (2017, March 2). Horizon Zero Dawn – Main Quest 1 – A Gift from the Past. Retrieved from https://www.youtube.com/watch?v=Nrasfaqlb2A&ab_channel=PlayStationNATION",,2026-08-22
Floren,Xenoblade Chronicles 2,2017,https://lgbtqgamearchive.com/2021/01/21/floren-in-xenoblade-chronicles-2,Floren in Xenoblade Chronicles 2,2010s; Characters; Games by Decade; Gender non-conforming,character_candidate,no,needs_character_review,"Image credit: Fandom Wiki entry on Floren: https://xenoblade.fandom.com/wiki/Floren Floren is a Blade, a battle companion character in Xenoblade Chronicles 2. In the game, Floren appears to be a young boy with an outfit inspired by various flora. In Japanese, Floren translates to ‘firefly’ in English. Floren is voice-acted by Clare Corbett.. Because of his appearance and mannerism, Floren is constantly mistaken by other party members to be a girl, atop his androgynous body and ice-staking movesets in combat. In the game, his gender is only revealed through the action of sending out Blades on missions, where some missions are restricted by gender. LGBTQ references in this game series: Floren Malos Sheba Azami References Player discussion about being surprised by genders of misread characters: https://forums.serenesforest.net/index.php?/topic/83118-animated-characters-you-guessed-their-gen",,2026-08-22
Gera,Horizon Zero Dawn,2017,https://lgbtqgamearchive.com/2021/07/09/gera-in-horizon-zero-dawn,Gera in Horizon Zero Dawn,2010s; Characters; Games by Decade; Gender non-conforming,character_candidate,no,needs_character_review,"Image credit: Screenshot of Gera from Horizon Zero Dawn from “Horizon Zero Dawn Walkthrough – To Old Acquaintance Errand Gameplay/Let’s Play.” Retrieved January 27, 2021 from https://www.youtube.com/watch?v=1m4OFkYeKno&ab_channel=VGFAQ In conversation with Gera, encountered during the “To Old Acquaintance” quest, Aloy is surprised to learn that Gera has a husband (who she met after beating him in an arm wrestling contest). It is implied that Aloy thought she might be a lesbian, perhaps because she speaks and her mannerisms. LGBTQ References in this game: Brageld Ella Pontes Janeva Petra Forgewoman Gera Citations: [Spoiler] Ever wondered how Gera reunion with her husband looks like? (n.d.) Reddit. Retrieved from: https://www.reddit.com/r/horizon/comments/6d2k4o/spoiler_ever_wondered_how_gera_reunion_with_her/ Gera. (n.d.). Horizon Wiki. Retrieved from https://horizon.fandom.com/wiki/Gera ",,2026-08-22
Gregg,Night in the Woods,2017,https://lgbtqgamearchive.com/2018/01/12/gregg-in-night-in-the-woods,Gregg in Night in the Woods,2010s; Characters; Games by Decade; Gay; Gay (explicit); Queer Men,character_candidate,yes,already_registered,"• Image Source: https://vignette1.wikia.nocookie.net/nightinthewoods/images/d/dc/Greggory_Lee_Sitting.png/revision/latest?cb=20170402043706 Gregg is a fox-like character in the 2017 adventure game Night in the Woods . He is Mae’s best friend from her home town, and spends his time working at the local convenience store, the Snack Falcon. He has a generally bubbly demeanor punctuated by bouts of sadness, described by him as “really up up days and really down down days”. This has caused fans to speculate that he may suffer from bi-polar disorder. He lives with his bear-like boyfriend, Angus, with whom he’s been in a committed relationship with for several years. Angus believes Gregg “saved” him from his traumatic past, but Angus sees it differently, telling Mae that Angus was the one that saved him. LGBTQ References in this game : Mae Gregg Angus Citations: http://nightinthewoods.wikia.com",,2026-08-22
Grey Mourner and the Traitor’s Daughter,Hollow Knight,2017,https://lgbtqgamearchive.com/?p=12302,Grey Mourner and the Traitor’s Daughter in Hollow Knight,2010s; Characters; Games by Decade; Lesbian; Lesbian (explicit); Queer Women,character_candidate,yes,already_registered,"Image Credit: Retrieved from https://hollowknight.fandom.com/wiki/Grey_Mourner Grey Mourner is an NPC in Hollow Knight . She gives the player a quest to deliver a Delicate Flower to her lover’s grave. The union with her lover was denied by the mantises because of Grey Mourner being an outsider. Her lover is the Traitor Lords daughter. We have classified them both as Lesbian Explicit. LGBTQ References in this game : Cloth and Nola Grey Mourner and the Traitor’s Daughter Sheo and the Nailsmith Vessels Citations: Various. (n.d.). Grey Mourner. Retrieved June 18, 2020, from https://hollowknight.fandom.com/wiki/Grey_Mourner",,2026-08-22
Janeva,Horizon Zero Dawn,2017,https://lgbtqgamearchive.com/2021/07/09/janeva-in-horizon-zero-dawn,Janeva in Horizon Zero Dawn,2010s; Characters; Games by Decade; Non-binary or genderqueer; Non-binary or Genderqueer (implicit); Transgender; Transgender (implicit),character_candidate,yes,already_registered,"Image credit: Screenshot of Janeva from Horizon Zero Dawn from “Horizon: Zero Dawn: Sunstone Rock – Quest Walkthrough..” Retrieved January 27, 2021 from https://www.youtube.com/watch?v=pOCLBK6zqb0&ab_channel=InFlame Janeva is a Carja NPC, encountered during the side quest “Sunstone Rock”. Janeva’s gender is not stated, though they assert that they are “not one of [Aloy’s] sisters,” and are clearly a soldier (for Carja, a profession exclusively for men). In the game, Carja women have names ending in vowels, so Janeva was probably assigned female at birth. The game creators have not explicitly addressed Janeva’s gender, but they resist being misgendered as a woman in the game. They are possibly either trans-masculine or nonbinary. Some players have appreciated trans representation in HZD through Janeva, while others have criticized the way the creators handled this character. Still other p",,2026-08-22
Lewis Finch,What Remains of Edith Finch,2017,https://lgbtqgamearchive.com/?p=10431,Lewis Finch in What Remains of Edith Finch,2010s; Bisexual; Bisexual (implicit); Characters; Games by Decade; Optional Relationship; Queer Men; Relationships/Romance/Sex,character_candidate,yes,already_registered,"Image credit: http://what-remains-of-edith-finch.wikia.com/wiki/File:LewisCannery.jpg Lewis Finch was the firstborn and the first son of Sanjay Kumar and Dawn Finch, and the older brother of Milton and Edith. One month before his 22nd birthday, Lewis died by committing suicide from putting his head into an automated guillotine at the fish cannery he worked at after months of struggling with a mental disorder. During a scene in the game where his psychiatrist tells Dawn in a letter about his mental disorder, the player sails a ship and has two routes as options to sail down. One reads “Beautiful Prince” and the other reads “Handsome Queen”. Depending on which path the player takes, Lewis imagines being crowned by either, and the game refers to them as his prince/queen, inferring that this prince/queen is a possible love interest for Lewis (found here: https://www.youtube.com/watch?v=CCcxX",,2026-08-22
Mae,Night in the Woods,2017,https://lgbtqgamearchive.com/2018/01/12/mae-borowski-in-night-in-the-woods,Mae Borowski in Night in the Woods,2010s; Characters; Games by Decade; Lesbian; Lesbian (explicit); Playable Character; Queer Women,character_candidate,yes,already_registered,"Image Source: http://nightinthewoods.wikia.com/wiki/Mae?file=MaeBorowski.png Mae Borowski is the cat-like main character of the 2017 adventure game Night in the Woods . She’s often snarky and sarcastic but acts compassionately towards her close friends. During a scene in which she attends a college party with her friend Bae, she meets and is immediately smitten by a woman named Bombshell, who she bonds with through an improvised secret handshake. One of the game’s writers, Scott Benson, has identified Mae as pansexual and Bombshell as a lesbian on his CuriousCat page. LGBTQ References in this game : Mae Gregg Angus Citations: http://nightinthewoods.wikia.com/wiki/Mae https://curiouscat.me/bombsfall/post/110402201 https://curiouscat.me/bombsfall/post/121839686",,2026-08-22
Malos,Xenoblade Chronicles 2,2017,https://lgbtqgamearchive.com/2021/01/21/malos-in-xenoblade-chronicles-2,Malos in Xenoblade Chronicles 2,2010s; Characters; Games by Decade; Queerly Read/Rumored,queer_reading_candidate,no,queer_reading_candidate,"Image credit: Fandom Wiki entry on Malos: https://xenoblade.fandom.com/wiki/Malos Malos is an antagonist in Xenoblade Chronicles, second-in-command to the secret organization Torna that wishes to destroy the world. From a visual perspective, his armour is similar to a cyber-samural with repeated plates, and a chestplate identical to his boss, Jin, who he is seen to be very close to in the game. While the game features no explicit content about Malos and Jin, several players have queerly read the two as to have had some kind of relationship in their past, and also in the final cutscene, Malos was told that the wish to destroy the world was a choice that he made ‘together’, implying with Jin. LGBTQ references in this game series: Floren Malos Sheba Azami References Fandom Wiki entry: https://xenoblade.fandom.com/wiki/Malos Reddit discussion: https://www.reddit.com/r/Xenoblade_Chronicles/co",,2026-08-22
Petra Forgewoman,Horizon Zero Dawn,2017,https://lgbtqgamearchive.com/2021/07/09/petra-forgewoman-in-horizon-zero-dawn,Petra Forgewoman in Horizon Zero Dawn,2010s; Characters; Games by Decade; Lesbian; Lesbian (implicit); Queer Women,character_candidate,yes,already_registered,"Image credit: Screenshot of Petra from Horizon Zero Dawn from “Petra Forgewoman – Horizon Zero Dawn” Retrieved January 27, 2021 from https://www.youtube.com/watch?v=YjdHKEJeubc&ab_channel=JavierABegazo Petra is an NPC who Aloy meets in the side quest “Heap of Trouble” or in “The Looming Shadow”. She is a blacksmith/inventor and is the leader of the settlement called the Free Heap. Petra seems to be attracted to Aloy, mentioning that she always had a weakness for restless girls. In some playthroughs, Aloy calls her out for flirting at inopportune times, the most explicit reference to Petra’s sexuality. LGBTQ References in this game: Brageld Ella Pontes Janeva Petra Forgewoman Gera Citations: FightinCowboy. (2017, March 9). Horizon Zero Dawn – Gameplay Walkthrough Part 33: The Looming Shadow. Retrieved from https://www.youtube.com/watch?v=X9lrH8_K9sM&ab_channel=FightinCowboy Petra Forgewom",,2026-08-22
Sheba,Xenoblade Chronicles 2,2017,https://lgbtqgamearchive.com/2021/01/21/sheba-in-xenoblade-chronicles-2,Sheba in Xenoblade Chronicles 2,2010s; Characters; Games by Decade; Lesbian; Lesbian (explicit); Queer Women,character_candidate,yes,already_registered,"Image credit: Fandom wiki entry on Sheba: https://xenoblade.fandom.com/wiki/Sheba Sheba is a Blade, a battle companion, in Xenoblade Chronicles 2. In the Heart-to-Heart cutscene she reveals that the reason she prefers women is that there are no men that live up to her high standards. She loves luxury, money, and wants to hold tea parties with an entourage of women. LGBTQ references in this game series: Floren Malos Sheba Azami References: Fandom Wiki entry: https://xenoblade.fandom.com/wiki/Sheba",,2026-08-22
Sheo and the Nailsmith,Hollow Knight,2017,https://lgbtqgamearchive.com/?p=12307,Sheo and the Nailsmith in Hollow Knight,2010s; Characters; Easter Egg; Games by Decade; Gay; Gay (explicit); Intertextual Reference; Queer Men,character_candidate,yes,already_registered,"Image Credit: Retrieved from https://hollowknight.fandom.com/wiki/Sheo Sheo and the Nailsmith are NPCs in Hollow Knight who can be brought together via their sidequests. If the Nailsmith is spared after forging the Pure Nail, he will eventually find his way to Sheo’s hut. They bond over their common love of creation and honing a skill. Getting them together gives the player a secret achievement called “Happy Couple” implying that they are in a romantic relationship. The developers have confirmed that they are explicitly queer on a Mixer stream which has sadly been deleted. LGBTQ References in this game : Cloth and Nola Grey Mourner and the Traitor’s Daughter Sheo and the Nailsmith Vessels Citations: Sumwann. (2019, August 6). R/HollowKnight – Comment by u/Sumwann on “Okay so there’s one part of the wiki that bugs me a lot”. Retrieved June 18, 2020, from https://www.reddit.com/r/HollowKni",,2026-08-22
Vessels,Hollow Knight,2017,https://lgbtqgamearchive.com/?p=12310,Vessels in Hollow Knight,2010s; Agender; Characters; Games by Decade; Playable Character,character_candidate,no,needs_character_review,"Image Credit: Retrieved from https://hollowknight.fandom.com/wiki/Vessels Vessels are beings of the “Void” who were created by the Pale King as a means of stopping the Infection in Hollow Knight . They have been confirmed by the developers to be genderless in a Reddit AMA thread as well as in developer notes, as listed on the Hollow Knight fandom wiki . This means that they are Agender. Vessels in the game are as follows: The Knight The Hollow Knight Broken Vessel LGBTQ References in this game : Cloth and Nola Grey Mourner and the Traitor’s Daughter Sheo and the Nailsmith Vessels Citations: Ari_TeamCherry. (2018, June 21). R/NintendoSwitch – Comment by u/Ari_TeamCherry on “We’re Team Cherry and we just released Hollow Knight on Nintendo Switch! Ask us anything!” Retrieved June 18, 2020, from https://www.reddit.com/r/NintendoSwitch/comments/8swt8n/were_team_cherry_and_we_just_released_hol",,2026-08-22
City of Ydor,Save me Mr Tako,2018,https://lgbtqgamearchive.com/?p=10549,City of Ydor in Save me Mr Tako,2010s; Characters; Games by Decade; Gay; Gay (explicit); Gender non-conforming; Lesbian; Lesbian (explicit); Locations; Locations (explicit); Mentions; Mentions (explicit); Queer Men; Queer Women,non_character_reference,no,non_character_reference,"The second great human country, Ydor, is the kingdom of art. Much more open minded than its neighbor Sarona, you can see openly gay couples, statues of naked men, and drag queens. There is a steam achievement when playing this game called, “This is my hair, I don’t wear wigs,” that you can unlock if you speak to the drag queen wearing the wig hat, which is a reference to an Alaska Thunderfuck song. LGBTQ references in this game : City of Ydor Evan Mermaid Citations: Jed05. (2018, November 18). Not only is Mr. Tako hella cute, but also has drag queens and married lesbians. ❤ # SaveMeMrTako # NintendoSwitch [Tweet]. Retrieved from https://twitter.com/Jed05/status/1059152596064030720 (n.d.). Retrieved from http://alaskathunderfuck.com/ Submitted by Creator.",,2026-08-22
Damien,Monster Prom,2018,https://lgbtqgamearchive.com/2019/04/30/damien-lavey-in-monster-prom,Damien LaVey in Monster Prom,2010s; Characters; Games by Decade; Gay; Gay (explicit); Mentions; Mentions (implicit); Optional Relationship; Queer Men; Relationships/Romance/Sex,character_candidate,yes,already_registered,"Image Credit: Retrieved from https://monster-prom.fandom.com/wiki/HAIR Damien LaVey is one of the six main romanceable characters in the Monster Prom base game. He can be romanced by any of the four chosen protagonists, regardless of gender identity or pronouns, but doesn’t explicitly have queer content that identifies his sexual orientation. However, he has two gay dads (as seen here at 32:00) and references RuPaul’s Drag Race during his “Hair” secret ending, with the line, “Charisma, Uniqueness, Nerve, AND Talent” (as seen here at 26:30). LGBTQ References in this game : Damien Faith Polly Pronouns Romance Options and Queer Game Narrative Slayer Yaoi Mentions Zoe Citations: Melly Moo. (2018, May 16). One HELL of a makeover! // MONSTER PROM SECRET ENDING (DAMIEN) [Video file]. Retrieved from https://www.youtube.com/watch?v=G-NXjRh9epU Nezeru Gaming. (2018, December 21). THE CAGANER CONSP",,2026-08-22
Evan,Save me Mr Tako,2018,https://lgbtqgamearchive.com/?p=10544,Evan in Save me Mr Tako,2010s; Characters; Games by Decade; Gay; Gay (implicit); Homophobia; Homophobia/Transphobia; Queer Men,character_candidate,yes,already_registered,"Evan is the prince of Sarona, a kingdom known for its barbaric king and its powerful church. Tako met him in Belys as the prince has fled his country due to the actions of his father. After following and observing Tako for awhile, they make an alliance to go to Sarona’s castle in order to end the war between octopi and humans. Along the way, Evan confesses to Tako about why he fled the country. He was raised to become a warlord but was more interested in the arts. He fell in love with his art teacher, saying implicitly that he is gay. When his father learned about it, he sentenced the man to death, and killed him in front of his son. Evan was always protected by his older sister, but when she went missing, he fled from Sarona. LGBTQ references in this game : City of Ydor Evan Mermaid Citations: Submitted by Creator.",,2026-08-22
Faith,Monster Prom,2018,https://lgbtqgamearchive.com/2019/04/30/faith-in-monster-prom,Faith in Monster Prom,2010s; Bisexual; Bisexual (implicit); Characters; Games by Decade; Lesbian; Lesbian (explicit); Optional Relationship; Queer Women; Relationships/Romance/Sex,character_candidate,yes,already_registered,"Image Credit: Screen capture retrieved from https://www.youtube.com/watch?v=oGB9LzaclI0 Faith is one of the three members of “The Coven,” a group of three NPCs who the player can encounter during random events. She became a romanceable secret ending in the Monster Prom: Second Term add-on content update. As seen here at various moments, she and Polly are casual sexual partners, giving us explicit content about her being a lesbian, and implicit content about her being possibly bisexual, as she has sex with the player and Polly at the end. LGBTQ References in this game : Damien Faith Polly Pronouns Romance Options and Queer Game Narrative Slayer Yaoi Mentions Zoe Citations: What Biif. (2019, March 11). Monster Prom Second Term | SECRET Route – Faith (Witch of The Coven). Retrieved from https://www.youtube.com/watch?v=oGB9LzaclI0",,2026-08-22
Mermaid,Save me Mr Tako,2018,https://lgbtqgamearchive.com/?p=10555,Mermaid in Save me Mr Tako,Locations; Locations (rumored/implicit); Mentions; Mentions (implicit),non_character_reference,no,non_character_reference,"In the world 1 hub, if you play a special melody on the medusa, you can unlock a hidden level where you can meet a mermaid, a being that is a mix between a human and an octopus. She tells you that you will always meet people that don’t fit inside any box, that they are valid, and that her cave is a safe space. LGBTQ references in this game : City of Ydor Evan Mermaid Citations: Submitted by Creator.",,2026-08-22
Polly,Monster Prom,2018,https://lgbtqgamearchive.com/2019/05/01/polly-geist-in-monster-prom,Polly Geist in Monster Prom,2010s; Bisexual; Bisexual (explicit); Characters; Games by Decade; Optional Relationship; Queer Women; Relationships/Romance/Sex,character_candidate,yes,already_registered,"Polly Geist is one of the six main romanceable characters in the Monster Prom base game. She can be romanced by any of the four chosen protagonists, regardless of gender identity or pronouns, and has a “casual sex thing” with Faith, in addition to really enjoying things such as sex and drugs. Because of her overall character and her being very enthusiastic to have an orgy, not caring about the gender of participants in it, we’ve categorized her as explicitly bisexual. LGBTQ References in this game : Damien Faith Polly Pronouns Romance Options and Queer Game Narrative Slayer Yaoi Mentions Zoe Citations: Polly Geist. (n.d.). Retrieved from https://monster-prom.fandom.com/wiki/Polly_Geist",,2026-08-22
Pronouns,Monster Prom,2018,https://lgbtqgamearchive.com/2019/05/01/pronouns-in-monster-prom,Pronouns in Monster Prom,2010s; Actions; Games by Decade; Non-binary Gender Customization; Playable Character,non_character_reference,no,non_character_reference,"Image Credit: Screen capture taken while playing game In Monster Prom , both in the base game and add-on content, the player character is able to select from four protagonists and choose both their name and pronouns (from the choices he, she, and they). This allows players to have non-binary gender customization with they/them pronouns or she/her pronouns for masculine-presenting protagonists and he/him pronouns for feminine-presenting protagonists. LGBTQ References in this game : Damien Faith Polly Pronouns Romance Options and Queer Game Narrative Slayer Yaoi Mentions Zoe Citations: Beautiful Glitch. (2018). Monster Prom [Video Game]. United States: Those Awesome Guys.",,2026-08-22
Queer Game Narrative,Liebt Mich Nicht,2018,https://lgbtqgamearchive.com/2019/10/16/queer-game-narrative-in-liebt-mich-nicht,Queer Game Narrative in Liebt Mich Nicht,2010s; Characters; Games by Decade; Gay; Gay (explicit); Playable Character; Queer Game/Narrative; Queer Men,non_character_reference,no,non_character_reference,"Image Credit: https://sivandquin.itch.io/lmn Liebt Mich Nicht is a Metroidvania-style platformer with a story that revolves around a queer romance. A short description from the itch.io website says: “Meet Gottfried, a young man caught up in his lover’s shady dealings with the occult. Gottfried must attempt to overcome a tirade of demons and restore his mutilated world before it crumbles away into nothing, along with the truth of his lover’s betrayal.” LGBTQ References in this game : Queer Game Narrative Citations: LMN: Liebt Mich Nicht by Siv & Quin. (2018, November 02). Retrieved from https://sivandquin.itch.io/lmn",,2026-08-22
Queer Game Narrative in Dream Daddy: A Dad Dating Simulator,Dream Daddy: A Dad Dating Simulator,2018,https://lgbtqgamearchive.com/2019/04/02/queer-game-narrative-in-dream-daddy-a-dad-dating-simulator,Queer Game Narrative in Dream Daddy: A Dad Dating Simulator,2010s; Bisexual; Bisexual (explicit); Bisexual (implicit); Characters; Games by Decade; Gay; Gay (explicit); Gay (implicit); Gender non-conforming; Lesbian; Lesbian (explicit); Optional Relationship; Playable Character; Queer Game/Narrative; Queer Men; Queer Women; Relationships/Romance/Sex; Transgender; Transgender (explicit),non_character_reference,no,non_character_reference,"Dream Daddy: A Dad Dating Simulator is a game that allows the player to customize their own dad character (with trans binder options) and date seven other dads. Because of the game’s premise, many queer relationships are featured in addition to specifically queer characters outside of the dateable dads. The game makes the player select their deceased spouse’s gender, allowing players to customize the sexuality of their player character. The game has multiple endings reliant on completing three dates successfully with a dateable dad of the player’s choice. A list of characters and their implied or explicit sexualities and gender identities are as follows: Brian: The player is never informed on if Brian was previously married or who Daisy’s second biological parent is. We also see no queer content for Brian outside of interactions with the player character. Craig: He is formally married to",,2026-08-22
Queer Game Narrative in Men Bang,Men Bang,2018,https://lgbtqgamearchive.com/?p=11649,Queer Game Narrative in Men Bang,2010s; Characters; Games by Decade; Gay; Gay (explicit); Queer Game/Narrative; Queer Men; Real Person,non_character_reference,no,non_character_reference,"Image credit: https://queerlyrepresent.me/title/men-bang In Men Bang , the player plays as a casting agent and film director of a gay porn studio. The game features 18 porn actors from the real-life studio Men.com (e.g., William Seed, François Sagat, Thyle Knoxx, Beaux Banks). The player must “seduce” each actor by complimenting them, offering them gifts, and filming them, to ultimately convince them to join their porn studio. The game encourages the player to use real-life currency to buy virtual goods and progress faster in the game. LGBTQ References in this game : Queer Game Narrative in Men Bang Citations : Men Bang, nutaku.net. (December 19, 2019). Retrieved from https://mygaysites.com/2478/menbang Men.com Launches Online Adult Game MEN BANG Along With New Scene William Seed Bottoming For Justin Matthews. (December 7, 2018). Retrieved from https://www.queermenow.net/blog/men-bang-ga",,2026-08-22
Queer Game Narrative in Mike Dies,Mike Dies,2018,https://lgbtqgamearchive.com/?p=11950,Queer Game Narrative in Mike Dies,2010s; Characters; Games by Decade; Gay; Gay (explicit); Playable Character; Queer Game/Narrative; Queer Men; Relationships/Romance/Sex,non_character_reference,no,non_character_reference,"Image Credit: Retrieved from https://store.steampowered.com/app/696200/Mike_Dies/ Through Mike Dies ‘ story, players realize that Mike is a gay man trying to fight his inner demons while trying to get back to his partner, Gregory. In the game’s trailer (which can be viewed on the game’s Steam page), players can hear Mike deliver this line as he is trying to send a message to Gregory: “I want nothing more than to come back to you [Gregory]. I should’ve trusted you. I should’ve made a greater effort to reach you. Gregory, if you’re out there. I need you. Please, I need you. Please.” The game’s creator, Alex Gold, made the following statement in an interview with PC Gamer regarding the game’s story: “I like to think of Mike Dies not being a story about a gay character, it’s a story about Mike. ‘Gay’ is not Mike’s defining trait…I wouldn’t expect a straight writer to accurately capture a gay",,2026-08-22
"Queer Game Narrative in Saving You, From Yourself","Saving You, From Yourself",2018,https://lgbtqgamearchive.com/?p=10564,"Queer Game Narrative in Saving You, From Yourself",2010s; Games by Decade; Queer Game/Narrative,non_character_reference,no,non_character_reference,"Screenshot from Game Saving You, From Yourself is a Twine game where the player players a therapist for trans patients, allowing or denying them access to hormone treatment and a letter of approval. Depending on the player’s choices, themes such as the gatekeeping trans women face or the unlicensed practice of medicine for trans people who can’t afford medicine come up in the story. LGBTQ References in this game : Queer Game Narrative in Saving You, From Yourself Citations: Submitted by Creator",,2026-08-22
Queer Game Narrative in The Missing: J.J. Macfield and the Island of Memories,The Missing: J.J. Macfield and the Island of Memories,2018,https://lgbtqgamearchive.com/2019/03/28/queer-game-narrative-in-the-missing-j-j-macfield-and-the-island-of-memories,Queer Game Narrative in The Missing: J.J. Macfield and the Island of Memories,2010s; Characters; Games by Decade; Gender non-conforming; Homophobia; Homophobia/Transphobia; Lesbian; Lesbian (explicit); Playable Character; Queer Game/Narrative; Queer Women; Transgender; Transgender (explicit); Transphobia,non_character_reference,no,non_character_reference,"Screen Capture taken from the game In The Missing: J.J. Macfield and the Island of Memories , a story about two college students in a budding queer romance is told, focusing on one of the two characters and her trans storyline. The game’s story takes place inside of a dream (players find this out at the end of the game) had by the protagonist, Jamie Jackson Macfield, an amab trans woman who goes by J.J. for short. J.J. is dreaming after a suicide attempt that is set in motion after her mother finds women’s clothing in her closet at home and takes her to a counseling session to “fix” her. Image credit: https://kotaku.com/the-missing-gets-queer-love-stories-right-1829784922 The dream had by J.J. slowly reveals this story to the player in the form of texts with various characters and phone calls with the Emily, J.J.’s best friend and lover, inside J.J.’s dream. Through the texts, the player",,2026-08-22
Romance Options and Queer Game Narrative,Monster Prom,2018,https://lgbtqgamearchive.com/2019/05/01/romance-options-and-queer-game-narrative-in-monster-prom,Romance Options and Queer Game Narrative in Monster Prom,2010s; Games by Decade; Optional Relationship; Queer Game/Narrative; Relationships/Romance/Sex,non_character_reference,no,non_character_reference,"In Monster Prom, there are multiple orgy endings, one having specified characters with specified genders, and the rest having mostly untold characters and genders. Because of this, a lot of queer relationships may be taking place actively outside of the player character’s interactions with the NPCs. The player character is also able to romance any available NPC regardless of character gender or pronouns. Because of this, in addition to characters being specifically queer, the game has been categorized as having a queer game narrative. LGBTQ References in this game : Damien Faith Polly Pronouns Romance Options and Queer Game Narrative Slayer Yaoi Mentions Zoe Citations: ORGY. (n.d.). Retrieved from https://monster-prom.fandom.com/wiki/ORGY",,2026-08-22
Slayer,Monster Prom,2018,https://lgbtqgamearchive.com/2019/05/01/the-slayer-in-monster-prom,The Slayer in Monster Prom,2010s; Bisexual; Bisexual (explicit); Characters; Games by Decade; Optional Relationship; Queer Women; Relationships/Romance/Sex,character_candidate,yes,already_registered,"Image Credit: Retrieved from https://monster-prom.fandom.com/wiki/The_Slayer The Slayer is one of the NPCs in both Monster Prom ‘s base game and add-on content. In Monster Prom: Second Term , the add-on content to the base game, the player may choose to take her to the Prom through her secret ending. If the player reveals Damien’s and Liam’s weaknesses to her, there’s a possibility of ending text that mentions her having an awkward threesome with the two. Also in the add-on content to the base game, there’s a conversation where Slayer will mention that she “might have a crush on one or more of them” when talking to Zoe, Liam, and Damien. She also says that Zoe looks “hot” in one event. This has led us to categorize her as explicitly bisexual. LGBTQ References in this game : Damien Faith Polly Pronouns Romance Options and Queer Game Narrative Slayer Yaoi Mentions Zoe Citations: The Slayer",,2026-08-22
Yaoi Mentions,Monster Prom,2018,https://lgbtqgamearchive.com/2019/04/30/yaoi-mentions-in-monster-prom,Yaoi Mentions in Monster Prom,2010s; Characters; Games by Decade; Mentions; Mentions (explicit); Queer Men,non_character_reference,no,non_character_reference,"In Monster Prom , there are multiple mentions of yaoi, including a path the player can take with Liam de Lioncourt, one of the six main romanceable characters in the base game. The ending involves Liam growing an obsession with reading and creating yaoi. The player character is also caught drawing yaoi in a few random events within the game. LGBTQ References in this game : Damien Faith Polly Pronouns Romance Options and Queer Game Narrative Slayer Yaoi Mentions Zoe Citations: Secret Endings. (n.d.). Retrieved from https://monster-prom.fandom.com/wiki/Secret_Endings#Liam",,2026-08-22
Zoe,Monster Prom,2018,https://lgbtqgamearchive.com/2019/05/01/zoe-in-monster-prom,Zoe in Monster Prom,2010s; Add on content; Asexual; Asexual (explicit); Characters; Games by Decade; Homophobia/Transphobia; Non-binary or genderqueer; Non-binary or Genderqueer (implicit); Optional Relationship; Queer Women; Relationships/Romance/Sex; Transgender; Transgender (explicit); Transphobia,character_candidate,yes,already_registered,"Zoe is one of the two new romanceable main NPCs added in Monster Prom: Second Term , add-on content to the base game. She appears in the base game, but more on her identity is elaborated in the add-on content. She’s a trans woman who used to be an ancient asexual deity who went by the pronouns, “it/its” (as confirmed here). She talks about transitioning, deadnames, and pronouns throughout various events in the story, in addition to facing transphobia from certain characters, and one of her secret endings revolves around her learning to love herself and her identity while receiving support from her friends who love her. LGBTQ References in this game : Damien Faith Polly Pronouns Romance Options and Queer Game Narrative Slayer Yaoi Mentions Zoe Citations: Monsterprom. (2018, June 9). I mean, she used to be an ancient asexual deity (using “it”) that now identifies as female, and so I guess ",,2026-08-22
Alice Emilia Devonfort,Moonrise,2019,https://lgbtqgamearchive.com/?p=11757,Alice Emilia Devonfort in Moonrise,2010s; Bisexual; Bisexual (explicit); Demisexual; Demisexual (explicit); Games by Decade; Queer Women,character_candidate,yes,already_registered,"In-Game screenshot submitted by Developer, Natalie Cannon Alice changed the player character into a werewolf in Moonrise . She is a young, black, demisexual, and bisexual woman, though her bisexuality is only revealed during certain choices. It is implied she is also British. Still in secondary school, Alice is desperate, and she turns to the player character for help. The player character can choose whether or not to provide Alice safe harbor. Alice’s past is very mysterious and a tertiary plot thread of the game. Alice is a werewolf with little loyalty to the Masquerade or the Rogue factions, and she follows whichever faction the player chooses. Her presence as a character is partially inspired by the daughter character Amanda in Dream Daddy: A Dad Dating Simulator. LGBTQ References in this game : Alice Emilia Devonfort Chika Itou Ishara Player Character Queer Game Narrative Rosario de",,2026-08-22
atsuo,Cursed Elements,2019,https://lgbtqgamearchive.com/2020/08/05/satsuo-in-cursed-elements,Satsuo in Cursed Elements,2010s; Characters; Gay; Gay (explicit); Playable Character; Queer Men,character_candidate,yes,already_registered,"In Cursed Elements , Satsuo is the only Elf living on the continent of Aacheron. Kidnapped by Evoni at the Matriarch’s request, he soon finds himself in a difficult situation where she forces him to become her concubine. Disclosing his orientation to the Matriarch doesn’t help Satsuo, other than getting him thrown in jail once she’s done with him. Fortunately for Satsuo, he’s soon to be rescued by a knight in not-so-shining armour, and they may just have a lot of chemistry… LGBTQ References in this demo : Satsuo Budding M/M Romance Citations: Sparrow Dearden, author and developer of Cursed Elements.",,2026-08-22
Bloodhound,Apex Legends,2019,https://lgbtqgamearchive.com/2019/05/08/bloodhound-in-apex-legends,Bloodhound in Apex Legends,2010s; Characters; Games by Decade; Non-binary or genderqueer; Non-binary or Genderqueer (explicit); Playable Character,character_candidate,yes,already_registered,"Image Credit: https://apexlegends.gamepedia.com/Bloodhound Bloodhound is one of nine playable Legends in Apex Legends , and according to their official bio, goes by they/them pronouns. The bio says the following: Bloodhound is known across the Outlands as one of the greatest game hunters the Frontier has ever seen – and that’s about all anyone knows. Their identity is a mystery wrapped in layers of rumors: they are fabulously wealthy, a bloodthirsty murderer, a Goliath whisperer, a former slave, half bat, and a dozen other things depending on who’s doing the whispering. All anyone truly knows is that Bloodhound is a force to be reckoned with in the Apex Games. Bloodhound’s unparalleled tracking skills are a boon to any team they join, helping them root out hidden opponents and tracking the enemy’s movements. Calling on Earth’s Old Norse Gods to guide them, Bloodhound believes that destin",,2026-08-22
Budding M/M Romance,Cursed Elements,2019,https://lgbtqgamearchive.com/2020/08/05/budding-m-m-romance-in-cursed-elements,Budding M/M Romance in Cursed Elements,2010s; Characters; Gay; Gay (explicit); Playable Character; Queer Men,character_candidate,no,needs_character_review,"As Cursed Elements goes on, a romance will begin to develop between Satsuo and Panther. The screenshot above is just one example of the growing affection that Panther, whose orientation is not disclosed in dialogue, has for Satsuo. This is the only gay relationship between party members featured in the demo version of the game, but the finished version will have another. LGBTQ References in this demo : Satsuo Budding M/M Romance Citations: Sparrow Dearden, author and developer of Cursed Elements.",,2026-08-22
Chika Itou,Moonrise,2019,https://lgbtqgamearchive.com/?p=11763,Chika Itou in Moonrise,2010s; Characters; Games by Decade; Lesbian; Lesbian (explicit); Optional Relationship; Queer Women; Relationships/Romance/Sex,character_candidate,yes,already_registered,"In-Game screenshot submitted by Developer, Natalie Cannon Chika is a fellow werewolf in Moonrise . She is a romanceable cis lesbian character, and it is implied she is Japanese. As the leader of the Rogue faction and the top student in the player character’s medical internship, Chika has a lot on her plate. Other characters describe her as cold and beautiful, if a not a bit eerie. Yet there’s some hints at deep emotion under her icy mask. Chika’s character pays homage to many tropes of manga, particularly yuri. Her looks, tsundere attitude, and intense personality draw from the character Sachiko Ogasawara in Maria Watches Over Us (Maria-sama ga Miteru) series by Oyuki Konno and Reine Hibiki as well as the character of Mistress Kikyo in Rumiko Takahashi’s Inuyasha. LGBTQ References in this game : Alice Emilia Devonfort Chika Itou Ishara Player Character Queer Game Narrative Rosario de la ",,2026-08-22
Futa “Pewter” Amanoma and Renju Okiura,AI: The Somnium Files,2019,https://lgbtqgamearchive.com/?p=12573,Futa “Pewter” Amanoma and Renju Okiura in AI: The Somnium Files,2010s; Bisexual; Bisexual (explicit); Characters; Games by Decade; Gay; Gay (explicit); Queer Men,character_candidate,yes,already_registered,"Image Credit: Retrieved from https://somniumfiles.fandom.com/wiki/Pewter Image Credit: Retrieved from https://somniumfiles.fandom.com/wiki/Renju_Okiura Futa Amanoma (known mostly as Pewter in-game) and Renju Okiura are two NPCs who are in a relationship during the game’s events. Pewter is a detective and scientist working with ABIS, also being the inventor of the Psync system. Renju is the President of Lemniscate and owner of Sunfish Pocket. He is also the ex-husband of Shoko Nadami, the first victim of the New Cyclops Serial Killings the game’s story centers around. Pewter and Renju’s relationship is revealed to players who play through multiple routes, as it is revealed that Renju’s lover gave him his watch (found here at 24:25), and it is revealed that Pewter is the one who gave him it (found here at 51:05). An additional scene has Pewter confirming it himself and saying that Renju wa",,2026-08-22
Gibraltar,Apex Legends,2019,https://lgbtqgamearchive.com/2019/05/08/gibraltar-in-apex-legends,Gibraltar in Apex Legends,2010s; Characters; Games by Decade; Gay; Gay (explicit); Playable Character; Queer Men,character_candidate,yes,already_registered,"Gibraltar is one of nine playable Legends in Apex Legends , and according to his official bio, he has a boyfriend. The bio says the following: Gibraltar is a gentle giant with a wild side. The son of two SARAS (Search and Rescue Association of Solace) volunteers, he has always been skilled at getting others out of dangerous situations that are common in the Outlands. However, he only began to understand the value of protecting others when he and his boyfriend stole his father’s motorcycle, took it on a joyride, and got trapped by a deadly mudslide. His parents saved them, and his father lost an arm in the process. Gibraltar has never forgotten that sacrifice and has devoted his life to helping those in need. The Apex Games didn’t change that, but they changed what it meant. Many of Gibraltar’s friends and colleagues have competed in the Games for extra money, fame, and glory over the yea",,2026-08-22
Ishara,Moonrise,2019,https://lgbtqgamearchive.com/?p=11767,Ishara in Moonrise,2010s; Characters; Games by Decade; Gender non-conforming; Lesbian; Lesbian (explicit); Optional Relationship; Queer Women; Relationships/Romance/Sex; Transgender; Transgender (explicit),character_candidate,yes,already_registered,"In-Game screenshot submitted by Developer, Natalie Cannon Ishara is a werewolf with the seeming powers of a god in Moonrise . She is a romanceable butch trans lesbian character, and the game states she is black and Jewish. Depending on the player’s choices, it can be revealed how she lost her arm. Other characters describe Ishara as the most beautiful person they’ve ever seen as well as the most powerful. Over different runs of the game, Ishara uses her powers differently, but in all scenarios it is noted that she puts the “super” in supernatural. It is almost impossible to comprehend her true might, and an attempt can have disastrous results. In contrast, Ishara’s personality is very human: she is kind, motherly, and emotive. Struck by wanderlust, she loves traveling, hearing stories, and laughing at jokes. Her werewolf form is even bipedal. In an homage to the werewolves of tabletop ga",,2026-08-22
Mama,AI: The Somnium Files,2019,https://lgbtqgamearchive.com/?p=12575,Mama in AI: The Somnium Files,2010s; Characters; Games by Decade; Homophobia/Transphobia; Locations; Locations (explicit); Non-binary or genderqueer; Non-binary or Genderqueer (explicit); Transphobia,non_character_reference,no,non_character_reference,"Image Credit: Retrieved from https://somniumfiles.fandom.com/wiki/Mama Mama is the hostess of a gay bar called Marble and works as an informant for Kaname Date. She was amab (assigned male at birth) but In the game’s English bio for her, her gender is identified as Gender Neutral and she uses she/her pronouns throughout the game. Although the characters in-game respect her pronouns, Date makes multiple jokes to himself and Aiba about her being a woman throughout the game. She is also said to be very involved with LGBT groups. Although it is unclear if she is meant to be portrayed as a drag queen or as identifying as gender neutral (or both), because the game lists her gender as such, we have classified her as Non-binary or genderqueer explicit. LGBTQ References in this game : Futa “Pewter” Amanoma and Renju Okiura Mama Mentions of the LGBT Community Citations: Various. (n.d.). Mama. Retr",,2026-08-22
Mentions of the LGBT Community,AI: The Somnium Files,2019,https://lgbtqgamearchive.com/?p=12577,Mentions of the LGBT Community in AI: The Somnium Files,2010s; Games by Decade; Mentions; Mentions (explicit),needs_unit_review,no,needs_unit_review,"Image Credit: Screenshot retrieved from https://www.youtube.com/watch?v=T6CbcDIlfhw In AI: The Somnium Files, Mizuki Okiura has a brief monologue response to an optional dialogue choice about the LGBT community. The monologue response can be seen here, where she talks very positively about the LGBT community. This drew the ire of people online (seen in the comments of the YouTube video above, as well as the Twitter thread linked in the Reddit thread below), believing the game was forcing this dialogue and forcing a certain “agenda,” as well as claims that this may have only been added in localization. In a reddit thread, it was proved that this dialogue is the same in both the English and Japanese versions. LGBTQ References in this game : Futa “Pewter” Amanoma and Renju Okiura Mama Mentions of the LGBT Community Citations: DrCullenPHD. (2019, September 17). For anyone going “Hey did the ",,2026-08-22
Player Character,Moonrise,2019,https://lgbtqgamearchive.com/?p=11772,Player Character in Moonrise,2010s; Actions; Games by Decade; Non-binary Gender Customization; Playable Character,non_character_reference,no,non_character_reference,"In-Game screenshot submitted by Developer, Natalie Cannon In-Game screenshot submitted by Developer, Natalie Cannon In-Game screenshot submitted by Developer, Natalie Cannon The player character is the protagonist of Moonrise and under the control of the player. Before the werewolf bite, the character had their own life, which the player can choose to continue or break away from. At the beginning of the game, the character lives in a city apartment with their best friend Rosario and are in their first year medical internship after graduating medical school with top honors. Depending on their choices, the player can learn more about the character’s personality and past. Much about the player character is determined by the player, including specific sexuality. They have no default physical description. The text at the beginning of the game implies that the werewolf is taking over a malleab",,2026-08-22
Queer Game Narrative,Do I Pass?,2019,https://lgbtqgamearchive.com/?p=12146,Queer Game Narrative in Do I Pass?,2010s; Characters; Games by Decade; Homophobia/Transphobia; Playable Character; Queer Game/Narrative; Transgender; Transgender (explicit); Transphobia,non_character_reference,no,non_character_reference,"Image Credit: Retrieved from https://taylormccue.itch.io/do-i-pass “Do I Pass” is about a trans woman casting a simple spell to find out if she passes while taking the bus home. She leaves her body as a ghost and reads people’s minds to find out what they’re thinking. There are three possible endings where she either is misgendered, passes, or isn’t gendered by anyone. LGBTQ References in this game : Queer Game Narrative Citations: McCue, T. (2019). Do I Pass? by Taylor McCue. Retrieved from https://taylormccue.itch.io/do-i-pass",,2026-08-22
Queer Game Narrative,Moonrise,2019,https://lgbtqgamearchive.com/?p=11753,Queer Game Narrative in Moonrise,2010s; Actions; Aromantic; Aromantic (explicit); Bisexual; Bisexual (explicit); Characters; Demisexual; Demisexual (explicit); Games by Decade; Gay; Gay (explicit); Gender non-conforming; Lesbian; Lesbian (explicit); Non-binary Gender Customization; Non-binary or genderqueer; Non-binary or Genderqueer (explicit); Optional Relationship; Pansexual; Pansexual (explicit); Playable Character; Queer Game/Narrative; Queer Men; Queer Women; Relationships/Romance/Sex; Transgender; Transgender (explicit),non_character_reference,no,non_character_reference,"Image Credit: Submitted by Developer – Yacky Arts (@el_l3cher0) Moonrise is a 49,000-word urban fantasy interactive novel by Natalie Cannon. Created by a queer woman and made for queer women and femme nonbinary folk, this supernatural celebration of queer femininity takes the player into the darkness and lets them own it. As the newest werewolf in town, the player character can use their compassion and sense of responsibility to make connections and fall in love. Or use their newfound fangs and claws to rip, shred, and tear through their problems. With three unique endings, the player decides whether this is the start of a satisfying, shape-shifting life full of romance, or the blood-soaked birth of a new deity of the forest. The player character can use she/her or they/them pronouns and has the option to state whether they are cis or trans. A trans player character unlocks unique dialog",,2026-08-22
Rosario de la Cruz,Moonrise,2019,https://lgbtqgamearchive.com/?p=11777,Rosario de la Cruz in Moonrise,2010s; Characters; Games by Decade; Non-binary or genderqueer; Non-binary or Genderqueer (explicit); Optional Relationship; Pansexual; Pansexual (explicit); Relationships/Romance/Sex,character_candidate,yes,already_registered,"In-Game screenshot submitted by Developer, Natalie Cannon Rosario is the player character’s best friend in Moonrise . They are a romanceable nonbinary pansexual person, and the game implies they are Mexican-American. Flamboyant and cheerful, Rosario has known the player character since undergrad, and the pair share a deep bond of friendship. Rosario is a writer, heartbreaker, and partier, happy to experience everything life has to offer. It is implied they have a rich dating history of men, women, and those who are neither. It is common in media for nonbinary characters to not be human, but instead aliens, robots, monsters etc. In an intentional reversal of this trope, Rosario remains human throughout the game. LGBTQ References in this game : Alice Emilia Devonfort Chika Itou Ishara Player Character Queer Game Narrative Rosario de la Cruz Citations: Write up of game provided by Natalie C",,2026-08-22
