game_title,release_year,represent_me_url,representation_tags,review_reason
1954 Alcatraz,2014,https://representme.charity/projects/queer/database/title/-alcatraz,Bisexual / plurisexual; Gay; Trans woman,no_explicit_named_character_pattern
8=D~<3,2016,https://representme.charity/projects/queer/database/title/-d-,Gay; Polyamory,no_explicit_named_character_pattern
30 Days Until Wedding Bells,2019,https://representme.charity/projects/queer/database/title/-days-until-wedding-bells,Asexual / aromantic; Trans woman,no_explicit_named_character_pattern
404 Error: Connection Not Found,2017,https://representme.charity/projects/queer/database/title/-error-connection-not-found,Gay,no_explicit_named_character_pattern
[redacted] Life,2016,https://representme.charity/projects/queer/database/title/-redacted-life,Nonbinary / non-conforming,no_explicit_named_character_pattern
7th Dragon III Code: VFD,2015,https://representme.charity/projects/queer/database/title/-th-dragon-iii-code-vfd,Nonbinary / non-conforming; Playersexual; Polyamory; Gay; Lesbian,no_explicit_named_character_pattern
3DXChat,2012,https://representme.charity/projects/queer/database/title/3dx-chat,Playersexual; Polyamory; Other,no_explicit_named_character_pattern
7 Sins,2005,https://representme.charity/projects/queer/database/title/7-sins,Playersexual; Polyamory; Gay; Trans woman; Trans man,no_explicit_named_character_pattern
80 Days,2014,https://representme.charity/projects/queer/database/title/80-days,Playersexual; Gay,no_explicit_named_character_pattern
A Cat With No Tail,2016,https://representme.charity/projects/queer/database/title/a-cat-with-no-tail,Lesbian,no_explicit_named_character_pattern
A Closed World,2011,https://representme.charity/projects/queer/database/title/a-closed-world,Other,no_explicit_named_character_pattern
a Fairy special night,2017,https://representme.charity/projects/queer/database/title/a-fairy-special-night,Gay,no_explicit_named_character_pattern
A Fine Night,2018,https://representme.charity/projects/queer/database/title/a-fine-night,Bisexual / plurisexual; Polyamory; Asexual / aromantic; Nonbinary / non-conforming,no_explicit_named_character_pattern
A Foretold Affair,2017,https://representme.charity/projects/queer/database/title/a-foretold-affair,Nonbinary / non-conforming,no_explicit_named_character_pattern
A Game About Ants,2018,https://representme.charity/projects/queer/database/title/a-game-about-ants,Lesbian,no_explicit_named_character_pattern
A Gay's Life,2019,https://representme.charity/projects/queer/database/title/a-gay-s-life,Gay,no_explicit_named_character_pattern
A Good Snowman is Hard to Build,2015,https://representme.charity/projects/queer/database/title/a-good-snowman-is-hard-to-build,Cross-dressing; Nonbinary / non-conforming,no_explicit_named_character_pattern
A Hand in the Darkness,2017,https://representme.charity/projects/queer/database/title/a-hand-in-the-darkness,Gay,no_explicit_named_character_pattern
A House of Many Doors,2017,https://representme.charity/projects/queer/database/title/a-house-of-many-doors,Nonbinary / non-conforming; Gay; Lesbian; Playersexual; Bisexual / plurisexual,no_explicit_named_character_pattern
A Little Lily Princess,2016,https://representme.charity/projects/queer/database/title/a-little-lily-princess,Lesbian,no_explicit_named_character_pattern
A Matter of Dosage,2019,https://representme.charity/projects/queer/database/title/a-matter-of-dosage,Bisexual / plurisexual; Asexual / aromantic; Lesbian; Nonbinary / non-conforming; Polyamory,no_explicit_named_character_pattern
A Meadow of Opal,2017,https://representme.charity/projects/queer/database/title/a-meadow-of-opal,Nonbinary / non-conforming; Gay; Lesbian; Trans man; Trans woman,no_explicit_named_character_pattern
A Midsummer Day's Resonance,2005,https://representme.charity/projects/queer/database/title/a-midsummer-days-resonance,Lesbian,no_explicit_named_character_pattern
A Moment Between Us,2018,https://representme.charity/projects/queer/database/title/a-moment-between-us,Trans woman,no_explicit_named_character_pattern
A Mortician's Tale,2017,https://representme.charity/projects/queer/database/title/a-mortician-s-tale,Bisexual / plurisexual; Lesbian; Gay; Intersex; Nonbinary / non-conforming; Trans man; Trans woman,no_explicit_named_character_pattern
a new life,2020,https://representme.charity/projects/queer/database/title/a-new-life,Lesbian; Trans woman,no_explicit_named_character_pattern
A Nice Date,2018,https://representme.charity/projects/queer/database/title/a-nice-date,Lesbian,no_explicit_named_character_pattern
A Night Out,2018,https://representme.charity/projects/queer/database/title/a-night-out,Trans woman,no_explicit_named_character_pattern
A Normal Lost Phone,2017,https://representme.charity/projects/queer/database/title/a-normal-lost-phone,Bisexual / plurisexual; Trans woman; Trans man,no_explicit_named_character_pattern
A Paralogue Between Girls,2016,https://representme.charity/projects/queer/database/title/a-paralogue-between-girls,Lesbian; Bisexual / plurisexual,no_explicit_named_character_pattern
A Place to Fuck Each Other,2014,https://representme.charity/projects/queer/database/title/a-place-to-fuck-each-other,Bisexual / plurisexual; Lesbian; Trans woman,no_explicit_named_character_pattern
A Real Game,2016,https://representme.charity/projects/queer/database/title/a-real-game,Other,no_explicit_named_character_pattern
A Slow Ride,2018,https://representme.charity/projects/queer/database/title/a-slow-ride,Asexual / aromantic,no_explicit_named_character_pattern
A Small Encounter,2017,https://representme.charity/projects/queer/database/title/a-small-encounter,Lesbian,no_explicit_named_character_pattern
A Smashing Day Out,2009,https://representme.charity/projects/queer/database/title/a-smashing-day-out,Gay,no_explicit_named_character_pattern
A Tavern For Tea,2019,https://representme.charity/projects/queer/database/title/a-tavern-for-tea,Gay,no_explicit_named_character_pattern
"A Werewolf Opportunity, Obviously",2018,https://representme.charity/projects/queer/database/title/a-werewolf-opportunity-obviously,Gay,no_explicit_named_character_pattern
A Wild Catgirl Appears,2016,https://representme.charity/projects/queer/database/title/a-wild-catgirl-appears,Lesbian,no_explicit_named_character_pattern
Abducted,2019,https://representme.charity/projects/queer/database/title/abducted,Gay; Lesbian; Bisexual / plurisexual,no_explicit_named_character_pattern
Aberrant,1999,https://representme.charity/projects/queer/database/title/aberrant,Gay,no_explicit_named_character_pattern
Abigail,2010,https://representme.charity/projects/queer/database/title/abigail,Lesbian,no_explicit_named_character_pattern
Acceptance,2015,https://representme.charity/projects/queer/database/title/acceptance,Trans woman; Trans man,no_explicit_named_character_pattern
Ace Attorney series,2001 – 2016,https://representme.charity/projects/queer/database/title/ace-attorney,Cross-dressing; Gay; Lesbian; Nonbinary / non-conforming,aggregate_page_requires_game_version
Ace Baker,2018,https://representme.charity/projects/queer/database/title/ace-baker,Asexual / aromantic,no_explicit_named_character_pattern
Ace Mage: Through a Desert,2018,https://representme.charity/projects/queer/database/title/ace-mage-through-a-desert,Asexual / aromantic,no_explicit_named_character_pattern
Ace of Hearts,2019,https://representme.charity/projects/queer/database/title/ace-of-hearts,Asexual / aromantic; Lesbian,no_explicit_named_character_pattern
Ace Systems Go!,2019,https://representme.charity/projects/queer/database/title/ace-systems-go-,Asexual / aromantic; Polyamory; Bisexual / plurisexual; Other,no_explicit_named_character_pattern
Ace Trolley Pilot,2019,https://representme.charity/projects/queer/database/title/ace-trolley-pilot,Asexual / aromantic,no_explicit_named_character_pattern
Acetone,2018,https://representme.charity/projects/queer/database/title/acetone,Asexual / aromantic,no_explicit_named_character_pattern
Acetylene,2019,https://representme.charity/projects/queer/database/title/acetylene,Asexual / aromantic; Gay; Nonbinary / non-conforming; Other,no_explicit_named_character_pattern
Action! Regroup! Move!,2017,https://representme.charity/projects/queer/database/title/action-regroup-move-,Other,no_explicit_named_character_pattern
Adventures of Bertram Fiddle,2017,https://representme.charity/projects/queer/database/title/adventures-of-bertram-fiddle,Gay,no_explicit_named_character_pattern
Adventures with Anxiety!,2019,https://representme.charity/projects/queer/database/title/adventures-with-anxiety,Nonbinary / non-conforming,no_explicit_named_character_pattern
Aerannis,2015,https://representme.charity/projects/queer/database/title/aerannis,Trans woman,no_explicit_named_character_pattern
After the Bell Rings,2015,https://representme.charity/projects/queer/database/title/after-the-bell-rings,Lesbian,no_explicit_named_character_pattern
AGORA,2016,https://representme.charity/projects/queer/database/title/agora,Other,no_explicit_named_character_pattern
AIRIS,2017,https://representme.charity/projects/queer/database/title/airis,Lesbian; Nonbinary / non-conforming,no_explicit_named_character_pattern
Alexa's Wild Night,2017,https://representme.charity/projects/queer/database/title/alexa-s-wild-night,Lesbian,no_explicit_named_character_pattern
Alice in Stardom,2019,https://representme.charity/projects/queer/database/title/alice-in-stardom,Lesbian,no_explicit_named_character_pattern
All That I Touch,2017,https://representme.charity/projects/queer/database/title/all-that-i-touch,Other,no_explicit_named_character_pattern
All Tomorrow’s Parties,2016,https://representme.charity/projects/queer/database/title/all-tomorrow-s-parties,Nonbinary / non-conforming; Trans woman; Other,no_explicit_named_character_pattern
All Walls Must fall,2017,https://representme.charity/projects/queer/database/title/all-walls-must-fall,Gay; Other,no_explicit_named_character_pattern
Alone With You,2016,https://representme.charity/projects/queer/database/title/alone-with-you,Nonbinary / non-conforming; Playersexual,no_explicit_named_character_pattern
Always Sometimes Monsters,2014,https://representme.charity/projects/queer/database/title/always-sometimes-monsters,Playersexual,no_explicit_named_character_pattern
Always the Same Blue Sky,2015,https://representme.charity/projects/queer/database/title/always-the-same-blue-sky,Lesbian,no_explicit_named_character_pattern
Amaranto,2008,https://representme.charity/projects/queer/database/title/amaranto,Lesbian,no_explicit_named_character_pattern
Amber's Magic Shop,2017,https://representme.charity/projects/queer/database/title/amber-s-magic-shop,Playersexual; Lesbian,no_explicit_named_character_pattern
Amorous,2018,https://representme.charity/projects/queer/database/title/amorous,Playersexual,no_explicit_named_character_pattern
An Escort Mission,2015,https://representme.charity/projects/queer/database/title/an-escort-mission,Lesbian,no_explicit_named_character_pattern
Anaheim Girl's Love Story,2009,https://representme.charity/projects/queer/database/title/anaheim-girls-love-story,Lesbian,no_explicit_named_character_pattern
Analogue: A Hate Story (and Hate Plus),2012 – 2013,https://representme.charity/projects/queer/database/title/analogue-a-hate-story,Nonbinary / non-conforming; Playersexual; Bisexual / plurisexual,no_explicit_named_character_pattern
Ancestree,2017,https://representme.charity/projects/queer/database/title/ancestree,Bisexual / plurisexual; Gay; Lesbian; Polyamory,no_explicit_named_character_pattern
And Nothing Was Wrong,2019,https://representme.charity/projects/queer/database/title/and-nothing-was-wrong,Trans woman,no_explicit_named_character_pattern
Angels with Scaly Wings,2017,https://representme.charity/projects/queer/database/title/angels-with-scaly-wings,Bisexual / plurisexual; Nonbinary / non-conforming,no_explicit_named_character_pattern
Animal Boyfriend,2012,https://representme.charity/projects/queer/database/title/animal-boyfriend,Gay,no_explicit_named_character_pattern
Animal Crossing series,2001 – 2020,https://representme.charity/projects/queer/database/title/animal-crossing-series,Nonbinary / non-conforming; Cross-dressing; Playersexual; Gay,aggregate_page_requires_game_version
Animal Intern,2015,https://representme.charity/projects/queer/database/title/animal-intern,Nonbinary / non-conforming; Trans man; Trans woman,no_explicit_named_character_pattern
Animal Village,2016,https://representme.charity/projects/queer/database/title/animal-village,Nonbinary / non-conforming; Cross-dressing,no_explicit_named_character_pattern
Another Lost Phone: Laura's Story,2017,https://representme.charity/projects/queer/database/title/another-lost-phone-laura-s-story,Lesbian,no_explicit_named_character_pattern
Ante Holic,2018,https://representme.charity/projects/queer/database/title/ante-holic,Gay,no_explicit_named_character_pattern
Anthrotari,Not yet released,https://representme.charity/projects/queer/database/title/anthrotari,Other,no_explicit_named_character_pattern
Aoi Shiro,2008,https://representme.charity/projects/queer/database/title/aoi-shiro,Lesbian,no_explicit_named_character_pattern
Ape Escape series,1999 – 2010,https://representme.charity/projects/queer/database/title/ape-escape,Trans woman,aggregate_page_requires_game_version
Apex Legends,2019,https://representme.charity/projects/queer/database/title/apex-legends,Bisexual / plurisexual; Gay; Nonbinary / non-conforming,no_explicit_named_character_pattern
April Was a Fool,2015,https://representme.charity/projects/queer/database/title/april-was-a-fool,Lesbian; Playersexual,no_explicit_named_character_pattern
Arae: Requiem for a Lonely Spirit,2018,https://representme.charity/projects/queer/database/title/arae-requiem-for-a-lonely-spirit,Lesbian; Bisexual / plurisexual,no_explicit_named_character_pattern
Arcade Spirits,2018,https://representme.charity/projects/queer/database/title/arcade-spirits,Playersexual; Nonbinary / non-conforming; Asexual / aromantic; Gay; Bisexual / plurisexual,no_explicit_named_character_pattern
Arcana Heart 3,2015,https://representme.charity/projects/queer/database/title/arcana-heart-,Lesbian,no_explicit_named_character_pattern
Arcanum: Of Steamworks & Magick Obscura,2001,https://representme.charity/projects/queer/database/title/arcanum,Lesbian,no_explicit_named_character_pattern
Arena Circus,2016,https://representme.charity/projects/queer/database/title/arena-circus,Bisexual / plurisexual; Playersexual,no_explicit_named_character_pattern
Aria's Story,2018,https://representme.charity/projects/queer/database/title/aria-s-story,Lesbian,no_explicit_named_character_pattern
ARMBAR,2016,https://representme.charity/projects/queer/database/title/armbar,Lesbian; Trans woman; Bisexual / plurisexual,no_explicit_named_character_pattern
Artificial Academy,2014,https://representme.charity/projects/queer/database/title/artificial-academy,Playersexual; Asexual / aromantic; Bisexual / plurisexual; Gay; Lesbian; Trans woman; Trans man,no_explicit_named_character_pattern
As Cold As the Grave,2018,https://representme.charity/projects/queer/database/title/as-cold-as-the-grave,Asexual / aromantic; Bisexual / plurisexual; Lesbian; Playersexual,no_explicit_named_character_pattern
As We Know It,2019,https://representme.charity/projects/queer/database/title/as-we-know-it,Playersexual; Bisexual / plurisexual; Lesbian; Gay,no_explicit_named_character_pattern
Asphyxia,2015,https://representme.charity/projects/queer/database/title/asphyxia,Lesbian,no_explicit_named_character_pattern
Assassin's Creed series,2007 – 2015,https://representme.charity/projects/queer/database/title/assassins-creed-series,Bisexual / plurisexual; Gay; Lesbian; Playersexual; Trans man,aggregate_page_requires_game_version
Astoria: Fate's Kiss,2016,https://representme.charity/projects/queer/database/title/astoria,Bisexual / plurisexual; Asexual / aromantic; Gay; Lesbian; Nonbinary / non-conforming; Playersexual,no_explicit_named_character_pattern
Astronauts,2016,https://representme.charity/projects/queer/database/title/astronauts,Gay,no_explicit_named_character_pattern
At First Sight,2020,https://representme.charity/projects/queer/database/title/at-first-sight,Polyamory; Gay,no_explicit_named_character_pattern
At the Break of Dawn,2017,https://representme.charity/projects/queer/database/title/at-the-break-of-dawn,Lesbian,no_explicit_named_character_pattern
Atom Grrrl!!,2014,https://representme.charity/projects/queer/database/title/atom-grrrl,Lesbian,no_explicit_named_character_pattern
Attunement,2018,https://representme.charity/projects/queer/database/title/attunement,Asexual / aromantic,no_explicit_named_character_pattern
Autumn Leaves,2017,https://representme.charity/projects/queer/database/title/autumn-leaves,Gay; Nonbinary / non-conforming,no_explicit_named_character_pattern
Autumn Leaves II,2018,https://representme.charity/projects/queer/database/title/autumn-leaves-ii,Asexual / aromantic; Bisexual / plurisexual; Trans woman,no_explicit_named_character_pattern
Avalon Code,2009,https://representme.charity/projects/queer/database/title/avalon-code,Gay; Lesbian,no_explicit_named_character_pattern
Awkward,2018,https://representme.charity/projects/queer/database/title/awkward,Trans woman,no_explicit_named_character_pattern
Ayakashigami,2016,https://representme.charity/projects/queer/database/title/ayakashigami,Intersex,no_explicit_named_character_pattern
Back Door Man,2009,https://representme.charity/projects/queer/database/title/back-door-man,Bisexual / plurisexual; Gay,no_explicit_named_character_pattern
Backstage Pass,2014,https://representme.charity/projects/queer/database/title/backstage-pass,Asexual / aromantic,no_explicit_named_character_pattern
Bad Timing: A Romantic Comedy Fiasco Playset,2016,https://representme.charity/projects/queer/database/title/bad-timing-a-romantic-comedy-fiasco-playset,Playersexual,no_explicit_named_character_pattern
Bahamut Lagoon,1996,https://representme.charity/projects/queer/database/title/bahamut-lagoon,Playersexual; Gay,no_explicit_named_character_pattern
BAKED:MAGIC,2018,https://representme.charity/projects/queer/database/title/baked-magic,Lesbian,no_explicit_named_character_pattern
Baldur's Gate series,1998 – 2016,https://representme.charity/projects/queer/database/title/baldurs-gate-series,Playersexual; Bisexual / plurisexual; Trans woman,aggregate_page_requires_game_version
Baleen,2018,https://representme.charity/projects/queer/database/title/baleen,Asexual / aromantic,no_explicit_named_character_pattern
Banjo Tooie,2000,https://representme.charity/projects/queer/database/title/banjo-tooie,Cross-dressing; Trans woman; Gay,no_explicit_named_character_pattern
Barb,2017,https://representme.charity/projects/queer/database/title/barb,Trans woman,no_explicit_named_character_pattern
Bastard Bonds,2016,https://representme.charity/projects/queer/database/title/bastard-bonds,Playersexual; Gay,no_explicit_named_character_pattern
Baten Kaitos: Eternal Wings and the Lost Ocean,2006,https://representme.charity/projects/queer/database/title/baten-kaitos,Nonbinary / non-conforming,no_explicit_named_character_pattern
Battleborn,2016,https://representme.charity/projects/queer/database/title/battleborn,Asexual / aromantic; Bisexual / plurisexual; Gay; Lesbian; Other; Nonbinary / non-conforming; Trans man,no_explicit_named_character_pattern
Battletech,2018,https://representme.charity/projects/queer/database/title/battletech,Nonbinary / non-conforming,no_explicit_named_character_pattern
Be Witching,2015,https://representme.charity/projects/queer/database/title/be-witching,Other,no_explicit_named_character_pattern
Beach Bounce,2015,https://representme.charity/projects/queer/database/title/beach-bounce,Bisexual / plurisexual; Polyamory,no_explicit_named_character_pattern
Becoming Ourselves,2016,https://representme.charity/projects/queer/database/title/becoming-ourselves,Trans man; Trans woman,no_explicit_named_character_pattern
Bee-Side,2019,https://representme.charity/projects/queer/database/title/bee-side,Lesbian,no_explicit_named_character_pattern
Before they Leave,2017,https://representme.charity/projects/queer/database/title/before-they-leave,Lesbian,no_explicit_named_character_pattern
"Behind the Moon, Beyond the Rain",2016,https://representme.charity/projects/queer/database/title/behind-the-moon-beyond-the-rain,Lesbian,no_explicit_named_character_pattern
Behold the Kickmen,2017,https://representme.charity/projects/queer/database/title/behold-the-kickmen,Gay,no_explicit_named_character_pattern
Belladonna,2015,https://representme.charity/projects/queer/database/title/belladonna,Lesbian,no_explicit_named_character_pattern
Beloved,2011,https://representme.charity/projects/queer/database/title/beloved,Nonbinary / non-conforming,no_explicit_named_character_pattern
Benthic Love,2014,https://representme.charity/projects/queer/database/title/benthic-love,Playersexual,no_explicit_named_character_pattern
Besties,2015,https://representme.charity/projects/queer/database/title/besties,Lesbian,no_explicit_named_character_pattern
Beyond Eden,2017,https://representme.charity/projects/queer/database/title/beyond-eden,Gay,no_explicit_named_character_pattern
Big Bang Empire,2016,https://representme.charity/projects/queer/database/title/big-bang-empire,Playersexual,no_explicit_named_character_pattern
Bioshock series,2007 – 2013,https://representme.charity/projects/queer/database/title/bioshock,Trans woman; Trans man; Gay; Lesbian,aggregate_page_requires_game_version
Birdland,2015,https://representme.charity/projects/queer/database/title/birdland,Lesbian,no_explicit_named_character_pattern
Black Closet,2015,https://representme.charity/projects/queer/database/title/black-closet,Lesbian,no_explicit_named_character_pattern
Black Lillies,2017,https://representme.charity/projects/queer/database/title/black-lillies,Lesbian,no_explicit_named_character_pattern
Black Ring,2018,https://representme.charity/projects/queer/database/title/black-ring,Asexual / aromantic,no_explicit_named_character_pattern
Blackberry Honey,2017,https://representme.charity/projects/queer/database/title/blackberry-honey,Lesbian,no_explicit_named_character_pattern
Blackwell,2006 — 2014,https://representme.charity/projects/queer/database/title/blackwell,Bisexual / plurisexual; Gay,no_explicit_named_character_pattern
_Blank,2016,https://representme.charity/projects/queer/database/title/blank,Other,no_explicit_named_character_pattern
Blank Dream,2015,https://representme.charity/projects/queer/database/title/blank-dream,Lesbian,no_explicit_named_character_pattern
BlazBlue,2008 – 2015,https://representme.charity/projects/queer/database/title/blazblue,Gay; Lesbian,no_explicit_named_character_pattern
Blazing Dragons,1996,https://representme.charity/projects/queer/database/title/blazing-dragons,Gay,no_explicit_named_character_pattern
Blind Love,2015,https://representme.charity/projects/queer/database/title/blind-love,Gay,no_explicit_named_character_pattern
Blind Men,2017,https://representme.charity/projects/queer/database/title/blind-men,Gay,no_explicit_named_character_pattern
Bliss Stage,2011,https://representme.charity/projects/queer/database/title/bliss-stage,Other,no_explicit_named_character_pattern
Bloody Roar,1997,https://representme.charity/projects/queer/database/title/bloody-roar,Cross-dressing; Nonbinary / non-conforming; Other,no_explicit_named_character_pattern
Blooming Nightshade,2017,https://representme.charity/projects/queer/database/title/blooming-nightshade,Lesbian,no_explicit_named_character_pattern
Blooming Relations,2017,https://representme.charity/projects/queer/database/title/blooming-relations,Lesbian,no_explicit_named_character_pattern
Blossoming Love,2015,https://representme.charity/projects/queer/database/title/blossoming-love,Lesbian,no_explicit_named_character_pattern
Blossoms Bloom Brightest,2016,https://representme.charity/projects/queer/database/title/blossoms-bloom-brightest,Lesbian,no_explicit_named_character_pattern
Blue Lacuna,2010,https://representme.charity/projects/queer/database/title/blue-lacuna,Other,no_explicit_named_character_pattern
Blue Planet,1997,https://representme.charity/projects/queer/database/title/blue-planet,Other,no_explicit_named_character_pattern
Blue Reflection,2017,https://representme.charity/projects/queer/database/title/blue-reflection,Lesbian,no_explicit_named_character_pattern
Blue Rose,2013,https://representme.charity/projects/queer/database/title/blue-rose,Playersexual; Lesbian,no_explicit_named_character_pattern
Blue Rose,2005,https://representme.charity/projects/queer/database/title/blue-rose-ttrpg,Gay; Lesbian; Polyamory,no_explicit_named_character_pattern
BlueberryNOVA,2018,https://representme.charity/projects/queer/database/title/blueberrynova,Lesbian,no_explicit_named_character_pattern
Booty Calls: Men at Work,2019,https://representme.charity/projects/queer/database/title/booty-calls-men-at-work,Gay,no_explicit_named_character_pattern
Border of her Heart,2018,https://representme.charity/projects/queer/database/title/border-of-her-heart,Gay,no_explicit_named_character_pattern
Borderlands franchise,2009 – 2015,https://representme.charity/projects/queer/database/title/borderlands,Asexual / aromantic; Bisexual / plurisexual; Gay; Lesbian; Nonbinary / non-conforming,aggregate_page_requires_game_version
Bottoms Up,2018,https://representme.charity/projects/queer/database/title/bottoms-up,Bisexual / plurisexual; Cross-dressing; Gay; Lesbian; Nonbinary / non-conforming; Trans woman,no_explicit_named_character_pattern
Boy Crush,2017,https://representme.charity/projects/queer/database/title/boy-crush,Gay,no_explicit_named_character_pattern
Boyfriend Dungeon,Not yet released,https://representme.charity/projects/queer/database/title/boyfriend-dungeon,Playersexual; Nonbinary / non-conforming,no_explicit_named_character_pattern
Boys Love,2018,https://representme.charity/projects/queer/database/title/boys-love,Gay,no_explicit_named_character_pattern
Brassica: A Marry Tale,2018,https://representme.charity/projects/queer/database/title/brassica-a-marry-tale,Gay; Lesbian; Bisexual / plurisexual,no_explicit_named_character_pattern
Break Chance Memento,2016,https://representme.charity/projects/queer/database/title/break-chance-memento,Gay,no_explicit_named_character_pattern
Brilliant Shadows: Part One of the Book of Gray Magic,2015,https://representme.charity/projects/queer/database/title/brilliant-shadows,Lesbian,no_explicit_named_character_pattern
Britney Spears: American Dream,2016,https://representme.charity/projects/queer/database/title/britney-spears,Playersexual; Polyamory,no_explicit_named_character_pattern
Broken Folx,2015,https://representme.charity/projects/queer/database/title/broken-folx,Other,no_explicit_named_character_pattern
Broken Sword: The Angel of Death,2010,https://representme.charity/projects/queer/database/title/broken-sword,Gay,no_explicit_named_character_pattern
Buffy the Vampire Slayer,2000 - 2003,https://representme.charity/projects/queer/database/title/buffy-the-vampire-slayer,Lesbian,no_explicit_named_character_pattern
Bully,2006,https://representme.charity/projects/queer/database/title/bully,Playersexual; Gay,no_explicit_named_character_pattern
Bunnies and Burrows,1976,https://representme.charity/projects/queer/database/title/bunnies-and-burrows,Gay,no_explicit_named_character_pattern
Bust-a-Groove 2,1999,https://representme.charity/projects/queer/database/title/bust-a-groove-2,Gay,no_explicit_named_character_pattern
Bye Sex,2016,https://representme.charity/projects/queer/database/title/bye-sex,Other,no_explicit_named_character_pattern
C14 Dating,2016,https://representme.charity/projects/queer/database/title/c14-dating,Playersexual; Asexual / aromantic,no_explicit_named_character_pattern
Cafe Bouvardie,2019,https://representme.charity/projects/queer/database/title/cafe-bouvardie,Lesbian,no_explicit_named_character_pattern
Café Romantica,2017,https://representme.charity/projects/queer/database/title/cafe-romantica,Cross-dressing; Nonbinary / non-conforming; Polyamory,no_explicit_named_character_pattern
Cahors Sunset,2015,https://representme.charity/projects/queer/database/title/cahors-sunset,Lesbian,no_explicit_named_character_pattern
Call of Duty series,2003 – 2017,https://representme.charity/projects/queer/database/title/call-of-duty,Lesbian; Other,aggregate_page_requires_game_version
Camp Ravenrock,2017,https://representme.charity/projects/queer/database/title/camp-ravenrock,Lesbian; Other; Asexual / aromantic,no_explicit_named_character_pattern
can you say my name again,2017,https://representme.charity/projects/queer/database/title/can-you-say-my-name-again,Lesbian; Trans woman,no_explicit_named_character_pattern
Candice the Anglerfish,2019,https://representme.charity/projects/queer/database/title/candice-the-anglerfish,Asexual / aromantic; Bisexual / plurisexual; Lesbian,no_explicit_named_character_pattern
Caper in the Castro,1989,https://representme.charity/projects/queer/database/title/caper-in-the-castro,Lesbian; Cross-dressing; Gay; Nonbinary / non-conforming,no_explicit_named_character_pattern
Caramel Mokaccino,Not yet released,https://representme.charity/projects/queer/database/title/caramel-mokaccino,Bisexual / plurisexual; Other,no_explicit_named_character_pattern
Card City Nights,2014,https://representme.charity/projects/queer/database/title/card-city-nights,Playersexual,no_explicit_named_character_pattern
Cardinal Cross,2018,https://representme.charity/projects/queer/database/title/cardinal-cross,Bisexual / plurisexual; Gay; Lesbian,no_explicit_named_character_pattern
Carmilla - Make your destiny,2015,https://representme.charity/projects/queer/database/title/carmilla-make-your-destiny,Lesbian; Nonbinary / non-conforming,no_explicit_named_character_pattern
Castaway! Love's Adventure,2016,https://representme.charity/projects/queer/database/title/castaway-loves-adventure,Bisexual / plurisexual; Lesbian,no_explicit_named_character_pattern
Cat Girl,2017,https://representme.charity/projects/queer/database/title/cat-girl,Lesbian,no_explicit_named_character_pattern
Catch Canvas,2016,https://representme.charity/projects/queer/database/title/catch-canvas,Lesbian,no_explicit_named_character_pattern
Catherine,2011,https://representme.charity/projects/queer/database/title/catherine,Bisexual / plurisexual; Trans woman; Cross dressing; Gay,no_explicit_named_character_pattern
Cathy's Cafe,2016,https://representme.charity/projects/queer/database/title/cathy-s-cafe,Other,no_explicit_named_character_pattern
Cattails,2017,https://representme.charity/projects/queer/database/title/cattails,Nonbinary / non-conforming; Other,no_explicit_named_character_pattern
Celestial Bond: Chapter 0,2018,https://representme.charity/projects/queer/database/title/celestial-bond-chapter-,Lesbian,no_explicit_named_character_pattern
Central Casting: Heroes Now!,1991,https://representme.charity/projects/queer/database/title/central-casting-heroes-now-,Asexual / aromantic; Bisexual / plurisexual; Gay; Lesbian; Trans man; Trans woman,no_explicit_named_character_pattern
Ceress and Orea,2018,https://representme.charity/projects/queer/database/title/ceress-and-orea,Lesbian; Nonbinary / non-conforming,no_explicit_named_character_pattern
Cerulean Heart,2017,https://representme.charity/projects/queer/database/title/cerulean-heart,Gay,no_explicit_named_character_pattern
Changeling: The Dreaming,1995,https://representme.charity/projects/queer/database/title/changeling-the-dreaming,Other,no_explicit_named_character_pattern
Changing,2018,https://representme.charity/projects/queer/database/title/changing,Gay; Trans man,no_explicit_named_character_pattern
Chaotic Quartet,2018,https://representme.charity/projects/queer/database/title/chaotic-quartet,Lesbian,no_explicit_named_character_pattern
Charles 2.0,2019,https://representme.charity/projects/queer/database/title/charles-,Gay; Polyamory,no_explicit_named_character_pattern
Charming Monsters,2016,https://representme.charity/projects/queer/database/title/charming-monsters,Bisexual / plurisexual; Gay,no_explicit_named_character_pattern
Chasing the Stars,2019,https://representme.charity/projects/queer/database/title/chasing-the-stars,Gay,no_explicit_named_character_pattern
Chef's Quest,2016,https://representme.charity/projects/queer/database/title/chefs-quest,Gay; Lesbian,no_explicit_named_character_pattern
Chess of Blades,2017,https://representme.charity/projects/queer/database/title/chess-of-blades,Gay,no_explicit_named_character_pattern
Cho Aniki,1992,https://representme.charity/projects/queer/database/title/cho-aniki,Gay,no_explicit_named_character_pattern
Choice of Games (developer),N/A,https://representme.charity/projects/queer/database/title/choice-of-games,Asexual / aromantic; Playersexual; Nonbinary / non-conforming; Trans woman; Bisexual / plurisexual,aggregate_page_requires_game_version
Choices: Stories You Play (portal app),2016,https://representme.charity/projects/queer/database/title/choices,,no_explicit_named_character_pattern
Chook & Sosig series,2017 - 2019,https://representme.charity/projects/queer/database/title/chook-sosig,Nonbinary / non-conforming,aggregate_page_requires_game_version
Chronicles of a Dark Lord,2014,https://representme.charity/projects/queer/database/title/chronicles-of-a-dark-lord,Polyamory; Bisexual / plurisexual,no_explicit_named_character_pattern
Chrono Days Sim Date,2011,https://representme.charity/projects/queer/database/title/chrono-days-sim-date,Playersexual; Lesbian,no_explicit_named_character_pattern
Chrono Trigger,1995,https://representme.charity/projects/queer/database/title/chrono-trigger,Cross-dressing; Nonbinary / non-conforming; Other; Bisexual / plurisexual,no_explicit_named_character_pattern
Circuit's Edge,1990,https://representme.charity/projects/queer/database/title/circuits-edge,Gay; Lesbian; Trans woman,no_explicit_named_character_pattern
City of Love: Paris,2017,https://representme.charity/projects/queer/database/title/city-of-love-paris,Bisexual / plurisexual; Playersexual,no_explicit_named_character_pattern
Claire Chase: Love Struck,2017,https://representme.charity/projects/queer/database/title/claire-chase-love-struck,Lesbian,no_explicit_named_character_pattern
CLANNAD,2015,https://representme.charity/projects/queer/database/title/clannad,Gay; Playersexual; Nonbinary / non-conforming,no_explicit_named_character_pattern
Clarity in Qualia,2018,https://representme.charity/projects/queer/database/title/clarity-in-qualia,Gay,no_explicit_named_character_pattern
Clive Barker's Jericho,2007,https://representme.charity/projects/queer/database/title/clive-barkers-jericho,Lesbian,no_explicit_named_character_pattern
Cobra Club,2015,https://representme.charity/projects/queer/database/title/cobra-club,Gay,no_explicit_named_character_pattern
Cockville,2018,https://representme.charity/projects/queer/database/title/cockville,Gay,no_explicit_named_character_pattern
Coffee Talk,2020,https://representme.charity/projects/queer/database/title/coffee-talk,Nonbinary / non-conforming,no_explicit_named_character_pattern
Coffin of Ashes,2016,https://representme.charity/projects/queer/database/title/coffin-of-ashes,Lesbian,no_explicit_named_character_pattern
College Days,2017,https://representme.charity/projects/queer/database/title/college-days,Nonbinary / non-conforming; Playersexual,no_explicit_named_character_pattern
Color Me Proud,2017,https://representme.charity/projects/queer/database/title/color-me-proud,Other,no_explicit_named_character_pattern
Colorful Monochrome,2018,https://representme.charity/projects/queer/database/title/colorful-monochrome,Trans man; Nonbinary / non-conforming,no_explicit_named_character_pattern
Come for a Drink,2018,https://representme.charity/projects/queer/database/title/come-for-a-drink,Gay,no_explicit_named_character_pattern
Comfort and Warmth,2016,https://representme.charity/projects/queer/database/title/comfort-and-warmth,Other,no_explicit_named_character_pattern
Coming Out On Top,2015,https://representme.charity/projects/queer/database/title/coming-out-on-top,Gay,no_explicit_named_character_pattern
Coming Out Party,2016,https://representme.charity/projects/queer/database/title/coming-out-party,Nonbinary / non-conforming,no_explicit_named_character_pattern
Coming Out Simulator,2014,https://representme.charity/projects/queer/database/title/coming-out-simulator,Other,no_explicit_named_character_pattern
Con Amore,2015,https://representme.charity/projects/queer/database/title/con-amore,Playersexual,no_explicit_named_character_pattern
Conker's Bad Fur Day,2001,https://representme.charity/projects/queer/database/title/conkers-bad-fur-day,Gay,no_explicit_named_character_pattern
Consentacle,2015,https://representme.charity/projects/queer/database/title/consentacle,Other,no_explicit_named_character_pattern
convergence,2017,https://representme.charity/projects/queer/database/title/convergence,Lesbian,no_explicit_named_character_pattern
Corona Borealis,2019,https://representme.charity/projects/queer/database/title/corona-borealis,Bisexual / plurisexual; Playersexual; Lesbian,no_explicit_named_character_pattern
Corruption of Champions,???,https://representme.charity/projects/queer/database/title/corruption-of-champions,Playersexual; Trans woman; Trans man; Gay,no_explicit_named_character_pattern
Cosplay Maker,2015,https://representme.charity/projects/queer/database/title/cosplay-maker,Lesbian,no_explicit_named_character_pattern
Costume Quest,2011,https://representme.charity/projects/queer/database/title/costume-quest,Gay,no_explicit_named_character_pattern
Cowgirl Boots,2019,https://representme.charity/projects/queer/database/title/cowgirl-boots,Trans woman; Bisexual / plurisexual,no_explicit_named_character_pattern
Crash Bandicoot series,1996 – 2007,https://representme.charity/projects/queer/database/title/crash-bandicoot,Asexual / aromantic; Bisexual / plurisexual; Gay,aggregate_page_requires_game_version
Criminal Case: Pacific Bay,2017,https://representme.charity/projects/queer/database/title/criminal-case-pacific-bay,Lesbian,no_explicit_named_character_pattern
Critical Hit,2016,https://representme.charity/projects/queer/database/title/critical-hit,Trans woman,no_explicit_named_character_pattern
Croixleur Sigma,2014,https://representme.charity/projects/queer/database/title/croixleur-sigma,Lesbian,no_explicit_named_character_pattern
Crook to Queen,2015,https://representme.charity/projects/queer/database/title/crook-to-queen,Lesbian,no_explicit_named_character_pattern
Cross Days,2010,https://representme.charity/projects/queer/database/title/cross-days,Lesbian,no_explicit_named_character_pattern
Cross Love,2018,https://representme.charity/projects/queer/database/title/cross-love,Cross-dressing; Gay; Trans man,no_explicit_named_character_pattern
Crossed Paths:Connected Worlds ~At First Sight~,2018,https://representme.charity/projects/queer/database/title/crossed-paths-connected-worlds-at-first-sight-,Lesbian,no_explicit_named_character_pattern
Crusader Kings II,2012,https://representme.charity/projects/queer/database/title/crusader-kings-ii,Gay; Lesbian,no_explicit_named_character_pattern
Crush Crush,2017,https://representme.charity/projects/queer/database/title/crush-crush,Lesbian; Playersexual,no_explicit_named_character_pattern
Crypt of the NecroDancer,2015,https://representme.charity/projects/queer/database/title/crypt-of-the-necrodancer,Nonbinary / non-conforming,no_explicit_named_character_pattern
Culina: Hands in the Kitchen,2016,https://representme.charity/projects/queer/database/title/culina-hands-in-the-kitchen,Playersexual,no_explicit_named_character_pattern
CUPID,2016,https://representme.charity/projects/queer/database/title/cupid,Lesbian,no_explicit_named_character_pattern
Cursed Lands,2018,https://representme.charity/projects/queer/database/title/cursed-lands,Gay; Bisexual / plurisexual,no_explicit_named_character_pattern
Curtain,2014,https://representme.charity/projects/queer/database/title/curtain,Lesbian,no_explicit_named_character_pattern
Cute Demon Crashers,2015,https://representme.charity/projects/queer/database/title/cute-demon-crashers,Asexual / aromantic; Bisexual / plurisexual; Lesbian; Polyamory,no_explicit_named_character_pattern
Cyberspace: Sprawlgangs & Megacorps,1990,https://representme.charity/projects/queer/database/title/cyberspace-sprawlgangs-megacorps,Gay,no_explicit_named_character_pattern
Cyperpunk 2020,1990,https://representme.charity/projects/queer/database/title/cyperpunk-,Playersexual,no_explicit_named_character_pattern
D8 NITE - a dead girl's dressup dilemma,2017,https://representme.charity/projects/queer/database/title/d-nite-a-dead-girl-s-dressup-dilemma,Lesbian,no_explicit_named_character_pattern
Daddy Lies,Not yet released,https://representme.charity/projects/queer/database/title/daddy-lies,Gay,no_explicit_named_character_pattern
Danganronpa series,2010 – 2015,https://representme.charity/projects/queer/database/title/danganronpa-series,Bisexual / plurisexual; Trans woman,aggregate_page_requires_game_version
Dark Lily,2017,https://representme.charity/projects/queer/database/title/dark-lily,Lesbian,no_explicit_named_character_pattern
Darkstalkers series,1994 – 2013,https://representme.charity/projects/queer/database/title/darkstalkers,Bisexual / plurisexual; Cross-dressing,aggregate_page_requires_game_version
Date Me Super Senpai,2017,https://representme.charity/projects/queer/database/title/date-me-super-senpai,Playersexual; Bisexual / plurisexual; Gay; Lesbian; Nonbinary / non-conforming; Polyamory; Trans man; Trans woman,no_explicit_named_character_pattern
Date or Die,Not yet released,https://representme.charity/projects/queer/database/title/date-or-die,Other,no_explicit_named_character_pattern
Date Warp,2010,https://representme.charity/projects/queer/database/title/date-warp,Polyamory; Bisexual / plurisexual,no_explicit_named_character_pattern
DateCatcher,2018,https://representme.charity/projects/queer/database/title/datecatcher,Bisexual / plurisexual; Lesbian,no_explicit_named_character_pattern
Dead but Alive! Southern England,2015,https://representme.charity/projects/queer/database/title/dead-but-alive,Playersexual; Bisexual / plurisexual,no_explicit_named_character_pattern
Dead End Junction,2016,https://representme.charity/projects/queer/database/title/dead-end-junction,Lesbian,no_explicit_named_character_pattern
Dead in Vinland,2018,https://representme.charity/projects/queer/database/title/dead-in-vinland,,no_explicit_named_character_pattern
Dead of Winter,2014,https://representme.charity/projects/queer/database/title/dead-of-winter,Other,no_explicit_named_character_pattern
Dead Rising 2,2010,https://representme.charity/projects/queer/database/title/dead-rising-2,Lesbian,no_explicit_named_character_pattern
Dead State: Reanimated,2014,https://representme.charity/projects/queer/database/title/dead-state-reanimated,Playersexual; Gay,no_explicit_named_character_pattern
Dear & Mine,2016,https://representme.charity/projects/queer/database/title/dear-mine,Gay; Bisexual / plurisexual,no_explicit_named_character_pattern
Death Trash,Not yet released,https://representme.charity/projects/queer/database/title/death-trash,Nonbinary / non-conforming; Trans man; Trans woman,no_explicit_named_character_pattern
Defenders of Arcadia,2017,https://representme.charity/projects/queer/database/title/defenders-of-arcadia,Lesbian,no_explicit_named_character_pattern
Demi Lovato: Path to Fame,2015,https://representme.charity/projects/queer/database/title/demi-lovato,Playersexual,no_explicit_named_character_pattern
Demlin and Marzipan,2016,https://representme.charity/projects/queer/database/title/demlin-and-marzipan,Lesbian,no_explicit_named_character_pattern
Democracy 3,2013,https://representme.charity/projects/queer/database/title/democracy-,Other,no_explicit_named_character_pattern
Demonheart,2017,https://representme.charity/projects/queer/database/title/demonheart,Playersexual,no_explicit_named_character_pattern
Densha Girl,2016,https://representme.charity/projects/queer/database/title/densha-girl,Lesbian,no_explicit_named_character_pattern
Désiré,2016,https://representme.charity/projects/queer/database/title/desire,Bisexual / plurisexual; Gay,no_explicit_named_character_pattern
Desperate Housewives: The Game,2017,https://representme.charity/projects/queer/database/title/desperate-housewives-the-game,Playersexual; Lesbian,no_explicit_named_character_pattern
Destination Primus Vita,2018,https://representme.charity/projects/queer/database/title/destination-primus-vita,Bisexual / plurisexual; Lesbian,no_explicit_named_character_pattern
Destiny 2,2017,https://representme.charity/projects/queer/database/title/destiny-2,Gay,no_explicit_named_character_pattern
Detective Hank and the Golden Sneeze,2016,https://representme.charity/projects/queer/database/title/detective-hank-and-the-golden-sneeze,Gay,no_explicit_named_character_pattern
Detective Masochist,2016,https://representme.charity/projects/queer/database/title/detective-masochist,Lesbian; Trans woman,no_explicit_named_character_pattern
Detroit: Become Human,2018,https://representme.charity/projects/queer/database/title/detroit-become-human,Bisexual / plurisexual; Lesbian,no_explicit_named_character_pattern
Deus Ex series,2000 – 2016,https://representme.charity/projects/queer/database/title/deus-ex,Gay,aggregate_page_requires_game_version
Devil May Cry series,2001 – 2015,https://representme.charity/projects/queer/database/title/devil-may-cry,Gay,aggregate_page_requires_game_version
Devil Summoner series,1995 – 2005,https://representme.charity/projects/queer/database/title/devil-summoner,Cross-dressing; Gay,aggregate_page_requires_game_version
Dex,2015,https://representme.charity/projects/queer/database/title/dex,Playersexual,no_explicit_named_character_pattern
didn't,2018,https://representme.charity/projects/queer/database/title/didn-t,Lesbian,no_explicit_named_character_pattern
Die Nachtblume - The Night Flower,Not yet released,https://representme.charity/projects/queer/database/title/die-nachtblume,Bisexual / plurisexual; Asexual / aromantic; Lesbian; Nonbinary / non-conforming,no_explicit_named_character_pattern
Digimon Story: Cyber Sleuth,2015,https://representme.charity/projects/queer/database/title/digimon-story-cyber-sleuth,Cross-dressing; Gay; Lesbian; Nonbinary / non-conforming,no_explicit_named_character_pattern
Digital Lovin',2018,https://representme.charity/projects/queer/database/title/digital-lovin-,Trans woman,no_explicit_named_character_pattern
Dinner for Two,2015,https://representme.charity/projects/queer/database/title/dinner-for-two,Nonbinary / non-conforming,no_explicit_named_character_pattern
Disaster Log C,2017,https://representme.charity/projects/queer/database/title/disaster-log-c,Lesbian,no_explicit_named_character_pattern
Disgaea 5,2015,https://representme.charity/projects/queer/database/title/disgaea-5,Gay,no_explicit_named_character_pattern
Distance,2017,https://representme.charity/projects/queer/database/title/distance,Lesbian,no_explicit_named_character_pattern
Distortion Nation,2020,https://representme.charity/projects/queer/database/title/distortion-nation,Lesbian; Polyamory; Trans woman; Nonbinary / non-conforming,no_explicit_named_character_pattern
Divinity series,2004 – 2015,https://representme.charity/projects/queer/database/title/divinity,Playersexual; Gay,aggregate_page_requires_game_version
Do I Pass?,2019,https://representme.charity/projects/queer/database/title/do-i-pass-,Trans woman,no_explicit_named_character_pattern
Dominique Pamplemousse,2014 – 2017,https://representme.charity/projects/queer/database/title/dominique-pamplemousse,Nonbinary / non-conforming,no_explicit_named_character_pattern
Don't Disturb,2016,https://representme.charity/projects/queer/database/title/don-t-disturb,Gay,no_explicit_named_character_pattern
Don't rape your friend,2018,https://representme.charity/projects/queer/database/title/don-t-rape-your-friend,Bisexual / plurisexual; Nonbinary / non-conforming,no_explicit_named_character_pattern
Don't Starve Together,2016,https://representme.charity/projects/queer/database/title/don-t-starve-together,Nonbinary / non-conforming,no_explicit_named_character_pattern
"Don't Take it Personally, Babe, It Just Ain't Your Story",2011,https://representme.charity/projects/queer/database/title/dont-take-it-personally,Gay; Lesbian,no_explicit_named_character_pattern
Doors I Locked,2017,https://representme.charity/projects/queer/database/title/doors-i-locked,Lesbian,no_explicit_named_character_pattern
Double Dragqueens,2019,https://representme.charity/projects/queer/database/title/double-dragqueens,Cross-dressing; Gay,no_explicit_named_character_pattern
Double Exposure,2019,https://representme.charity/projects/queer/database/title/double-exposure,Lesbian,no_explicit_named_character_pattern
Dr. Frank's Build-A-Boyfriend,2016,https://representme.charity/projects/queer/database/title/dr-frank-s-build-a-boyfriend,Gay,no_explicit_named_character_pattern
Dracula Unleashed,1993,https://representme.charity/projects/queer/database/title/dracula-unleashed,Gay,no_explicit_named_character_pattern
Dragon Age series,2009 – 2014,https://representme.charity/projects/queer/database/title/dragon-age,Bisexual / plurisexual; Gay; Lesbian; Asexual / aromantic; Playersexual; Trans man,aggregate_page_requires_game_version
Dragon Quest VIII,2004,https://representme.charity/projects/queer/database/title/dragon-quest-viii,Bisexual / plurisexual,no_explicit_named_character_pattern
Dragon Warrior III,1988,https://representme.charity/projects/queer/database/title/dragon-warrior-iii,Gay,no_explicit_named_character_pattern
Dragon's Dogma,2012,https://representme.charity/projects/queer/database/title/dragons-dogma,Gay; Lesbian,no_explicit_named_character_pattern
Dragonward,2018,https://representme.charity/projects/queer/database/title/dragonward,Nonbinary / non-conforming,no_explicit_named_character_pattern
Drakengard franchise,2003 – 2017,https://representme.charity/projects/queer/database/title/drakengard,Bisexual / plurisexual; Gay; Intersex; Lesbian,aggregate_page_requires_game_version
DRAMAtical Murder,2012,https://representme.charity/projects/queer/database/title/dramatical-murder,Gay,no_explicit_named_character_pattern
Dream Askew,2013,https://representme.charity/projects/queer/database/title/dream-askew,Other,no_explicit_named_character_pattern
Dream Boyfriend: Astral Days,2016,https://representme.charity/projects/queer/database/title/dream-boyfriend,Gay; Nonbinary / non-conforming; Playersexual,no_explicit_named_character_pattern
Dream Daddy: A Dad Dating Simulator,2017,https://representme.charity/projects/queer/database/title/dream-daddy,Bisexual / plurisexual; Gay; Polyamory; Trans man,no_explicit_named_character_pattern
Dream of Mirror Online,2015,https://representme.charity/projects/queer/database/title/dream-of-mirror-online,Playersexual,no_explicit_named_character_pattern
Dream Quest: Knight and Princess,2017,https://representme.charity/projects/queer/database/title/dream-quest-knight-and-princess,Lesbian,no_explicit_named_character_pattern
Dreaming of You,2018,https://representme.charity/projects/queer/database/title/dreaming-of-you,Lesbian,no_explicit_named_character_pattern
Dreighnhart: Where Dreams Fade,2017,https://representme.charity/projects/queer/database/title/dreighnhart-where-dreams-fade,Lesbian,no_explicit_named_character_pattern
Dripping with the Waters of SHEOL,2017,https://representme.charity/projects/queer/database/title/dripping-with-the-waters-of-sheol,Gay; Nonbinary / non-conforming; Bisexual / plurisexual; Trans man; Intersex,no_explicit_named_character_pattern
Drowning Cross,2019,https://representme.charity/projects/queer/database/title/drowning-cross,Gay,no_explicit_named_character_pattern
Drusilla Dreams,2016,https://representme.charity/projects/queer/database/title/drusilla-dreams,Bisexual / plurisexual; Playersexual,no_explicit_named_character_pattern
Dungeons and Don't Do It,2018,https://representme.charity/projects/queer/database/title/dungeons-and-don-t-do-it,Bisexual / plurisexual; Cross-dressing; Lesbian,no_explicit_named_character_pattern
Dungeons and Dragons,1974 – 2017,https://representme.charity/projects/queer/database/title/dungeons-and-dragons,Gay,no_explicit_named_character_pattern
Dys4ia,2012,https://representme.charity/projects/queer/database/title/dys4ia,Trans woman,no_explicit_named_character_pattern
Earth Boys Are Easy,2018,https://representme.charity/projects/queer/database/title/earth-boys-are-easy,Gay,no_explicit_named_character_pattern
East Tower,2012,https://representme.charity/projects/queer/database/title/east-tower,Gay; Lesbian; Other,no_explicit_named_character_pattern
Ecchi Sketch,2017,https://representme.charity/projects/queer/database/title/ecchi-sketch,Lesbian,no_explicit_named_character_pattern
Echoes of the Fey,2016,https://representme.charity/projects/queer/database/title/echoes-of-the-fey,Playersexual,no_explicit_named_character_pattern
Eclipse Phase,2009,https://representme.charity/projects/queer/database/title/eclipse-phase,Asexual / aromantic; Cross-dressing; Nonbinary / non-conforming; Other; Trans man; Trans woman,no_explicit_named_character_pattern
Eddy Bear,2018,https://representme.charity/projects/queer/database/title/eddy-bear,Lesbian; Trans woman,no_explicit_named_character_pattern
Eight Sweets,2016,https://representme.charity/projects/queer/database/title/eight-sweets,Lesbian; Gay,no_explicit_named_character_pattern
Eldet,Not yet released,https://representme.charity/projects/queer/database/title/eldet,Asexual / aromantic; Gay,no_explicit_named_character_pattern
Embric of Wulfhammer's Castle,2003,https://representme.charity/projects/queer/database/title/embric-of-wulfhammers-castle,Bisexual / plurisexual; Lesbian,no_explicit_named_character_pattern
Emperor's Lesbian New Groove,2016,https://representme.charity/projects/queer/database/title/emperor-s-lesbian-new-groove,Lesbian,no_explicit_named_character_pattern
Enchanted Arms,2006,https://representme.charity/projects/queer/database/title/enchanted-arms,Gay,no_explicit_named_character_pattern
Enderal,2016,https://representme.charity/projects/queer/database/title/enderal,Bisexual / plurisexual,no_explicit_named_character_pattern
Ending the Cycle,2017,https://representme.charity/projects/queer/database/title/ending-the-cycle,Playersexual; Other,no_explicit_named_character_pattern
Endless Summer,2016,https://representme.charity/projects/queer/database/title/endless-summer,Bisexual / plurisexual; Gay,no_explicit_named_character_pattern
England Exchange,2017,https://representme.charity/projects/queer/database/title/england-exchange,Playersexual,no_explicit_named_character_pattern
Enola,2014,https://representme.charity/projects/queer/database/title/enola,Lesbian,no_explicit_named_character_pattern
Episode: Choose Your Story (portal app),2016,https://representme.charity/projects/queer/database/title/episode,,no_explicit_named_character_pattern
Erected City,2018,https://representme.charity/projects/queer/database/title/erected-city,Lesbian; Trans woman,no_explicit_named_character_pattern
Escape from Pleasure Planet,2016,https://representme.charity/projects/queer/database/title/escape-from-pleasure-planet,Gay,no_explicit_named_character_pattern
Escape from the Princess,2018,https://representme.charity/projects/queer/database/title/escape-from-the-princess,Lesbian,no_explicit_named_character_pattern
Essence Hunt,2017,https://representme.charity/projects/queer/database/title/essence-hunt,Gay,no_explicit_named_character_pattern
Eternal Hour: Golden Hour,2017,https://representme.charity/projects/queer/database/title/eternal-hour-golden-hour,Lesbian,no_explicit_named_character_pattern
Even the Ocean,2016,https://representme.charity/projects/queer/database/title/even-the-ocean,Lesbian,no_explicit_named_character_pattern
Event[0],2016,https://representme.charity/projects/queer/database/title/event-0,Nonbinary / non-conforming,no_explicit_named_character_pattern
Ever Oasis,2017,https://representme.charity/projects/queer/database/title/ever-oasis,Playersexual,no_explicit_named_character_pattern
Evil Zone,1999,https://representme.charity/projects/queer/database/title/evil-zone,Lesbian,no_explicit_named_character_pattern
Exam Period,2016,https://representme.charity/projects/queer/database/title/exam-period,Trans man,no_explicit_named_character_pattern
Expeditions: Viking,2017,https://representme.charity/projects/queer/database/title/expeditions-viking,Playersexual; Bisexual / plurisexual,no_explicit_named_character_pattern
Exstetra,2013,https://representme.charity/projects/queer/database/title/exstetra,Playersexual,no_explicit_named_character_pattern
EXTREME MEATPUNKS FOREVER,2017,https://representme.charity/projects/queer/database/title/extreme-meatpunks-forever,Gay; Lesbian; Nonbinary / non-conforming; Trans man,no_explicit_named_character_pattern
Fable series,2004 – 2014,https://representme.charity/projects/queer/database/title/fable,Playersexual; Polyamory; Bisexual / plurisexual; Gay; Lesbian,aggregate_page_requires_game_version
Façade,2005,https://representme.charity/projects/queer/database/title/facade,Playersexual,no_explicit_named_character_pattern
Fading Suns: Lords of the Known Worlds,1997,https://representme.charity/projects/queer/database/title/fading-suns-lords-of-the-known-worlds,Other,no_explicit_named_character_pattern
Fahrenheit: Indigo Prophecy,2005,https://representme.charity/projects/queer/database/title/fahrenheit-indigo-prophecy,Gay,no_explicit_named_character_pattern
Fail-Safe Initiated,2016,https://representme.charity/projects/queer/database/title/fail-safe-initiated,Other,no_explicit_named_character_pattern
Fairy Tale,2015,https://representme.charity/projects/queer/database/title/fairy-tale,Nonbinary / non-conforming,no_explicit_named_character_pattern
Fall Fling,2016,https://representme.charity/projects/queer/database/title/fall-fling,Lesbian,no_explicit_named_character_pattern
Fall of Eden,2014,https://representme.charity/projects/queer/database/title/fall-of-eden,Bisexual / plurisexual,no_explicit_named_character_pattern
Fallen London,2009,https://representme.charity/projects/queer/database/title/fallen-london,Nonbinary / non-conforming,no_explicit_named_character_pattern
Fallen Times,2017,https://representme.charity/projects/queer/database/title/fallen-times,Lesbian,no_explicit_named_character_pattern
Fallout series,1997 – 2015,https://representme.charity/projects/queer/database/title/fallout,Playersexual; Polyamory; Bisexual / plurisexual; Gay; Lesbian,aggregate_page_requires_game_version
Fap CEO: Men Stream,2019,https://representme.charity/projects/queer/database/title/fap-ceo-men-stream,Gay,no_explicit_named_character_pattern
Far Cry 3,2012,https://representme.charity/projects/queer/database/title/far-cry-3,Gay,no_explicit_named_character_pattern
Farm Life,2016,https://representme.charity/projects/queer/database/title/farm-life,Playersexual,no_explicit_named_character_pattern
FarmVille 2,2009,https://representme.charity/projects/queer/database/title/farmville-2,Playersexual,no_explicit_named_character_pattern
Fatal Hearts,2007,https://representme.charity/projects/queer/database/title/fatal-hearts,Playersexual; Lesbian,no_explicit_named_character_pattern
Fatal Twelve,2018,https://representme.charity/projects/queer/database/title/fatal-twelve,Lesbian,no_explicit_named_character_pattern
Fate/EXTELLA,2017,https://representme.charity/projects/queer/database/title/fate-extella,Playersexual,no_explicit_named_character_pattern
Fear Effect series,2001 – 2018,https://representme.charity/projects/queer/database/title/fear-effect,Lesbian,aggregate_page_requires_game_version
Fictif,2019,https://representme.charity/projects/queer/database/title/fictif,Bisexual / plurisexual; Nonbinary / non-conforming,no_explicit_named_character_pattern
Fight like a Girl,2015,https://representme.charity/projects/queer/database/title/fight-like-a-girl,Trans woman,no_explicit_named_character_pattern
Fight or Flirt!,2016,https://representme.charity/projects/queer/database/title/fight-or-flirt-,Lesbian,no_explicit_named_character_pattern
FIGHT Truck,2015,https://representme.charity/projects/queer/database/title/fight-truck,Other,no_explicit_named_character_pattern
Fighter Destiny 2,1999,https://representme.charity/projects/queer/database/title/fighter-destiny-2,Cross-dressing,no_explicit_named_character_pattern
Final Fantasy series,1987 – 2015,https://representme.charity/projects/queer/database/title/final-fantasy-series,Cross-dressing; Nonbinary / non-conforming; Gay; Lesbian,aggregate_page_requires_game_version
Final Fight series,1989 – 2006,https://representme.charity/projects/queer/database/title/final-fight,Trans woman,aggregate_page_requires_game_version
Final Theosis,2017,https://representme.charity/projects/queer/database/title/final-theosis,Playersexual,no_explicit_named_character_pattern
Find Les,2016,https://representme.charity/projects/queer/database/title/find-les,Lesbian,no_explicit_named_character_pattern
Find Your Girlfriend,2016,https://representme.charity/projects/queer/database/title/find-your-girlfriend,Lesbian,no_explicit_named_character_pattern
Fire Emblem series,1990 – 2016,https://representme.charity/projects/queer/database/title/fire-emblem,Playersexual; Gay; Lesbian,aggregate_page_requires_game_version
First Job,2017,https://representme.charity/projects/queer/database/title/first-job,Gay,no_explicit_named_character_pattern
First Kiss at Spooky Soiree,2016,https://representme.charity/projects/queer/database/title/first-kiss-at-spooky-soiree,Playersexual,no_explicit_named_character_pattern
Fishclip,2016,https://representme.charity/projects/queer/database/title/fishclip,Lesbian,no_explicit_named_character_pattern
Flirt Tactics,2017,https://representme.charity/projects/queer/database/title/flirt-tactics,Gay,no_explicit_named_character_pattern
Flix & Chill 2,2017,https://representme.charity/projects/queer/database/title/flix-chill-,Lesbian,no_explicit_named_character_pattern
Flowers,2016,https://representme.charity/projects/queer/database/title/flowers,Playersexual; Lesbian,no_explicit_named_character_pattern
Fog of Love,2016,https://representme.charity/projects/queer/database/title/fog-of-love,Playersexual,no_explicit_named_character_pattern
Follow the Darkness,2015,https://representme.charity/projects/queer/database/title/follow-the-darkness,Lesbian,no_explicit_named_character_pattern
Football Manager 2018,2017,https://representme.charity/projects/queer/database/title/football-manager-,Gay,no_explicit_named_character_pattern
Forest of the Lilies,2016,https://representme.charity/projects/queer/database/title/forest-of-the-lilies,Lesbian,no_explicit_named_character_pattern
Forget-Me-Not,2014,https://representme.charity/projects/queer/database/title/forget-me-not,Gay,no_explicit_named_character_pattern
Fort Zombie Redux,2018,https://representme.charity/projects/queer/database/title/fort-zombie-redux,Nonbinary / non-conforming,no_explicit_named_character_pattern
Forward to the Sky,2015,https://representme.charity/projects/queer/database/title/forward-to-the-sky,Lesbian,no_explicit_named_character_pattern
Four Eyes,2016,https://representme.charity/projects/queer/database/title/four-eyes,Gay,no_explicit_named_character_pattern
Fox in the Hollyhocks,2016,https://representme.charity/projects/queer/database/title/fox-in-the-hollyhocks,Gay,no_explicit_named_character_pattern
Fragments of Him,2016,https://representme.charity/projects/queer/database/title/fragments-of-him,Gay; Bisexual / plurisexual,no_explicit_named_character_pattern
Free Again,2017,https://representme.charity/projects/queer/database/title/free-again,Nonbinary / non-conforming,no_explicit_named_character_pattern
Frog Love at Frog School,2016,https://representme.charity/projects/queer/database/title/frog-love-at-frog-school,Lesbian,no_explicit_named_character_pattern
FrontierVille,2010,https://representme.charity/projects/queer/database/title/frontierville,Playersexual,no_explicit_named_character_pattern
Frostbites,2017,https://representme.charity/projects/queer/database/title/frostbites,Lesbian,no_explicit_named_character_pattern
100ft Robot Golf,2017,https://representme.charity/projects/queer/database/title/ft-robot-golf,Nonbinary / non-conforming,no_explicit_named_character_pattern
Full Throttle,1995,https://representme.charity/projects/queer/database/title/full-throttle,Gay,no_explicit_named_character_pattern
Furry Heroes,2020,https://representme.charity/projects/queer/database/title/furry-heroes,Gay; Polyamory,no_explicit_named_character_pattern
fuuuuuuuuuuuck,2018,https://representme.charity/projects/queer/database/title/fuuuuuuuuuuuck,Asexual / aromantic,no_explicit_named_character_pattern
Gabriel Knight series,1993 – 2014,https://representme.charity/projects/queer/database/title/gabriel-knight,Gay; Lesbian,aggregate_page_requires_game_version
Galaxy Girls,2017,https://representme.charity/projects/queer/database/title/galaxy-girls,Lesbian,no_explicit_named_character_pattern
Game of Life,2007,https://representme.charity/projects/queer/database/title/game-of-life,Playersexual,no_explicit_named_character_pattern
Game of Thrones Ascent,2013,https://representme.charity/projects/queer/database/title/game-of-thrones-ascent,Playersexual; Gay; Lesbian,no_explicit_named_character_pattern
Gangsters in Love,2016,https://representme.charity/projects/queer/database/title/gangsters-in-love,Bisexual / plurisexual; Lesbian,no_explicit_named_character_pattern
Garden Diary,2016,https://representme.charity/projects/queer/database/title/garden-diary,Nonbinary / non-conforming; Other,no_explicit_named_character_pattern
Gat Life: Boyfriend Bar,2014,https://representme.charity/projects/queer/database/title/gat-life,Gay,no_explicit_named_character_pattern
Gay Cats go into the Weird Woods,2014,https://representme.charity/projects/queer/database/title/gay-cats-go-into-the-weird-woods,Gay,no_explicit_named_character_pattern
Gay Fighter Supreme,2015,https://representme.charity/projects/queer/database/title/gay-fighter-supreme,Bisexual / plurisexual; Gay; Lesbian; Trans woman; Trans man,no_explicit_named_character_pattern
Gay Harem,2017,https://representme.charity/projects/queer/database/title/gay-harem,Gay; Polyamory,no_explicit_named_character_pattern
Gaydorado,2017,https://representme.charity/projects/queer/database/title/gaydorado,Gay,no_explicit_named_character_pattern
GayMeChat,2006,https://representme.charity/projects/queer/database/title/gaymechat,Gay,no_explicit_named_character_pattern
Gaytective,2017,https://representme.charity/projects/queer/database/title/gaytective,Gay; Lesbian,no_explicit_named_character_pattern
Gender Bender DNA Twister Extreme,2014,https://representme.charity/projects/queer/database/title/gender-bender-dna-twister-extreme,Cross-dressing; Lesbian; Trans woman,no_explicit_named_character_pattern
Gender Generator,2017,https://representme.charity/projects/queer/database/title/gender-generator,Other,no_explicit_named_character_pattern
Gender Quest,2018,https://representme.charity/projects/queer/database/title/gender-quest,Nonbinary / non-conforming,no_explicit_named_character_pattern
GenderTrix,2017,https://representme.charity/projects/queer/database/title/gendertrix,Other,no_explicit_named_character_pattern
Genital Jousting,2016,https://representme.charity/projects/queer/database/title/genital-jousting,Gay,no_explicit_named_character_pattern
Ghosts of Miami,2017,https://representme.charity/projects/queer/database/title/ghosts-of-miami,Playersexual; Nonbinary / non-conforming; Trans woman; Cross-dressing; Other,no_explicit_named_character_pattern
Girl Crush,2016,https://representme.charity/projects/queer/database/title/girl-crush,Lesbian,no_explicit_named_character_pattern
Girl with a Claw Hammer,2014,https://representme.charity/projects/queer/database/title/girl-with-a-claw-hammer,Lesbian,no_explicit_named_character_pattern
Girlfriend.exe,2019,https://representme.charity/projects/queer/database/title/girlfriend-exe,Lesbian,no_explicit_named_character_pattern
Girlfriend Material,2017,https://representme.charity/projects/queer/database/title/girlfriend-material,Lesbian,no_explicit_named_character_pattern
Girlvania,2014,https://representme.charity/projects/queer/database/title/girlvania,Lesbian,no_explicit_named_character_pattern
Giving Her a Voice,2016,https://representme.charity/projects/queer/database/title/giving-her-a-voice,Bisexual / plurisexual,no_explicit_named_character_pattern
Gleaner Heights,2018,https://representme.charity/projects/queer/database/title/gleaner-heights,Playersexual,no_explicit_named_character_pattern
Glory of Heracles,2008,https://representme.charity/projects/queer/database/title/glory-of-heracles,Nonbinary / non-conforming,no_explicit_named_character_pattern
Go! Go! Ackman,1994,https://representme.charity/projects/queer/database/title/go-go-ackman,Gay,no_explicit_named_character_pattern
God Hand,2006,https://representme.charity/projects/queer/database/title/god-hand,Gay,no_explicit_named_character_pattern
God of War III,2010,https://representme.charity/projects/queer/database/title/god-of-war-iii,Lesbian,no_explicit_named_character_pattern
Going Postal,2017,https://representme.charity/projects/queer/database/title/going-postal,Other,no_explicit_named_character_pattern
Gone Home,2013,https://representme.charity/projects/queer/database/title/gone-home,Lesbian,no_explicit_named_character_pattern
Good Knight Story,2016,https://representme.charity/projects/queer/database/title/good-knight-story,Gay,no_explicit_named_character_pattern
Gothic series,2001 – 2011,https://representme.charity/projects/queer/database/title/gothic-series,Gay,aggregate_page_requires_game_version
Grand Core Release,2017,https://representme.charity/projects/queer/database/title/grand-core-release,Gay,no_explicit_named_character_pattern
Grand Theft Auto series,1997 – 2016,https://representme.charity/projects/queer/database/title/grand-theft-auto-series,Bisexual / plurisexual; Gay,aggregate_page_requires_game_version
Great-grandmother and the war,2016,https://representme.charity/projects/queer/database/title/great-grandmother-and-the-war,Lesbian,no_explicit_named_character_pattern
Great Greed,1992,https://representme.charity/projects/queer/database/title/great-greed,Playersexual; Gay,no_explicit_named_character_pattern
Great Personality: Guardians,2014,https://representme.charity/projects/queer/database/title/great-personality-guardians,Nonbinary / non-conforming; Other,no_explicit_named_character_pattern
Green Thread of Fate,2019,https://representme.charity/projects/queer/database/title/green-thread-of-fate,Asexual / aromantic; Nonbinary / non-conforming,no_explicit_named_character_pattern
GrimGrimoire,2007,https://representme.charity/projects/queer/database/title/grimgrimoire,Lesbian,no_explicit_named_character_pattern
Groove on Fight,1997,https://representme.charity/projects/queer/database/title/groove-on-fight,Gay,no_explicit_named_character_pattern
GRUNGE series,2018 - 2019,https://representme.charity/projects/queer/database/title/grunge,Lesbian; Bisexual / plurisexual; Gay; Nonbinary / non-conforming; Trans woman,aggregate_page_requires_game_version
Guild Wars 2,2012 – ongoing,https://representme.charity/projects/queer/database/title/guild-wars-2,Cross-dressing; Gay; Lesbian; Trans woman; Bisexual / plurisexual,no_explicit_named_character_pattern
Guilty Gear X series,2000 – 2002,https://representme.charity/projects/queer/database/title/guilty-gear-x,Gay; Nonbinary / non-conforming; Trans man,aggregate_page_requires_game_version
GURPS: Supers,1989,https://representme.charity/projects/queer/database/title/gurps-supers,Gay,no_explicit_named_character_pattern
HârnMaster,1986,https://representme.charity/projects/queer/database/title/h-rnmaster,Bisexual / plurisexual; Gay,no_explicit_named_character_pattern
Hacknet,2015,https://representme.charity/projects/queer/database/title/hacknet,Trans man,no_explicit_named_character_pattern
Hades,Not yet released,https://representme.charity/projects/queer/database/title/hades,Bisexual / plurisexual; Gay; Asexual / aromantic; Nonbinary / non-conforming,no_explicit_named_character_pattern
Hamtaro: Ham-Ham Heartbreak,2002,https://representme.charity/projects/queer/database/title/hamtaro-ham-ham-heartbreak,Gay; Lesbian,no_explicit_named_character_pattern
Hand to Hand,2017,https://representme.charity/projects/queer/database/title/hand-to-hand,Lesbian,no_explicit_named_character_pattern
Happiness!,2005,https://representme.charity/projects/queer/database/title/happiness,Lesbian,no_explicit_named_character_pattern
Happy Campers,2017,https://representme.charity/projects/queer/database/title/happy-campers,Playersexual; Lesbian,no_explicit_named_character_pattern
Haque,2017,https://representme.charity/projects/queer/database/title/haque,Nonbinary / non-conforming; Gay,no_explicit_named_character_pattern
Hard Mode 101,2014,https://representme.charity/projects/queer/database/title/hard-mode-,Other,no_explicit_named_character_pattern
Harry Potter: Hogwarts Mystery,2018,https://representme.charity/projects/queer/database/title/harry-potter-hogwarts-mystery,Bisexual / plurisexual; Playersexual,no_explicit_named_character_pattern
Hart Connection,2018,https://representme.charity/projects/queer/database/title/hart-connection,Bisexual / plurisexual; Gay,no_explicit_named_character_pattern
Harvest Life,2017,https://representme.charity/projects/queer/database/title/harvest-life,Playersexual,no_explicit_named_character_pattern
Harvester,1996,https://representme.charity/projects/queer/database/title/harvester,Gay,no_explicit_named_character_pattern
Hashimime of the Old Book Town,2019,https://representme.charity/projects/queer/database/title/hashimime-of-the-old-book-town,Gay,no_explicit_named_character_pattern
Hatoful Boyfriend,2014,https://representme.charity/projects/queer/database/title/hatoful-boyfriend,Playersexual; Lesbian,no_explicit_named_character_pattern
Hatsune Miku: Project DIVA Series,2021,https://representme.charity/projects/queer/database/title/hatsune-miku-project-diva-series,Lesbian,aggregate_page_requires_game_version
Havenfall is for Lovers,2017,https://representme.charity/projects/queer/database/title/havenfall-is-for-lovers,Bisexual / plurisexual; Lesbian; Nonbinary / non-conforming,no_explicit_named_character_pattern
Hazel series,2018 - 2019,https://representme.charity/projects/queer/database/title/hazel-series,Trans woman; Nonbinary / non-conforming,aggregate_page_requires_game_version
Headliner,2017,https://representme.charity/projects/queer/database/title/headliner,Playersexual,no_explicit_named_character_pattern
Heart Drops,2018,https://representme.charity/projects/queer/database/title/heart-drops,Lesbian; Trans woman,no_explicit_named_character_pattern
Heart of Fire,2008,https://representme.charity/projects/queer/database/title/heart-of-fire,Lesbian,no_explicit_named_character_pattern
Heart of the Woods,2019,https://representme.charity/projects/queer/database/title/heart-of-the-woods,Lesbian; Trans woman,no_explicit_named_character_pattern
Heartbeats,2017,https://representme.charity/projects/queer/database/title/heartbeats,Gay,no_explicit_named_character_pattern
Heaven is Full,2018,https://representme.charity/projects/queer/database/title/heaven-is-full,Bisexual / plurisexual,no_explicit_named_character_pattern
Heaven Will Be Mine,2018,https://representme.charity/projects/queer/database/title/heaven-will-be-mine,Lesbian; Trans woman; Trans man,no_explicit_named_character_pattern
Heileen series,2008 – 2012,https://representme.charity/projects/queer/database/title/heileen-series,Playersexual; Lesbian,aggregate_page_requires_game_version
Heirs and Graces,2016,https://representme.charity/projects/queer/database/title/heirs-and-graces,Gay,no_explicit_named_character_pattern
Helena's Flowers,2015,https://representme.charity/projects/queer/database/title/helena-s-flowers,Lesbian,no_explicit_named_character_pattern
Hell Girls,2017,https://representme.charity/projects/queer/database/title/hell-girls,Lesbian,no_explicit_named_character_pattern
Her Tears Were My Light,2016,https://representme.charity/projects/queer/database/title/her-tears-were-my-light,Lesbian,no_explicit_named_character_pattern
Hero,2017,https://representme.charity/projects/queer/database/title/hero,Gay; Playersexual,no_explicit_named_character_pattern
Hero Generations,2015,https://representme.charity/projects/queer/database/title/hero-generations,Gay; Lesbian,no_explicit_named_character_pattern
Heroes of Legionwood,2015,https://representme.charity/projects/queer/database/title/heroes-of-legionswood,Playersexual; Gay; Lesbian,no_explicit_named_character_pattern
Heroes of Newerth,2010,https://representme.charity/projects/queer/database/title/heroes-of-newerth,Gay,no_explicit_named_character_pattern
Heroes of Red Hook,2016,https://representme.charity/projects/queer/database/title/heroes-of-red-hook,,no_explicit_named_character_pattern
HEROxTRIO,2018,https://representme.charity/projects/queer/database/title/heroxtrio,Trans woman,no_explicit_named_character_pattern
hi no homo,2017,https://representme.charity/projects/queer/database/title/hi-no-homo,Gay; Lesbian,no_explicit_named_character_pattern
High School Story,2014,https://representme.charity/projects/queer/database/title/high-school-story,Playersexual; Gay; Lesbian,no_explicit_named_character_pattern
Highschool Romance,2015,https://representme.charity/projects/queer/database/title/highschool-romance,Cross-dressing; Lesbian,no_explicit_named_character_pattern
Highway Blossoms,2016,https://representme.charity/projects/queer/database/title/highway-blossoms,Lesbian,no_explicit_named_character_pattern
Hiki wants a child,2016,https://representme.charity/projects/queer/database/title/hiki-wants-a-child,Gay,no_explicit_named_character_pattern
Hikoki Fakkuboto,2015,https://representme.charity/projects/queer/database/title/hikoki-fakkuboto,Bisexual,no_explicit_named_character_pattern
Hollow Knight,2017,https://representme.charity/projects/queer/database/title/hollow-knight,Asexual / aromantic; Nonbinary / non-conforming; Gay; Lesbian,no_explicit_named_character_pattern
Hollywood U: Rising Stars,2014,https://representme.charity/projects/queer/database/title/hollywood-u,Playersexual,no_explicit_named_character_pattern
Horizon Zero Dawn,2017,https://representme.charity/projects/queer/database/title/horizon-zero-dawn,Gay; Trans man,no_explicit_named_character_pattern
Hospital Sleepover,Not yet released,https://representme.charity/projects/queer/database/title/hospital-sleepover,Asexual / aromantic; Bisexual / plurisexual,no_explicit_named_character_pattern
Hot Guys Making Out,2013,https://representme.charity/projects/queer/database/title/hot-guys-making-out,Gay,no_explicit_named_character_pattern
Hot Pool,2017,https://representme.charity/projects/queer/database/title/hot-pool,Other; Trans man; Trans woman,no_explicit_named_character_pattern
Hot Tin Roof,2015,https://representme.charity/projects/queer/database/title/hot-tin-roof,Lesbian,no_explicit_named_character_pattern
house,2017,https://representme.charity/projects/queer/database/title/house,Lesbian; Other,no_explicit_named_character_pattern
housewarming gift,2018,https://representme.charity/projects/queer/database/title/housewarming-gift,Lesbian; Trans woman; Nonbinary / non-conforming,no_explicit_named_character_pattern
How Can You Be Proud? You're Bi!,2018,https://representme.charity/projects/queer/database/title/how-can-you-be-proud-you-re-bi-,Bisexual / plurisexual,no_explicit_named_character_pattern
How Drinking Coffee Daily Got Me Fired!,2018,https://representme.charity/projects/queer/database/title/how-drinking-coffee-daily-got-me-fired-,Gay; Playersexual,no_explicit_named_character_pattern
How to defeat a demon lord?!,2018,https://representme.charity/projects/queer/database/title/how-to-defeat-a-demon-lord-,Gay,no_explicit_named_character_pattern
Human Rights,2019,https://representme.charity/projects/queer/database/title/human-rights,Gay; Lesbian; Nonbinary / non-conforming; Trans man; Trans woman,no_explicit_named_character_pattern
HuniePop,2015,https://representme.charity/projects/queer/database/title/huniepop,Lesbian,no_explicit_named_character_pattern
Hurt Me Plenty,2014,https://representme.charity/projects/queer/database/title/hurt-me-plenty,Gay; Other,no_explicit_named_character_pattern
Hustle Cat,2016,https://representme.charity/projects/queer/database/title/hustle-cat,Nonbinary / non-conforming,no_explicit_named_character_pattern
Hyperdimension Neptunia,2015,https://representme.charity/projects/queer/database/title/hyperdimension-neptunia,Lesbian,no_explicit_named_character_pattern
"I Can't Believe the Most Popular Girl in School is a Lesbian, Just Like Me!",2019,https://representme.charity/projects/queer/database/title/i-can-t-believe-the-most-popular-girl-in-school-is-a-lesbian-just-like-me-,Lesbian; Polyamory,no_explicit_named_character_pattern
I Don't Have A Cue!,2018,https://representme.charity/projects/queer/database/title/i-don-t-have-a-cue-,Lesbian,no_explicit_named_character_pattern
I Like You,2016,https://representme.charity/projects/queer/database/title/i-like-you,Other,no_explicit_named_character_pattern
I Say A Little Prayer,2014,https://representme.charity/projects/queer/database/title/i-say-a-little-prayer,Gay,no_explicit_named_character_pattern
I Suddenly Became a Magical Girl To Fight Aliens from Another Dimension!?,2016,https://representme.charity/projects/queer/database/title/i-suddenly-became-a-magical-girl-to-fight-aliens-from-another-dimension-,Lesbian; Trans woman,no_explicit_named_character_pattern
I Want To Marry The Princess!,2015,https://representme.charity/projects/queer/database/title/i-want-to-marry-the-princess-,Lesbian,no_explicit_named_character_pattern
Ice and Fire of Maiden,2019,https://representme.charity/projects/queer/database/title/ice-and-fire-of-maiden,Lesbian,no_explicit_named_character_pattern
Iconoclasts,2018,https://representme.charity/projects/queer/database/title/iconoclasts,Lesbian,no_explicit_named_character_pattern
ICY,2015,https://representme.charity/projects/queer/database/title/icy,Nonbinary / non-conforming; Gay,no_explicit_named_character_pattern
If Found...,2020,https://representme.charity/projects/queer/database/title/if-found-,Asexual / aromantic; Bisexual / plurisexual; Trans woman; Gay; Lesbian; Nonbinary / non-conforming; Polyamory,no_explicit_named_character_pattern
if not us,2018,https://representme.charity/projects/queer/database/title/if-not-us,Gay; Nonbinary / non-conforming,no_explicit_named_character_pattern
Ikenfell,Not yet released,https://representme.charity/projects/queer/database/title/ikenfell,Other,no_explicit_named_character_pattern
In Celebration of Violence,2016,https://representme.charity/projects/queer/database/title/in-celebration-of-violence,Nonbinary / non-conforming,no_explicit_named_character_pattern
"In Darkness, Dreaming",2016,https://representme.charity/projects/queer/database/title/in-darkness-dreaming,Gay,no_explicit_named_character_pattern
In Dreams,2017,https://representme.charity/projects/queer/database/title/in-dreams,Lesbian,no_explicit_named_character_pattern
In My Mind,2017,https://representme.charity/projects/queer/database/title/in-my-mind,Nonbinary / non-conforming,no_explicit_named_character_pattern
In Other Waters,2021,https://representme.charity/projects/queer/database/title/in-other-waters,Lesbian,no_explicit_named_character_pattern
In the Cards,2018,https://representme.charity/projects/queer/database/title/in-the-cards,Lesbian,no_explicit_named_character_pattern
In the Night You Can't Hide From Yourself,2018,https://representme.charity/projects/queer/database/title/in-the-night-you-can-t-hide-from-yourself,Asexual / aromantic,no_explicit_named_character_pattern
Indefinite: Interrogation Game,2015,https://representme.charity/projects/queer/database/title/indefinite-interrogation,Lesbian,no_explicit_named_character_pattern
Inspirited,2016,https://representme.charity/projects/queer/database/title/inspirited,Lesbian,no_explicit_named_character_pattern
InstLife,Not yet released,https://representme.charity/projects/queer/database/title/instlife,Playersexual,no_explicit_named_character_pattern
The Interactive Adventures of Dog Mendonça & Pizzaboy,2016,https://representme.charity/projects/queer/database/title/interactive-adventures,Cross-dressing; Trans woman; Gay,no_explicit_named_character_pattern
International Super Teams,2004,https://representme.charity/projects/queer/database/title/international-super-teams,Gay,no_explicit_named_character_pattern
Inverness Nights,2016,https://representme.charity/projects/queer/database/title/inverness-nights,Gay,no_explicit_named_character_pattern
Iris Knight,2018,https://representme.charity/projects/queer/database/title/iris-knight,Lesbian,no_explicit_named_character_pattern
It Came from the Desert,1989,https://representme.charity/projects/queer/database/title/it-came-from-the-desert,Lesbian,no_explicit_named_character_pattern
It's OK: Tacos,2016,https://representme.charity/projects/queer/database/title/it-s-ok-tacos,Lesbian,no_explicit_named_character_pattern
It Will Be Hard,2019,https://representme.charity/projects/queer/database/title/it-will-be-hard,Gay,no_explicit_named_character_pattern
Jade Empire,2005,https://representme.charity/projects/queer/database/title/jade-empire,Playersexual; Polyamory,no_explicit_named_character_pattern
Jimmy Divided,2016,https://representme.charity/projects/queer/database/title/jimmy-divided,Other,no_explicit_named_character_pattern
JoJo's Diner,2017,https://representme.charity/projects/queer/database/title/jojo-s-diner,Nonbinary / non-conforming,no_explicit_named_character_pattern
Joyride,2019,https://representme.charity/projects/queer/database/title/joyride,Asexual / aromantic; Nonbinary / non-conforming; Polyamory,no_explicit_named_character_pattern
JUMPSCARE,2018,https://representme.charity/projects/queer/database/title/jumpscare,Lesbian,no_explicit_named_character_pattern
Juniper's Knot,2012,https://representme.charity/projects/queer/database/title/juniper-s-knot,Lesbian,no_explicit_named_character_pattern
Just A Little Lovin’,2017,https://representme.charity/projects/queer/database/title/just-a-little-lovin-,Other,no_explicit_named_character_pattern
Katahane,2010,https://representme.charity/projects/queer/database/title/katahane,Lesbian,no_explicit_named_character_pattern
Katamari Damacy,2004,https://representme.charity/projects/queer/database/title/katamari-damacy,Gay,no_explicit_named_character_pattern
Katana + Shoujo,2016,https://representme.charity/projects/queer/database/title/katana-shoujo,Lesbian,no_explicit_named_character_pattern
Katawa Shoujo,2012,https://representme.charity/projects/queer/database/title/katawa-shoujo,Lesbian,no_explicit_named_character_pattern
Keep a Straight Face,2016,https://representme.charity/projects/queer/database/title/keep-a-straight-face,Other,no_explicit_named_character_pattern
Kendall & Kylie,2016,https://representme.charity/projects/queer/database/title/kendall-and-kylie,Lesbian; Polyamory,no_explicit_named_character_pattern
"Kest, The Fall",2018,https://representme.charity/projects/queer/database/title/kest-the-fall,Other; Trans woman; Nonbinary / non-conforming; Polyamory,no_explicit_named_character_pattern
Killer7,2005,https://representme.charity/projects/queer/database/title/killer-7,Gay,no_explicit_named_character_pattern
Killing Time at Lightspeed,2016,https://representme.charity/projects/queer/database/title/killing-time-at-lightspeed,Nonbinary / non-conforming; Trans woman; Trans man,no_explicit_named_character_pattern
Kim Kardashian: Hollywood,2014,https://representme.charity/projects/queer/database/title/kim-kardashian-hollywood,Lesbian; Polyamory,no_explicit_named_character_pattern
Kindness Coins,2013,https://representme.charity/projects/queer/database/title/kindness-coins,Lesbian,no_explicit_named_character_pattern
Kindred Spirits on the Roof,2016,https://representme.charity/projects/queer/database/title/kindred-spirits-on-the-roof,Lesbian,no_explicit_named_character_pattern
King Exit,2017,https://representme.charity/projects/queer/database/title/king-exit,Lesbian,no_explicit_named_character_pattern
King of Fighters series,1994 – 2016,https://representme.charity/projects/queer/database/title/king-of-fighters,Gay; Trans man,aggregate_page_requires_game_version
Kirigami Dominatrix Display Simulator,2017,https://representme.charity/projects/queer/database/title/kirigami-dominatrix-display-simulator,Playersexual,no_explicit_named_character_pattern
Kisses & Curses,2016,https://representme.charity/projects/queer/database/title/kisses-and-curses,Bisexual / plurisexual; Playersexual,no_explicit_named_character_pattern
Kissing Time,2016,https://representme.charity/projects/queer/database/title/kissing-time,Other,no_explicit_named_character_pattern
Kitty Powers' Love Life,2018,https://representme.charity/projects/queer/database/title/kitty-powers-love-life,Gay; Lesbian,no_explicit_named_character_pattern
Kitty Powers Matchmaker,2015,https://representme.charity/projects/queer/database/title/kitty-powers-matchmaker,Gay; Lesbian,no_explicit_named_character_pattern
Knights College,2020,https://representme.charity/projects/queer/database/title/knights-college,Gay,no_explicit_named_character_pattern
Kudos,2006,https://representme.charity/projects/queer/database/title/kudos,Gay; Lesbian,no_explicit_named_character_pattern
La Maupin to the Rescue,2017,https://representme.charity/projects/queer/database/title/la-maupin-to-the-rescue,Lesbian,no_explicit_named_character_pattern
Ladykiller in a Bind,2016,https://representme.charity/projects/queer/database/title/ladykiller-in-a-bind,Gay; Lesbian; Nonbinary / non-conforming; Cross-dressing; Asexual / aromantic; Bisexual / plurisexual,no_explicit_named_character_pattern
Lagoon Lounge,2018,https://representme.charity/projects/queer/database/title/lagoon-lounge,Gay,no_explicit_named_character_pattern
Lakeview Cabin Collection,2015,https://representme.charity/projects/queer/database/title/lakeview-cabin,Playersexual,no_explicit_named_character_pattern
Lakeview Valley,2019,https://representme.charity/projects/queer/database/title/lakeview-valley,Bisexual / plurisexual; Intersex; Nonbinary / non-conforming; Polyamory,no_explicit_named_character_pattern
Langrisser Re:Incarnation Tensei,2016,https://representme.charity/projects/queer/database/title/langrisser-re-incarnation-tensei,Playersexual,no_explicit_named_character_pattern
Last Days of Spring,2015,https://representme.charity/projects/queer/database/title/last-days-of-spring,Lesbian; Bisexual / plurisexual,no_explicit_named_character_pattern
Last Night in Tokyo,2017,https://representme.charity/projects/queer/database/title/last-night-in-tokyo,Lesbian; Other,no_explicit_named_character_pattern
Late Night Breakfast,2018,https://representme.charity/projects/queer/database/title/late-night-breakfast,Lesbian,no_explicit_named_character_pattern
League of Legends,2009,https://representme.charity/projects/queer/database/title/league-of-legends,Lesbian; Bisexual / plurisexual; Gay,no_explicit_named_character_pattern
Legena: Union Tides,2015,https://representme.charity/projects/queer/database/title/legena-union-tides,Gay; Other,no_explicit_named_character_pattern
Legends of Talia,2017,https://representme.charity/projects/queer/database/title/legends-of-talia,Lesbian,no_explicit_named_character_pattern
Leisure Suit Larry series,1987 – 2013,https://representme.charity/projects/queer/database/title/leisure-suit-larry,Gay; Lesbian; Trans woman; Crossdressing,aggregate_page_requires_game_version
Lesbian Fight Agent 12,2017,https://representme.charity/projects/queer/database/title/lesbian-fight-agent-,Lesbian,no_explicit_named_character_pattern
Lesbian Spider-Queens of Mars,2016,https://representme.charity/projects/queer/database/title/lesbian-spider-queens-from-mars,Lesbian,no_explicit_named_character_pattern
LESBIAN VAMPIRE DATING ONLINE,2017,https://representme.charity/projects/queer/database/title/lesbian-vampire-dating-online,Lesbian,no_explicit_named_character_pattern
Lethe,2016,https://representme.charity/projects/queer/database/title/lethe,Gay,no_explicit_named_character_pattern
Leviathan: The Last Day of the Decade,2014,https://representme.charity/projects/queer/database/title/leviathan,Gay,no_explicit_named_character_pattern
Liar Liar,2014,https://representme.charity/projects/queer/database/title/liar-liar,Lesbian,no_explicit_named_character_pattern
Libretta,2016,https://representme.charity/projects/queer/database/title/libretta,Other,no_explicit_named_character_pattern
Life is Strange,2015-2017,https://representme.charity/projects/queer/database/title/life-is-strange,Bisexual / plurisexual; Nonbinary / non-conforming,no_explicit_named_character_pattern
Lifeline,2016,https://representme.charity/projects/queer/database/title/lifeline,Nonbinary / non-conforming,no_explicit_named_character_pattern
lilac and her light,2018,https://representme.charity/projects/queer/database/title/lilac-and-her-light,Lesbian,no_explicit_named_character_pattern
Lilies and Daruma,2016-2017,https://representme.charity/projects/queer/database/title/lilies-and-daruma,Lesbian,no_explicit_named_character_pattern
Lily Seed,2015,https://representme.charity/projects/queer/database/title/lily-seed,Lesbian; Playersexual; Asexual / aromantic; Polyamory; Trans woman,no_explicit_named_character_pattern
Lily X Blade,2015,https://representme.charity/projects/queer/database/title/lily-x-blade,Cross-dressing; Lesbian,no_explicit_named_character_pattern
Lilycal Laika,2015,https://representme.charity/projects/queer/database/title/lilycal-laika,Lesbian; Trans woman; Trans man,no_explicit_named_character_pattern
LilyCon 2017,2017,https://representme.charity/projects/queer/database/title/lilycon-,Lesbian; Trans woman,no_explicit_named_character_pattern
Lim,2012,https://representme.charity/projects/queer/database/title/lim,Other,no_explicit_named_character_pattern
Limit Panic!,2010,https://representme.charity/projects/queer/database/title/limit-panic,Lesbian,no_explicit_named_character_pattern
Linmeadow Guild,2016,https://representme.charity/projects/queer/database/title/linmeadow-guild,Lesbian; Playersexual,no_explicit_named_character_pattern
LISA,2014,https://representme.charity/projects/queer/database/title/lisa,Bisexual / plurisexual; Cross-dressing; Gay; Trans man; Lesbian,no_explicit_named_character_pattern
Little Green Girls,2018,https://representme.charity/projects/queer/database/title/little-green-girls,Lesbian,no_explicit_named_character_pattern
Little Witch Story,2015,https://representme.charity/projects/queer/database/title/little-witch-story,Asexual / aromantic; Nonbinary / non-conforming; Polyamory; Bisexual / plurisexual; Gay; Lesbian; Trans man; Trans woman; Other,no_explicit_named_character_pattern
Loan Wolf,2016,https://representme.charity/projects/queer/database/title/loan-wolf,,no_explicit_named_character_pattern
Lobotomy Corporation,2016,https://representme.charity/projects/queer/database/title/lobotomy-corporation,Other,no_explicit_named_character_pattern
Lonely Wolf Treat series,2016 – 2018,https://representme.charity/projects/queer/database/title/lonely-wolf-treat-series,Lesbian,aggregate_page_requires_game_version
Lonely Yuri,2011,https://representme.charity/projects/queer/database/title/lonely-yuri,Lesbian,no_explicit_named_character_pattern
Long Live the Queen,2013,https://representme.charity/projects/queer/database/title/long-live-the-queen,Lesbian,no_explicit_named_character_pattern
LongStory,2014,https://representme.charity/projects/queer/database/title/longstory,Nonbinary / non-conforming; Playersexual; Bisexual / plurisexual; Lesbian,no_explicit_named_character_pattern
Loren the Amazon Princess,2014,https://representme.charity/projects/queer/database/title/loren-the-amazon-princess,Bisexual / plurisexual,no_explicit_named_character_pattern
Love & Legends,2017,https://representme.charity/projects/queer/database/title/love-and-legends,Bisexual / plurisexual; Gay; Lesbian; Nonbinary / non-conforming,no_explicit_named_character_pattern
Love & Order,2011,https://representme.charity/projects/queer/database/title/love-and-order,Playersexual; Lesbian,no_explicit_named_character_pattern
Love Awake,2017,https://representme.charity/projects/queer/database/title/love-awake,Lesbian; Asexual / aromantic; Gay,no_explicit_named_character_pattern
Love Bites,2018,https://representme.charity/projects/queer/database/title/love-bites,Playersexual,no_explicit_named_character_pattern
"Love, Guitars, and the Nashville Skyline",2016,https://representme.charity/projects/queer/database/title/love-guitars-and-the-nashville-skyline,Lesbian,no_explicit_named_character_pattern
Love Hotel,2013,https://representme.charity/projects/queer/database/title/love-hotel,Gay; Lesbian; Nonbinary / non-conforming,no_explicit_named_character_pattern
Love in the Glen,2016,https://representme.charity/projects/queer/database/title/love-in-the-glen,Bisexual / plurisexual,no_explicit_named_character_pattern
Love is Strange,2016,https://representme.charity/projects/queer/database/title/love-is-strange,Bisexual / plurisexual; Lesbian,no_explicit_named_character_pattern
Love Live! School Idol Festival,2016,https://representme.charity/projects/queer/database/title/love-live,Lesbian,no_explicit_named_character_pattern
Love on the Peacock Express,2017,https://representme.charity/projects/queer/database/title/love-on-the-peacock-express,Lesbian,no_explicit_named_character_pattern
Love Paradox,2017,https://representme.charity/projects/queer/database/title/love-paradox,Lesbian,no_explicit_named_character_pattern
Love Ribbon,2017,https://representme.charity/projects/queer/database/title/love-ribbon,Lesbian,no_explicit_named_character_pattern
"Love, Thy Neighbor",2017,https://representme.charity/projects/queer/database/title/love-thy-neighbor,Lesbian,no_explicit_named_character_pattern
Love Witches,2018,https://representme.charity/projects/queer/database/title/love-witches,,no_explicit_named_character_pattern
LoveBeat,2016,https://representme.charity/projects/queer/database/title/lovebeat,Playersexual,no_explicit_named_character_pattern
LoveHacks,2016,https://representme.charity/projects/queer/database/title/lovehacks,Playersexual; Bisexual / plurisexual; Lesbian,no_explicit_named_character_pattern
Lovely Anemone,2018,https://representme.charity/projects/queer/database/title/lovely-anemone,Asexual / aromantic; Lesbian,no_explicit_named_character_pattern
Lovely Fairy Action,2019,https://representme.charity/projects/queer/database/title/lovely-fairy-action,Bisexual / plurisexual,no_explicit_named_character_pattern
Lovestruck (portal app),2016,https://representme.charity/projects/queer/database/title/lovestruck,,no_explicit_named_character_pattern
Lucent Heart,2016,https://representme.charity/projects/queer/database/title/lucent-heart,Playersexual,no_explicit_named_character_pattern
Lucius II,2015,https://representme.charity/projects/queer/database/title/lucius-ii,Gay,no_explicit_named_character_pattern
Luminous Arc 3,2009,https://representme.charity/projects/queer/database/title/luminous-arc-3,Gay,no_explicit_named_character_pattern
lumpo,2016,https://representme.charity/projects/queer/database/title/lumpo,Lesbian,no_explicit_named_character_pattern
Lunar Days Sim Date,2012,https://representme.charity/projects/queer/database/title/lunar-days-sim-date,Playersexual; Lesbian,no_explicit_named_character_pattern
Mabinogi,2004,https://representme.charity/projects/queer/database/title/mabinogi,Playersexual,no_explicit_named_character_pattern
Mad About The Boy,2010,https://representme.charity/projects/queer/database/title/mad-about-the-boy,Cross-dressing; Polyamory,no_explicit_named_character_pattern
Madoka Magica,2012,https://representme.charity/projects/queer/database/title/madoka-magica,Lesbian,no_explicit_named_character_pattern
Magi Trials,2016,https://representme.charity/projects/queer/database/title/magi-trials,Playersexual; Trans woman,no_explicit_named_character_pattern
Magic Mirror Hall,2018,https://representme.charity/projects/queer/database/title/magic-mirror-hall,Lesbian; Nonbinary / non-conforming,no_explicit_named_character_pattern
Magic: the Gathering,1993 – ongoing,https://representme.charity/projects/queer/database/title/magic-the-gathering,Gay; Trans woman,no_explicit_named_character_pattern
Magical Diary,2012,https://representme.charity/projects/queer/database/title/magical-diary,Bisexual / plurisexual; Lesbian; Nonbinary / non-conforming,no_explicit_named_character_pattern
Magical Mystery Cure,2018,https://representme.charity/projects/queer/database/title/magical-mystery-cure,Bisexual / plurisexual; Nonbinary / non-conforming; Trans woman,no_explicit_named_character_pattern
Magical Warrior Diamond Heart,2018,https://representme.charity/projects/queer/database/title/magical-warrior-diamond-heart,Bisexual / plurisexual; Other; Playersexual,no_explicit_named_character_pattern
Magical Witch Bell and Her Non-Magical Friends,2017,https://representme.charity/projects/queer/database/title/magical-witch-bell-and-her-non-magical-friends,Lesbian,no_explicit_named_character_pattern
Magician's Quest: Mysterious Times,2009,https://representme.charity/projects/queer/database/title/magicians-quest-mysterious-times,Playersexual,no_explicit_named_character_pattern
Mahou Shoujo Žižek-chan!,2014,https://representme.charity/projects/queer/database/title/mahou-shoujo,Trans woman,no_explicit_named_character_pattern
Mainichi,2012,https://representme.charity/projects/queer/database/title/mainichi,Trans woman,no_explicit_named_character_pattern
Maji De Watashi Ni Koi Shinasai,2009,https://representme.charity/projects/queer/database/title/maji-de-watashi,Playersexual; Bisexual / plurisexual; Gay,no_explicit_named_character_pattern
Majotori,2017,https://representme.charity/projects/queer/database/title/majotori,Lesbian,no_explicit_named_character_pattern
Malus Code,2016,https://representme.charity/projects/queer/database/title/malus-code,Cross-dressing,no_explicit_named_character_pattern
Maniac Mansion II: Day of the Tentacle,1987,https://representme.charity/projects/queer/database/title/maniac-mansion,Cross-dressing,no_explicit_named_character_pattern
Mario franchise,1981 – 2016,https://representme.charity/projects/queer/database/title/mario-franchise,Nonbinary / non-conforming; Trans woman,aggregate_page_requires_game_version
Mario + Rabbids Kingdom Battle,2017,https://representme.charity/projects/queer/database/title/mario-rabbids-kingdom-battle,Trans woman,no_explicit_named_character_pattern
Masquerada: Songs and Shadows,2016,https://representme.charity/projects/queer/database/title/masquerada-songs-and-shadows,Gay,no_explicit_named_character_pattern
Mass Effect series,2007 – 2012,https://representme.charity/projects/queer/database/title/mass-effect,Playersexual; Asexual / aromantic; Bisexual / plurisexual; Gay; Lesbian; Nonbinary / non-conforming; Trans woman,aggregate_page_requires_game_version
Massive Chalice,2015,https://representme.charity/projects/queer/database/title/massive-chalice,Playersexual,no_explicit_named_character_pattern
Max's Big Bust,2017,https://representme.charity/projects/queer/database/title/max-s-big-bust,Playersexual; Trans woman,no_explicit_named_character_pattern
May,2018,https://representme.charity/projects/queer/database/title/may,Gay,no_explicit_named_character_pattern
Mean Girls: The Game,2015,https://representme.charity/projects/queer/database/title/mean-girls,Gay,no_explicit_named_character_pattern
Mega Man X7,2003,https://representme.charity/projects/queer/database/title/mega-man-x7,Gay,no_explicit_named_character_pattern
Melos,2015,https://representme.charity/projects/queer/database/title/melos,Lesbian,no_explicit_named_character_pattern
MELT,2018,https://representme.charity/projects/queer/database/title/melt,Gay,no_explicit_named_character_pattern
Melty's Quest,2017,https://representme.charity/projects/queer/database/title/melty-s-quest,Lesbian,no_explicit_named_character_pattern
Memoriae,2016,https://representme.charity/projects/queer/database/title/memoriae,Other,no_explicit_named_character_pattern
Men Bang,2018,https://representme.charity/projects/queer/database/title/men-bang,Gay,no_explicit_named_character_pattern
Merely a Regret,2019,https://representme.charity/projects/queer/database/title/merely-a-regret,Bisexual / plurisexual; Nonbinary / non-conforming,no_explicit_named_character_pattern
Mermaid Splash! Passion Festival,2017,https://representme.charity/projects/queer/database/title/mermaid-splash-passion-festival,Lesbian,no_explicit_named_character_pattern
Metal Gear series,1987 – 2015,https://representme.charity/projects/queer/database/title/metal-gear-series,Gay; Bisexual / plurisexual,aggregate_page_requires_game_version
Metroid,1986,https://representme.charity/projects/queer/database/title/metroid,Nonbinary / non-conforming,no_explicit_named_character_pattern
Midboss,2017,https://representme.charity/projects/queer/database/title/midboss,Nonbinary / non-conforming,no_explicit_named_character_pattern
Middleware,2017,https://representme.charity/projects/queer/database/title/middleware,Nonbinary / non-conforming,no_explicit_named_character_pattern
Midsummer Haze,2004,https://representme.charity/projects/queer/database/title/midsummer-haze,Lesbian,no_explicit_named_character_pattern
Mighty Jill Off,2008,https://representme.charity/projects/queer/database/title/mighty-jill-off,Lesbian; Other,no_explicit_named_character_pattern
Miitomo,2016,https://representme.charity/projects/queer/database/title/miitomo,Other,no_explicit_named_character_pattern
Mike Dies,2018,https://representme.charity/projects/queer/database/title/mike-dies,Gay,no_explicit_named_character_pattern
Mike Tyson's Punch-Out!!,1987,https://representme.charity/projects/queer/database/title/mike-tysons-punch-out,Gay,no_explicit_named_character_pattern
Miko Gakkou Monogatari,2015,https://representme.charity/projects/queer/database/title/miko-gakkou-monogatari,Lesbian,no_explicit_named_character_pattern
Mine Road,2015,https://representme.charity/projects/queer/database/title/mine-road,Lesbian,no_explicit_named_character_pattern
Mint and the Secret of the Bunnoys,2018,https://representme.charity/projects/queer/database/title/mint-and-the-secret-of-the-bunnoys,Lesbian,no_explicit_named_character_pattern
Miraclr,2018,https://representme.charity/projects/queer/database/title/miraclr,Nonbinary / non-conforming; Playersexual,no_explicit_named_character_pattern
Miss Fisher and the Deathly Maze,2017,https://representme.charity/projects/queer/database/title/miss-fisher-and-the-deathly-maze,Lesbian,no_explicit_named_character_pattern
missed messages.,2019,https://representme.charity/projects/queer/database/title/missed-messages-,Lesbian; Trans woman,no_explicit_named_character_pattern
Mobilize,2017,https://representme.charity/projects/queer/database/title/mobilize,Lesbian; Nonbinary / non-conforming,no_explicit_named_character_pattern
Moebius: Empire Rising,2014,https://representme.charity/projects/queer/database/title/moebius,Bisexual / plurisexual; Gay,no_explicit_named_character_pattern
Moekuri,2016,https://representme.charity/projects/queer/database/title/moekuri,Lesbian,no_explicit_named_character_pattern
Monitor,2017,https://representme.charity/projects/queer/database/title/monitor,Lesbian,no_explicit_named_character_pattern
Monkeys & Dragons,2019,https://representme.charity/projects/queer/database/title/monkeys-dragons,Bisexual / plurisexual; Gay,no_explicit_named_character_pattern
Monster Girl Gaynerations: Ghoulfriends for Life,2017,https://representme.charity/projects/queer/database/title/monster-girl-gaynerations,Lesbian,no_explicit_named_character_pattern
Monster Girl University,2017,https://representme.charity/projects/queer/database/title/monster-girl-university,Lesbian,no_explicit_named_character_pattern
Monster Hunting... For Love!,2018,https://representme.charity/projects/queer/database/title/monster-hunting-for-love-,Bisexual / plurisexual; Nonbinary / non-conforming,no_explicit_named_character_pattern
Monster Monpiece,2017,https://representme.charity/projects/queer/database/title/monster-monpiece,Lesbian,no_explicit_named_character_pattern
Monster Prom,2018,https://representme.charity/projects/queer/database/title/monster-prom,Nonbinary / non-conforming; Playersexual; Bisexual / plurisexual,no_explicit_named_character_pattern
Monster Seeking Monster,2017,https://representme.charity/projects/queer/database/title/monster-seeking-monster,Playersexual,no_explicit_named_character_pattern
Monsterhearts,2012 – 2017,https://representme.charity/projects/queer/database/title/monsterhearts,Asexual / aromantic; Other,no_explicit_named_character_pattern
Moon Hunters,2016,https://representme.charity/projects/queer/database/title/moon-hunters,Bisexual / plurisexual; Nonbinary / non-conforming,no_explicit_named_character_pattern
Moon Tree,2015,https://representme.charity/projects/queer/database/title/moon-tree,Gay,no_explicit_named_character_pattern
Moonmist,1986,https://representme.charity/projects/queer/database/title/moonmist,Lesbian,no_explicit_named_character_pattern
Morenatsu,2015,https://representme.charity/projects/queer/database/title/morenatsu,Gay,no_explicit_named_character_pattern
Morph Girl,2017,https://representme.charity/projects/queer/database/title/morph-girl,Lesbian,no_explicit_named_character_pattern
Mortal Kombat X,2015,https://representme.charity/projects/queer/database/title/mortal-kombat-x,Gay,no_explicit_named_character_pattern
Mother series,1994 – 2015,https://representme.charity/projects/queer/database/title/mother,Gay; Nonbinary / non-conforming,aggregate_page_requires_game_version
Mount Your Friends,2014,https://representme.charity/projects/queer/database/title/mount-your-friends,Gay,no_explicit_named_character_pattern
Moving Day,2019,https://representme.charity/projects/queer/database/title/moving-day,Gay,no_explicit_named_character_pattern
Murder in the Mail: A Bloody Birthday,Not yet released,https://representme.charity/projects/queer/database/title/murder-in-the-mail-a-bloody-birthday,Playersexual,no_explicit_named_character_pattern
Mutants & Masterminds,2002,https://representme.charity/projects/queer/database/title/mutants-masterminds,Other,no_explicit_named_character_pattern
Mutazione,2019,https://representme.charity/projects/queer/database/title/mutazione,Bisexual / plurisexual; Lesbian; Asexual / aromantic,no_explicit_named_character_pattern
Mutiny!!,2017,https://representme.charity/projects/queer/database/title/mutiny-,Playersexual; Intersex,no_explicit_named_character_pattern
Mx. Universe,2016,https://representme.charity/projects/queer/database/title/mx-universe,Nonbinary / non-conforming,no_explicit_named_character_pattern
My Beastly Lovers,2018,https://representme.charity/projects/queer/database/title/my-beastly-lovers,Playersexual,no_explicit_named_character_pattern
My Boyfriend the Necromancer,2016,https://representme.charity/projects/queer/database/title/my-boyfriend-the-necromancer,Gay,no_explicit_named_character_pattern
My Burning Heart,2018,https://representme.charity/projects/queer/database/title/my-burning-heart,Gay; Bisexual / plurisexual,no_explicit_named_character_pattern
My Candy Love,2011,https://representme.charity/projects/queer/database/title/my-candy-love,Gay,no_explicit_named_character_pattern
My Ex-Boyfriend the Space Tyrant,2012,https://representme.charity/projects/queer/database/title/my-ex-boyfriend-the-space-tyrant,Gay,no_explicit_named_character_pattern
"My GF is a tyrant, but it's not her fault, okay?",2018,https://representme.charity/projects/queer/database/title/my-gf-is-a-tyrant-but-it-s-not-her-fault-okay-,Lesbian,no_explicit_named_character_pattern
My Magical Demon Lover,2018,https://representme.charity/projects/queer/database/title/my-magical-demon-lover,Gay,no_explicit_named_character_pattern
My Time at Portia,2015,https://representme.charity/projects/queer/database/title/my-time-at-portia,Playersexual,no_explicit_named_character_pattern
My Virtual Gay Boyfriend,2015,https://representme.charity/projects/queer/database/title/my-virtual-gay-boyfriend,Gay,no_explicit_named_character_pattern
Mystics of Sapphia (Prelude),2018,https://representme.charity/projects/queer/database/title/mystics-of-sapphia-prelude-,Lesbian; Trans man,no_explicit_named_character_pattern
Namco High,2013,https://representme.charity/projects/queer/database/title/namco-high,Nonbinary / non-conforming; Playersexual,no_explicit_named_character_pattern
Nancy Drew: Sea of Darkness,2015,https://representme.charity/projects/queer/database/title/nancy-drew-sea-of-darkness,Lesbian,no_explicit_named_character_pattern
Natsumi & Fuyuko: All That's Inbetween,2015,https://representme.charity/projects/queer/database/title/natsumi-fuyuko-all-that-s-inbetween,Lesbian,no_explicit_named_character_pattern
Naxos,2018,https://representme.charity/projects/queer/database/title/naxos,Bisexual / plurisexual; Lesbian,no_explicit_named_character_pattern
Ne no Kami: The Two Princess Knights of Kyoto,2016,https://representme.charity/projects/queer/database/title/ne-no-kami-the-two-princess-knights-of-kyoto,Lesbian,no_explicit_named_character_pattern
Negligee,2016,https://representme.charity/projects/queer/database/title/negligee,Lesbian,no_explicit_named_character_pattern
Nekojishi,2017,https://representme.charity/projects/queer/database/title/nekojishi,Gay,no_explicit_named_character_pattern
Nell's Night,2016,https://representme.charity/projects/queer/database/title/nell-s-night,Lesbian,no_explicit_named_character_pattern
Neon Genesis Evangelion,1999,https://representme.charity/projects/queer/database/title/neon-genesis-evangelion,Gay,no_explicit_named_character_pattern
Neverwinter Nights series,2002,https://representme.charity/projects/queer/database/title/neverwinter-nights,Playersexual; Bisexual / plurisexual,aggregate_page_requires_game_version
Nicki Minaj: The Empire,2016,https://representme.charity/projects/queer/database/title/nicki-minaj,Lesbian,no_explicit_named_character_pattern
Night Witches,2015,https://representme.charity/projects/queer/database/title/night-witches,Other,no_explicit_named_character_pattern
Nightmare on Ra Street,2016,https://representme.charity/projects/queer/database/title/nightmare-on-ra-street,Lesbian,no_explicit_named_character_pattern
NiGHTS Into Dreams,1995,https://representme.charity/projects/queer/database/title/nights-into-dreams,Nonbinary / non-conforming,no_explicit_named_character_pattern
Nights of Azure,2017,https://representme.charity/projects/queer/database/title/nights-of-azure,Lesbian,no_explicit_named_character_pattern
Ninja Pizza Girl,2015,https://representme.charity/projects/queer/database/title/ninja-pizza-girl,Trans woman,no_explicit_named_character_pattern
No Man's Sky,2016,https://representme.charity/projects/queer/database/title/no-mans-sky,Nonbinary / non-conforming; Other,no_explicit_named_character_pattern
No One But You,2016,https://representme.charity/projects/queer/database/title/no-one-but-you,Playersexual,no_explicit_named_character_pattern
"No Stars, Only Constellations",2016,https://representme.charity/projects/queer/database/title/no-stars-only-constellations,Gay,no_explicit_named_character_pattern
"No, Thank You!!!",2013,https://representme.charity/projects/queer/database/title/no-thank-you,Gay,no_explicit_named_character_pattern
Nocturnal Affair,2016,https://representme.charity/projects/queer/database/title/nocturnal-affair,Bisexual / plurisexual; Gay,no_explicit_named_character_pattern
Norilsk,2018,https://representme.charity/projects/queer/database/title/norilsk,Gay,no_explicit_named_character_pattern
NORTH,2019,https://representme.charity/projects/queer/database/title/north,Gay,no_explicit_named_character_pattern
Northanger Abbey,2019,https://representme.charity/projects/queer/database/title/northanger-abbey,Bisexual / plurisexual; Cross-dressing; Gay; Lesbian; Nonbinary / non-conforming; Trans man; Trans woman,no_explicit_named_character_pattern
Notes of a Snow Flower,2016,https://representme.charity/projects/queer/database/title/notes-of-a-snow-flower,Lesbian,no_explicit_named_character_pattern
Number Days Sim Date,2012,https://representme.charity/projects/queer/database/title/number-days,Lesbian,no_explicit_named_character_pattern
Numenera,2013,https://representme.charity/projects/queer/database/title/numenera,Bisexual / plurisexual; Gay; Lesbian,no_explicit_named_character_pattern
Nummyz (developer),N/A,https://representme.charity/projects/queer/database/title/nummyz,Bisexual / plurisexual; Gay; Lesbian,aggregate_page_requires_game_version
Nurse Love Addiction,2016,https://representme.charity/projects/queer/database/title/nurse-love-addiction,Lesbian,no_explicit_named_character_pattern
>Observer_,2018,https://representme.charity/projects/queer/database/title/observer,Lesbian,no_explicit_named_character_pattern
Oceanic Hearts,2016,https://representme.charity/projects/queer/database/title/oceanic-hearts,Lesbian,no_explicit_named_character_pattern
Of Love and Sorrow,2016,https://representme.charity/projects/queer/database/title/of-love-and-sorrow,Playersexual; Gay,no_explicit_named_character_pattern
Ohmygod Are You Alright?,2016,https://representme.charity/projects/queer/database/title/ohmygod-are-you-alright,Trans woman,no_explicit_named_character_pattern
Ōkami,2006,https://representme.charity/projects/queer/database/title/okami,Nonbinary / non-conforming,no_explicit_named_character_pattern
Ollpheist High,2017,https://representme.charity/projects/queer/database/title/ollpheist-high,Trans woman,no_explicit_named_character_pattern
Once on a Windswept Night,2017,https://representme.charity/projects/queer/database/title/once-on-a-windswept-night,Lesbian; Nonbinary / non-conforming,no_explicit_named_character_pattern
One,2013,https://representme.charity/projects/queer/database/title/one,Gay,no_explicit_named_character_pattern
"one night, hot springs series",2018,https://representme.charity/projects/queer/database/title/one-night-hot-springs,Lesbian; Trans woman; Asexual / aromantic; Bisexual / plurisexual,aggregate_page_requires_game_version
One Small Favor,2016,https://representme.charity/projects/queer/database/title/one-small-favor,Lesbian,no_explicit_named_character_pattern
"One's Lonesome, Two's Company",2018,https://representme.charity/projects/queer/database/title/ones-lonesome-twos-company,Lesbian,no_explicit_named_character_pattern
Onlove,2016,https://representme.charity/projects/queer/database/title/onlove,Lesbian,no_explicit_named_character_pattern
Orc Breeding,2020,https://representme.charity/projects/queer/database/title/orc-breeding,Gay; Polyamory,no_explicit_named_character_pattern
Orgy In The Fens,2016,https://representme.charity/projects/queer/database/title/orgy-in-the-fens,Other,no_explicit_named_character_pattern
Orion Conspiracy,1995,https://representme.charity/projects/queer/database/title/orion-conspiracy,Gay,no_explicit_named_character_pattern
Orwell,2016,https://representme.charity/projects/queer/database/title/orwell,Gay,no_explicit_named_character_pattern
Osozaki: Late Blooming First,2016,https://representme.charity/projects/queer/database/title/osozaki-late-blooming-first,Other; Playersexual; Lesbian,no_explicit_named_character_pattern
Otoko Tower,2016,https://representme.charity/projects/queer/database/title/otoko-tower,Gay,no_explicit_named_character_pattern
Otter of My Life,2019,https://representme.charity/projects/queer/database/title/otter-of-my-life,Gay; Lesbian; Nonbinary / non-conforming; Playersexual,no_explicit_named_character_pattern
Our Radios Are Dying,2016,https://representme.charity/projects/queer/database/title/our-radios-are-dying,Lesbian,no_explicit_named_character_pattern
Our War Everlasting,2015,https://representme.charity/projects/queer/database/title/our-war-everlasting,Gay,no_explicit_named_character_pattern
Out,2016,https://representme.charity/projects/queer/database/title/out,Other,no_explicit_named_character_pattern
Out of Sync,2016,https://representme.charity/projects/queer/database/title/out-of-sync,Gay,no_explicit_named_character_pattern
Over the Edge,1992,https://representme.charity/projects/queer/database/title/over-the-edge,Gay,no_explicit_named_character_pattern
"Over Water, Under Hill",2018,https://representme.charity/projects/queer/database/title/over-water-under-hill,Asexual / aromantic,no_explicit_named_character_pattern
~Ow~,2016,https://representme.charity/projects/queer/database/title/ow,Lesbian,no_explicit_named_character_pattern
Oxenfree,2016,https://representme.charity/projects/queer/database/title/oxenfree,Playersexual,no_explicit_named_character_pattern
Package Chat,2019,https://representme.charity/projects/queer/database/title/package-chat,Lesbian; Bisexual / plurisexual,no_explicit_named_character_pattern
Painted in White,2016,https://representme.charity/projects/queer/database/title/painted-in-white,Lesbian,no_explicit_named_character_pattern
Painters Guild,2015,https://representme.charity/projects/queer/database/title/painters-guild,Gay,no_explicit_named_character_pattern
Paladins: Champions of the Realm,2018,https://representme.charity/projects/queer/database/title/paladins-champions-of-the-realm,Gay,no_explicit_named_character_pattern
Pale Spectrum,2017,https://representme.charity/projects/queer/database/title/pale-spectrum,Lesbian; Other,no_explicit_named_character_pattern
Palladium Fantasy Role-Playing Game,1983,https://representme.charity/projects/queer/database/title/palladium-fantasy-role-playing-game,Gay,no_explicit_named_character_pattern
"Papers, Please",2013,https://representme.charity/projects/queer/database/title/papers-please,Trans woman; Trans man,no_explicit_named_character_pattern
Paranormal Teens,2016,https://representme.charity/projects/queer/database/title/paranormal-teens,Playersexual,no_explicit_named_character_pattern
PaRappa the Rapper 2,2001,https://representme.charity/projects/queer/database/title/parappa-the-rapper-2,Gay,no_explicit_named_character_pattern
Parsnip,2018,https://representme.charity/projects/queer/database/title/parsnip,Cross-dressing; Nonbinary / non-conforming,no_explicit_named_character_pattern
Part 4: None,2018,https://representme.charity/projects/queer/database/title/part-none,Asexual / aromantic,no_explicit_named_character_pattern
Party in my Dorm,2016,https://representme.charity/projects/queer/database/title/party-in-my-dorm,Playersexual,no_explicit_named_character_pattern
Path of Exile,2013,https://representme.charity/projects/queer/database/title/path-of-exile,Lesbian; Gay,no_explicit_named_character_pattern
Pathfinder,2009,https://representme.charity/projects/queer/database/title/pathfinder,Gay; Lesbian; Nonbinary / non-conforming; Trans woman; Other,no_explicit_named_character_pattern
Pathologic,2005,https://representme.charity/projects/queer/database/title/pathologic,Polyamory,no_explicit_named_character_pattern
Paths Taken,2019,https://representme.charity/projects/queer/database/title/paths-taken,Bisexual / plurisexual; Nonbinary / non-conforming; Playersexual,no_explicit_named_character_pattern
Pendula Swing,2018,https://representme.charity/projects/queer/database/title/pendula-swing,Bisexual / plurisexual; Playersexual; Lesbian; Polyamory; Cross-dressing; Gay; Nonbinary / non-conforming,no_explicit_named_character_pattern
Penelope & Calliope,2018,https://representme.charity/projects/queer/database/title/penelope-calliope,Lesbian,no_explicit_named_character_pattern
PENGUIN CAFE,2018,https://representme.charity/projects/queer/database/title/penguin-cafe,Gay,no_explicit_named_character_pattern
Perseids,2018,https://representme.charity/projects/queer/database/title/perseids,Lesbian; Polyamory; Trans woman,no_explicit_named_character_pattern
Persona franchise,1996 – 2015,https://representme.charity/projects/queer/database/title/persona,Gay; Bisexual / plurisexual; Nonbinary / non-conforming; Playersexual,aggregate_page_requires_game_version
Phantasmagoria 2: A Puzzle of Flesh,1996,https://representme.charity/projects/queer/database/title/phantasmagoria-series,Bisexual / plurisexual; Gay; Polyamory,no_explicit_named_character_pattern
Phantasy Star II,1989,https://representme.charity/projects/queer/database/title/phantasy-star-ii,Gay,no_explicit_named_character_pattern
Phantom Pain,2019,https://representme.charity/projects/queer/database/title/phantom-pain,Nonbinary / non-conforming; Lesbian,no_explicit_named_character_pattern
Photographs,2021,https://representme.charity/projects/queer/database/title/photographs,Lesbian,no_explicit_named_character_pattern
Pillars of Eternity,2015,https://representme.charity/projects/queer/database/title/pillars-of-eternity,Lesbian,no_explicit_named_character_pattern
Pink White or Blue,2018,https://representme.charity/projects/queer/database/title/pink-white-or-blue,Trans woman,no_explicit_named_character_pattern
Pirate Queen,2018,https://representme.charity/projects/queer/database/title/pirate-queen,Lesbian,no_explicit_named_character_pattern
Pirates of the Burning Sea,2008,https://representme.charity/projects/queer/database/title/pirates-of-the-burning-sea,Gay; Lesbian,no_explicit_named_character_pattern
Pit People,2018,https://representme.charity/projects/queer/database/title/pit-people,Cross-dressing; Gay; Nonbinary / non-conforming,no_explicit_named_character_pattern
Pixie Panic Garden,2018,https://representme.charity/projects/queer/database/title/pixie-panic-garden,Lesbian; Trans woman,no_explicit_named_character_pattern
Plain,2016,https://representme.charity/projects/queer/database/title/plain,Lesbian,no_explicit_named_character_pattern
Planet Dysphoria,2017,https://representme.charity/projects/queer/database/title/planet-dysphoria,Trans man; Trans woman,no_explicit_named_character_pattern
Planet Stronghold series,2011 – 2017,https://representme.charity/projects/queer/database/title/planet-stronghold,Playersexual,aggregate_page_requires_game_version
Playboy: The Mansion,2005,https://representme.charity/projects/queer/database/title/playboy-the-mansion,Lesbian; Gay,no_explicit_named_character_pattern
Playerunknown's Battlegrounds,2018,https://representme.charity/projects/queer/database/title/playerunknown-s-battlegrounds,Cross-dressing,no_explicit_named_character_pattern
Plumbers Don't Wear Ties,1994,https://representme.charity/projects/queer/database/title/plumbers-dont-wear-ties,Gay,no_explicit_named_character_pattern
Pokémon franchise,1996 – 2016,https://representme.charity/projects/queer/database/title/pokemon-series,Cross-dressing; Gay; Lesbian; Trans woman,aggregate_page_requires_game_version
Pokémon Uranium,2016,https://representme.charity/projects/queer/database/title/pokemon-uranium,Nonbinary / non-conforming,no_explicit_named_character_pattern
Police Quest: Open Season,1987,https://representme.charity/projects/queer/database/title/police-quest,Cross-dressing; Gay,no_explicit_named_character_pattern
Pom Gets Wi-Fi,2013,https://representme.charity/projects/queer/database/title/pom-gets-wi-fi,Gay,no_explicit_named_character_pattern
Port Amadeus,2017,https://representme.charity/projects/queer/database/title/port-amadeus,Lesbian,no_explicit_named_character_pattern
Postal series,1997 - 2016,https://representme.charity/projects/queer/database/title/postal-series,Gay; Trans woman,aggregate_page_requires_game_version
PQRS The Game,2011,https://representme.charity/projects/queer/database/title/pqrs,Playersexual; Gay; Lesbian,no_explicit_named_character_pattern
Pretty Witchy Life,2016,https://representme.charity/projects/queer/database/title/pretty-witchy-life,Lesbian,no_explicit_named_character_pattern
Prey,2017,https://representme.charity/projects/queer/database/title/prey,Lesbian,no_explicit_named_character_pattern
Pride Run,To be released,https://representme.charity/projects/queer/database/title/pride-run,Other,no_explicit_named_character_pattern
PrideFest,2016,https://representme.charity/projects/queer/database/title/pridefest-game,Other,no_explicit_named_character_pattern
Pridissimo,2018,https://representme.charity/projects/queer/database/title/pridissimo,Other,no_explicit_named_character_pattern
Princess Maker 4,2005,https://representme.charity/projects/queer/database/title/princess-maker-4,Lesbian,no_explicit_named_character_pattern
Princess Remedy in a World of Hurt,2014,https://representme.charity/projects/queer/database/title/princess-remedy,Lesbian,no_explicit_named_character_pattern
Princesses's Maid,2015,https://representme.charity/projects/queer/database/title/princesses-s-maid,Lesbian,no_explicit_named_character_pattern
Problem Attic,2013,https://representme.charity/projects/queer/database/title/problem-attic,Other,no_explicit_named_character_pattern
Project Octopath Traveler,Not yet released,https://representme.charity/projects/queer/database/title/project-octopath-traveler,Bisexual / plurisexual,no_explicit_named_character_pattern
Project Resurgence,Not yet released,https://representme.charity/projects/queer/database/title/project-resurgence,Other,no_explicit_named_character_pattern
Psycho-Pass: Mandatory Happiness,2015,https://representme.charity/projects/queer/database/title/psycho-pass-mandatory-happiness,Lesbian,no_explicit_named_character_pattern
Psychonauts,2005,https://representme.charity/projects/queer/database/title/psychonauts,Bisexual / plurisexual; Lesbian,no_explicit_named_character_pattern
Pumpkin Online,Not yet released,https://representme.charity/projects/queer/database/title/pumpkin-online,Nonbinary / non-conforming; Playersexual,no_explicit_named_character_pattern
Punch Line,2019,https://representme.charity/projects/queer/database/title/punch-line,Trans man; Bisexual / plurisexual; Nonbinary / non-conforming,no_explicit_named_character_pattern
Purrfect Date,2017,https://representme.charity/projects/queer/database/title/purrfect-date,Nonbinary / non-conforming; Playersexual,no_explicit_named_character_pattern
Puzzle Dating,2017,https://representme.charity/projects/queer/database/title/puzzle-dating,Bisexual / plurisexual; Gay; Lesbian; Playersexual,no_explicit_named_character_pattern
Pyre,2017,https://representme.charity/projects/queer/database/title/pyre,Nonbinary / non-conforming; Lesbian; Playersexual; Other,no_explicit_named_character_pattern
Quantum Break,2016,https://representme.charity/projects/queer/database/title/quantum-break,Bisexual,no_explicit_named_character_pattern
Quantum Conscience,2014,https://representme.charity/projects/queer/database/title/quantum-conscience,Playersexual,no_explicit_named_character_pattern
Queen at Arms,2016,https://representme.charity/projects/queer/database/title/queen-at-arms,Nonbinary / non-conforming; Trans man; Other,no_explicit_named_character_pattern
Queen Cobra,2015,https://representme.charity/projects/queer/database/title/queen-cobra,Lesbian,no_explicit_named_character_pattern
Queen of Thieves,2017,https://representme.charity/projects/queer/database/title/queen-of-thieves,Lesbian,no_explicit_named_character_pattern
Queen's Gambit,2014,https://representme.charity/projects/queer/database/title/queens-gambit,Bisexual / plurisexual; Gay; Lesbian,no_explicit_named_character_pattern
Queer Coding,2017,https://representme.charity/projects/queer/database/title/queer-coding,Other,no_explicit_named_character_pattern
Queer Quest: All in a Gay's Work,Not yet released,https://representme.charity/projects/queer/database/title/queer-quest,Other,no_explicit_named_character_pattern
queered static,2015,https://representme.charity/projects/queer/database/title/queered-static,,no_explicit_named_character_pattern
Queers in Love at the End of the World,2013,https://representme.charity/projects/queer/database/title/queers-in-love-at-the-end-of-the-world,Lesbian,no_explicit_named_character_pattern
Queertastrophe,2013,https://representme.charity/projects/queer/database/title/queertastrophe,Other,no_explicit_named_character_pattern
Quest for Adventure,2019,https://representme.charity/projects/queer/database/title/quest-for-adventure,Gay,no_explicit_named_character_pattern
Questionable Farm,2017,https://representme.charity/projects/queer/database/title/questionable-farm,Other,no_explicit_named_character_pattern
Rabi-Ribi,2016,https://representme.charity/projects/queer/database/title/rabi-ribi,Lesbian,no_explicit_named_character_pattern
Rainbow Café,2017,https://representme.charity/projects/queer/database/title/rainbow-caf-,Other; Asexual / aromantic; Bisexual / plurisexual; Gay; Lesbian; Nonbinary / non-conforming; Trans man; Trans woman,no_explicit_named_character_pattern
Randal's Monday,2014,https://representme.charity/projects/queer/database/title/randal-s-monday,Cross-dressing; Gay; Trans woman,no_explicit_named_character_pattern
Re-birth,2016,https://representme.charity/projects/queer/database/title/re-birth,Gay,no_explicit_named_character_pattern
RE:BURN,2019,https://representme.charity/projects/queer/database/title/re-burn,Nonbinary / non-conforming,no_explicit_named_character_pattern
Re-telling,2018,https://representme.charity/projects/queer/database/title/re-telling,Other,no_explicit_named_character_pattern
Read Only Memories,2015,https://representme.charity/projects/queer/database/title/read-only-memories,Nonbinary / non-conforming; Lesbian,no_explicit_named_character_pattern
/reality,2017,https://representme.charity/projects/queer/database/title/reality,Nonbinary / non-conforming; Gay,no_explicit_named_character_pattern
Rebuild 3,2015,https://representme.charity/projects/queer/database/title/rebuild-,Gay; Lesbian,no_explicit_named_character_pattern
Recipe for Love,2017,https://representme.charity/projects/queer/database/title/recipe-for-love,Gay,no_explicit_named_character_pattern
Red and Beauty,2017,https://representme.charity/projects/queer/database/title/red-and-beauty,Gay,no_explicit_named_character_pattern
Red Dead Redemption,2010,https://representme.charity/projects/queer/database/title/red-dead-redemption,Bisexual / plurisexual; Lesbian,no_explicit_named_character_pattern
Red Embrace,2018,https://representme.charity/projects/queer/database/title/red-embrace,Gay,no_explicit_named_character_pattern
"Red Sisters, Black Sky",2017,https://representme.charity/projects/queer/database/title/red-sisters-black-sky,Lesbian,no_explicit_named_character_pattern
Red Trees,2019,https://representme.charity/projects/queer/database/title/red-trees,Lesbian; Bisexual / plurisexual; Gay,no_explicit_named_character_pattern
Redshift and Portalmetal,2015,https://representme.charity/projects/queer/database/title/redshift-and-portalmetal,Trans woman,no_explicit_named_character_pattern
Redshirt,2013,https://representme.charity/projects/queer/database/title/redshirt,Playersexual,no_explicit_named_character_pattern
Reflections,2018,https://representme.charity/projects/queer/database/title/reflections,Playersexual; Trans woman; Other,no_explicit_named_character_pattern
Regicide: Tale of the Forgotten Thief,2015,https://representme.charity/projects/queer/database/title/regicide,Lesbian,no_explicit_named_character_pattern
Reigns,2016,https://representme.charity/projects/queer/database/title/reigns,Playersexual; Gay,no_explicit_named_character_pattern
Relations,2018,https://representme.charity/projects/queer/database/title/relations,Gay,no_explicit_named_character_pattern
Remie and Alana,2016,https://representme.charity/projects/queer/database/title/remie-and-alana,Lesbian,no_explicit_named_character_pattern
Reminiscience Overwrite,2019,https://representme.charity/projects/queer/database/title/reminiscience-overwrite,Lesbian,no_explicit_named_character_pattern
Remothered: Tormented Fathers,2018,https://representme.charity/projects/queer/database/title/remothered-tormented-fathers,Trans man,no_explicit_named_character_pattern
Renowned Explorers,2015,https://representme.charity/projects/queer/database/title/renowned-explorers,Lesbian,no_explicit_named_character_pattern
Replicant or Lesbian,2017,https://representme.charity/projects/queer/database/title/replicant-or-lesbian,Lesbian,no_explicit_named_character_pattern
Requiescence,2016,https://representme.charity/projects/queer/database/title/requiescence,Gay,no_explicit_named_character_pattern
Resident Evil series,1996 – 2016,https://representme.charity/projects/queer/database/title/resident-evil-series,Cross-dressing; Gay; Nonbinary / non-conforming,aggregate_page_requires_game_version
Resonance of Fate,2010,https://representme.charity/projects/queer/database/title/resonance-of-fate,Bisexual / plurisexual; Gay,no_explicit_named_character_pattern
Return of the Phantom,1993,https://representme.charity/projects/queer/database/title/return-of-the-phantom,Gay,no_explicit_named_character_pattern
Revelation Online,2017,https://representme.charity/projects/queer/database/title/revelation-online,Playersexual; Other,no_explicit_named_character_pattern
Rex Nebular and the Cosmic Gender Bender,1992,https://representme.charity/projects/queer/database/title/rex-nebular,Trans woman; Trans man,no_explicit_named_character_pattern
RimWorld,2016,https://representme.charity/projects/queer/database/title/rimworld,Playersexual; Bisexual / plurisexual; Gay; Lesbian,no_explicit_named_character_pattern
Rinse and Repeat,2015,https://representme.charity/projects/queer/database/title/rinse-and-repeat,Gay,no_explicit_named_character_pattern
Rise of the Bloodmoon Curse,2015,https://representme.charity/projects/queer/database/title/rise-of-the-bloodmoon-curse,Lesbian,no_explicit_named_character_pattern
Rise of the Dragon,1990,https://representme.charity/projects/queer/database/title/rise-of-the-dragon,Trans woman; Trans man; Gay,no_explicit_named_character_pattern
Rising Angels series,2013 – 2017,https://representme.charity/projects/queer/database/title/rising-angels-series,Bisexual / plurisexual; Playersexual; Lesbian,aggregate_page_requires_game_version
Ristorante Amore,2012,https://representme.charity/projects/queer/database/title/ristorante-amore,Playersexual; Gay,no_explicit_named_character_pattern
Ritual of the Moon,2019,https://representme.charity/projects/queer/database/title/ritual-of-the-moon,Lesbian,no_explicit_named_character_pattern
Road Not Taken,2014,https://representme.charity/projects/queer/database/title/road-not-taken,Nonbinary / non-conforming; Playersexual,no_explicit_named_character_pattern
Robo-Tea series,2015 – 2017,https://representme.charity/projects/queer/database/title/robo-tea-series,Nonbinary / non-conforming; Playersexual; Polyamory,aggregate_page_requires_game_version
Robot Consciousness,2017,https://representme.charity/projects/queer/database/title/robot-consciousness,Lesbian; Other,no_explicit_named_character_pattern
Robots Need Love Too,2014,https://representme.charity/projects/queer/database/title/robots-need-love-too,Nonbinary / non-conforming,no_explicit_named_character_pattern
Rock Band series,2007 – 2015,https://representme.charity/projects/queer/database/title/rock-band,Gay; Other,aggregate_page_requires_game_version
Rogue Legacy,2013,https://representme.charity/projects/queer/database/title/rogue-legacy,Gay; Lesbian,no_explicit_named_character_pattern
Roguemance,2018,https://representme.charity/projects/queer/database/title/roguemance,Playersexual,no_explicit_named_character_pattern
Rolemaster: Shadow World,1987,https://representme.charity/projects/queer/database/title/rolemaster-shadow-world,Gay; Other,no_explicit_named_character_pattern
Romance Detective,2014,https://representme.charity/projects/queer/database/title/romance-detective,Lesbian,no_explicit_named_character_pattern
Romancing of Heroes: Boys' Side,2018,https://representme.charity/projects/queer/database/title/romancing-of-heroes-boys-side,Gay,no_explicit_named_character_pattern
Roommates,2014,https://representme.charity/projects/queer/database/title/roommates,Playersexual; Bisexual / plurisexual,no_explicit_named_character_pattern
Rose Seed Minigame,2018,https://representme.charity/projects/queer/database/title/rose-seed-minigame,Asexual / aromantic; Lesbian; Other,no_explicit_named_character_pattern
Rosewater,2016,https://representme.charity/projects/queer/database/title/rosewater,Lesbian,no_explicit_named_character_pattern
Roundabout,2014,https://representme.charity/projects/queer/database/title/roundabout,Lesbian,no_explicit_named_character_pattern
routine,2018,https://representme.charity/projects/queer/database/title/routine,Nonbinary / non-conforming,no_explicit_named_character_pattern
Rule of Rose,2006,https://representme.charity/projects/queer/database/title/rule-of-rose,Lesbian,no_explicit_named_character_pattern
Rules of Engagement,2016,https://representme.charity/projects/queer/database/title/rules-of-engagement,Lesbian,no_explicit_named_character_pattern
Runaway: A Road Adventure,2003,https://representme.charity/projects/queer/database/title/runaway-a-road-adventure,Cross-dressing; Gay,no_explicit_named_character_pattern
Rune Factory 4,2011,https://representme.charity/projects/queer/database/title/rune-factory-4,,no_explicit_named_character_pattern
Runescape,2001,https://representme.charity/projects/queer/database/title/runescape,Nonbinary / non-conforming; Trans woman; Trans man,no_explicit_named_character_pattern
RuPaul's Drag Race: Dragopolis,2015,https://representme.charity/projects/queer/database/title/rupauls-drag-race,Cross-dressing; Gay,no_explicit_named_character_pattern
Rust,2013,https://representme.charity/projects/queer/database/title/rust,Trans woman; Trans man,no_explicit_named_character_pattern
Sacrament of the Zodiac,2016,https://representme.charity/projects/queer/database/title/sacrament-of-the-zodiac,Lesbian,no_explicit_named_character_pattern
Sacred Sand,2012,https://representme.charity/projects/queer/database/title/sacred-sand,Playersexual; Gay,no_explicit_named_character_pattern
SaGa Frontier,1997,https://representme.charity/projects/queer/database/title/saga-frontier,Lesbian,no_explicit_named_character_pattern
Sagebrush,2016,https://representme.charity/projects/queer/database/title/sagebrush,Gay; Lesbian; Nonbinary / non-conforming,no_explicit_named_character_pattern
Saints Row series,2006 – 2017,https://representme.charity/projects/queer/database/title/saints-row,Bisexual / plurisexual; Cross-dressing; Nonbinary / non-conforming; Trans woman,aggregate_page_requires_game_version
Sakura Cupid,2018,https://representme.charity/projects/queer/database/title/sakura-cupid,Lesbian,no_explicit_named_character_pattern
Sakura Dungeon,2016,https://representme.charity/projects/queer/database/title/sakura-dungeon,Lesbian,no_explicit_named_character_pattern
Sakura Fantasy,2015,https://representme.charity/projects/queer/database/title/sakura-fantasy,Lesbian,no_explicit_named_character_pattern
Sakura Gamer,2017,https://representme.charity/projects/queer/database/title/sakura-gamer,Lesbian,no_explicit_named_character_pattern
Sakura MMO series,2018,https://representme.charity/projects/queer/database/title/sakura-mmo-,Lesbian,aggregate_page_requires_game_version
Sakura Sadist,2018,https://representme.charity/projects/queer/database/title/sakura-sadist,Lesbian,no_explicit_named_character_pattern
Sakura Space,2016,https://representme.charity/projects/queer/database/title/sakura-space,Lesbian,no_explicit_named_character_pattern
Salad Bar,2018,https://representme.charity/projects/queer/database/title/salad-bar,Nonbinary / non-conforming; Bisexual / plurisexual; Gay; Other,no_explicit_named_character_pattern
Sally Face,2016,https://representme.charity/projects/queer/database/title/sally-face,Nonbinary / non-conforming; Gay,no_explicit_named_character_pattern
Sami Tabi Tabi,2016,https://representme.charity/projects/queer/database/title/sami-tabi-tabi,Lesbian,no_explicit_named_character_pattern
Sandwiches with Death,2018,https://representme.charity/projects/queer/database/title/sandwiches-with-death,Asexual / aromantic,no_explicit_named_character_pattern
Sapphica: The Ascension,2017,https://representme.charity/projects/queer/database/title/sapphica-the-ascension,Lesbian,no_explicit_named_character_pattern
Sava,2016,https://representme.charity/projects/queer/database/title/sava,Gay,no_explicit_named_character_pattern
"Save the Universe, Please",2016,https://representme.charity/projects/queer/database/title/save-the-universe-please,Lesbian,no_explicit_named_character_pattern
"Saving You, From Yourself",2018,https://representme.charity/projects/queer/database/title/saving-you-from-yourself,Trans woman,no_explicit_named_character_pattern
Saying Yes in a Dead World,2018,https://representme.charity/projects/queer/database/title/saying-yes-in-a-dead-world,Asexual / aromantic; Trans woman; Nonbinary / non-conforming,no_explicit_named_character_pattern
Scattered Notes,Not yet released,https://representme.charity/projects/queer/database/title/scattered-notes,Lesbian,no_explicit_named_character_pattern
School Idol QT Cool,2017,https://representme.charity/projects/queer/database/title/school-idol-qt-cool,Lesbian; Trans woman,no_explicit_named_character_pattern
Scott Pilgrim vs. The World: The Game,2010,https://representme.charity/projects/queer/database/title/scott-pilgrim-vs-the-world,Bisexual / plurisexual,no_explicit_named_character_pattern
Scribblenauts Series,2013 - 2018,https://representme.charity/projects/queer/database/title/scribblenauts-series,Bisexual / plurisexual; Gay; Lesbian,aggregate_page_requires_game_version
Sdorica -sunset-,2018,https://representme.charity/projects/queer/database/title/sdorica-sunset-,Nonbinary / non-conforming,no_explicit_named_character_pattern
SeaBed,2017,https://representme.charity/projects/queer/database/title/seabed,Lesbian,no_explicit_named_character_pattern
Secret Little Haven,2018,https://representme.charity/projects/queer/database/title/secret-little-haven,Trans woman,no_explicit_named_character_pattern
Secret Satiation,2017,https://representme.charity/projects/queer/database/title/secret-satiation,Lesbian,no_explicit_named_character_pattern
Secret Spaces,2017,https://representme.charity/projects/queer/database/title/secret-spaces,Other,no_explicit_named_character_pattern
Seduce Me,2015,https://representme.charity/projects/queer/database/title/seduce-me,Playersexual,no_explicit_named_character_pattern
See Me Now,2018,https://representme.charity/projects/queer/database/title/see-me-now-,Nonbinary / non-conforming,no_explicit_named_character_pattern
See No Evil,2019,https://representme.charity/projects/queer/database/title/see-no-evil,Gay,no_explicit_named_character_pattern
Self Acceptance = True,2016,https://representme.charity/projects/queer/database/title/self-acceptance-true,Other,no_explicit_named_character_pattern
Senpai Notice Me,2016,https://representme.charity/projects/queer/database/title/senpai-notice-me,Lesbian,no_explicit_named_character_pattern
Sensory Leakage,2017,https://representme.charity/projects/queer/database/title/sensory-leakage,Lesbian,no_explicit_named_character_pattern
Sentimental Trickster,2016,https://representme.charity/projects/queer/database/title/sentimental-trickster,Gay,no_explicit_named_character_pattern
Sentinels of the Multiverse,2011,https://representme.charity/projects/queer/database/title/sentinels-of-the-multiverse,Other,no_explicit_named_character_pattern
Serafina’s Crown,2015,https://representme.charity/projects/queer/database/title/serafinas-crown,Bisexual / plurisexual; Lesbian,no_explicit_named_character_pattern
Serre,2017,https://representme.charity/projects/queer/database/title/serre,Lesbian,no_explicit_named_character_pattern
Seven Days With a Ghost,2018,https://representme.charity/projects/queer/database/title/seven-days-with-a-ghost,Lesbian,no_explicit_named_character_pattern
Seven Kingdoms: The Princess Problem,Not yet released,https://representme.charity/projects/queer/database/title/seven-kingdoms-the-princess-problem,Asexual / aromantic; Playersexual; Lesbian,no_explicit_named_character_pattern
Seven Levels to Paradise,2015,https://representme.charity/projects/queer/database/title/seven-levels-to-paradise,Gay,no_explicit_named_character_pattern
Seven: The Days Long Gone,2017,https://representme.charity/projects/queer/database/title/seven-the-days-long-gone,Playersexual; Gay; Lesbian,no_explicit_named_character_pattern
Sexbot Quality Assurance Simulator,2018,https://representme.charity/projects/queer/database/title/sexbot-quality-assurance-simulator,Trans woman,no_explicit_named_character_pattern
Sexy Litter,2018,https://representme.charity/projects/queer/database/title/sexy-litter,Gay,no_explicit_named_character_pattern
Shade Forest,2016,https://representme.charity/projects/queer/database/title/shade-forest,Cross-dressing; Gay,no_explicit_named_character_pattern
Shadow Hearts series,1999 – 2007,https://representme.charity/projects/queer/database/title/shadow-hearts-series,Gay,aggregate_page_requires_game_version
Shadowrun series (reboot),2013 – 2015,https://representme.charity/projects/queer/database/title/shadowrun,Playersexual; Gay; Lesbian; Nonbinary / non-conforming; Other,aggregate_page_requires_game_version
Shake Yer Dix,2016,https://representme.charity/projects/queer/database/title/shake-yer-dix,Gay; Other,no_explicit_named_character_pattern
Shan Gui,2014,https://representme.charity/projects/queer/database/title/shan-gui,Lesbian,no_explicit_named_character_pattern
Shannara,1995,https://representme.charity/projects/queer/database/title/shannara,Gay,no_explicit_named_character_pattern
Shark Dating Simulator XL,2017,https://representme.charity/projects/queer/database/title/shark-dating-simulator-xl,Lesbian; Playersexual,no_explicit_named_character_pattern
Sheltered,2016,https://representme.charity/projects/queer/database/title/sheltered,Playersexual; Gay; Lesbian,no_explicit_named_character_pattern
SHINRAI: Broken Beyond Despair,2016,https://representme.charity/projects/queer/database/title/shinrai-broken-beyond-despair,Lesbian,no_explicit_named_character_pattern
Shira Oka: Second Chances,2010,https://representme.charity/projects/queer/database/title/shira-oka,Playersexual; Gay,no_explicit_named_character_pattern
Shiro // Kuro,2014,https://representme.charity/projects/queer/database/title/shiro-kuro,Playersexual,no_explicit_named_character_pattern
Shoujo Showdown,2015,https://representme.charity/projects/queer/database/title/shoujo-showdown,Lesbian,no_explicit_named_character_pattern
Sick Love,2019,https://representme.charity/projects/queer/database/title/sick-love,Gay; Polyamory,no_explicit_named_character_pattern
Signed and Sealed With A Kiss,2019,https://representme.charity/projects/queer/database/title/signed-and-sealed-with-a-kiss,Gay,no_explicit_named_character_pattern
Silent Hill,1999,https://representme.charity/projects/queer/database/title/silent-hill,Lesbian,no_explicit_named_character_pattern
SilverLoad,1995,https://representme.charity/projects/queer/database/title/silverload,Gay,no_explicit_named_character_pattern
SimCopter,1996,https://representme.charity/projects/queer/database/title/simcopter,Gay,no_explicit_named_character_pattern
Simon the Sorcerer II,1995,https://representme.charity/projects/queer/database/title/simon-the-sorcerer,Gay; Cross-dressing; Nonbinary / non-conforming; Trans woman; Trans man,no_explicit_named_character_pattern
Simulacra,2017,https://representme.charity/projects/queer/database/title/simulacra,Lesbian,no_explicit_named_character_pattern
Singles: Flirt Up Your Life,2003,https://representme.charity/projects/queer/database/title/singles-flirt-up-your-life,Gay; Lesbian,no_explicit_named_character_pattern
Singularity,2016,https://representme.charity/projects/queer/database/title/singularity,Other,no_explicit_named_character_pattern
Skate & Date,2017,https://representme.charity/projects/queer/database/title/skate-date,Lesbian,no_explicit_named_character_pattern
Skycastles over Atlantis,2015,https://representme.charity/projects/queer/database/title/skycastles-over-atlantis,Lesbian,no_explicit_named_character_pattern
Slash: Romance Without Boundaries,2016,https://representme.charity/projects/queer/database/title/slash-romance-without-boundaries,Cross-dressing; Gay; Other,no_explicit_named_character_pattern
Slime Rancher,2017,https://representme.charity/projects/queer/database/title/slime-rancher,Playersexual,no_explicit_named_character_pattern
Slumber Party,2016,https://representme.charity/projects/queer/database/title/slumber-party,Lesbian,no_explicit_named_character_pattern
Smile for Me,2019,https://representme.charity/projects/queer/database/title/smile-for-me,Nonbinary / non-conforming; Playersexual; Bisexual / plurisexual; Gay; Lesbian; Trans man,no_explicit_named_character_pattern
SNAFU,Not yet released,https://representme.charity/projects/queer/database/title/snafu,Playersexual; Other,no_explicit_named_character_pattern
Snapshot,2016,https://representme.charity/projects/queer/database/title/snapshot,Bisexual / plurisexual,no_explicit_named_character_pattern
Snowed IN,2019,https://representme.charity/projects/queer/database/title/snowed-in,Lesbian,no_explicit_named_character_pattern
Social Justice Warriors,2014,https://representme.charity/projects/queer/database/title/social-justice-warriors,Gay; Trans woman; Trans man,no_explicit_named_character_pattern
Soft Earth,2018,https://representme.charity/projects/queer/database/title/soft-earth,Nonbinary / non-conforming; Trans woman,no_explicit_named_character_pattern
Solanaceae: Another Time,2016,https://representme.charity/projects/queer/database/title/solanaceae-another-time,Gay; Asexual / aromantic,no_explicit_named_character_pattern
Solstice,2016,https://representme.charity/projects/queer/database/title/solstice,Gay,no_explicit_named_character_pattern
SOMA,2015,https://representme.charity/projects/queer/database/title/soma,Trans man,no_explicit_named_character_pattern
Something for Someone Else,2019,https://representme.charity/projects/queer/database/title/something-for-someone-else,Gay,no_explicit_named_character_pattern
Sono Hanabira series,2006 – 2015,https://representme.charity/projects/queer/database/title/sono-hanabira,Lesbian,aggregate_page_requires_game_version
Sort Your Life Out,2018,https://representme.charity/projects/queer/database/title/sort-your-life-out,Lesbian,no_explicit_named_character_pattern
Soul series,1996 – 2014,https://representme.charity/projects/queer/database/title/soul-series,Gay,aggregate_page_requires_game_version
SOULCALIBUR VI,2018,https://representme.charity/projects/queer/database/title/soulcalibur-vi,Gay,no_explicit_named_character_pattern
Souls series,2009 – 2016,https://representme.charity/projects/queer/database/title/souls,Other,aggregate_page_requires_game_version
SoulSet,2016,https://representme.charity/projects/queer/database/title/soulset,Playersexual; Bisexual / plurisexual; Cross-dressing; Lesbian; Polyamory,no_explicit_named_character_pattern
Sound of Drop - fall into poison -,2015,https://representme.charity/projects/queer/database/title/sound-of-drop,Lesbian,no_explicit_named_character_pattern
South Park franchise,1999 – 2014,https://representme.charity/projects/queer/database/title/south-park,Gay,aggregate_page_requires_game_version
Space Quest IV: Roger Wilco and the Time Rippers,1991,https://representme.charity/projects/queer/database/title/space-quest-iv,Cross-dressing,no_explicit_named_character_pattern
Speakeasy Tonight,2016,https://representme.charity/projects/queer/database/title/speakeasy-tonight,Playersexual; Lesbian,no_explicit_named_character_pattern
Speed Dating for Ghosts,2018,https://representme.charity/projects/queer/database/title/speed-dating-for-ghosts,Nonbinary / non-conforming,no_explicit_named_character_pattern
SpeedDemonz,2018,https://representme.charity/projects/queer/database/title/speeddemonz,Asexual / aromantic; Lesbian,no_explicit_named_character_pattern
Spelunky,2013,https://representme.charity/projects/queer/database/title/spelunky,Lesbian; Playersexual,no_explicit_named_character_pattern
Spin the Goddesses,2016,https://representme.charity/projects/queer/database/title/spin-the-goddesses,Lesbian,no_explicit_named_character_pattern
Spirited Heart Deluxe,2011,https://representme.charity/projects/queer/database/title/spirited-heart-deluxe,Playersexual,no_explicit_named_character_pattern
Spirits of Xanadu,2015,https://representme.charity/projects/queer/database/title/spirits-of-xanadu,Other,no_explicit_named_character_pattern
Spitkissers,2018,https://representme.charity/projects/queer/database/title/spitkissers,Nonbinary / non-conforming; Polyamory,no_explicit_named_character_pattern
Spotney,2015,https://representme.charity/projects/queer/database/title/spotney,Gay,no_explicit_named_character_pattern
Star Ocean: The Second Story,1998,https://representme.charity/projects/queer/database/title/star-ocean-2,Playersexual,no_explicit_named_character_pattern
Star Story Saga: Renaissance,2008,https://representme.charity/projects/queer/database/title/star-story-saga,Lesbian,no_explicit_named_character_pattern
Star Trek Online,2010,https://representme.charity/projects/queer/database/title/star-trek-online,Other,no_explicit_named_character_pattern
Star Trek Voyager: Elite Force series,2000,https://representme.charity/projects/queer/database/title/star-trek-voyager-elite,Lesbian; Playersexual,aggregate_page_requires_game_version
Star Wars franchise,2003 – 2011,https://representme.charity/projects/queer/database/title/star-wars-franchise,Lesbian; Nonbinary / non-conforming,aggregate_page_requires_game_version
Starbot,2014,https://representme.charity/projects/queer/database/title/starbot,Lesbian,no_explicit_named_character_pattern
Starbound,2016,https://representme.charity/projects/queer/database/title/starbound,Nonbinary / non-conforming; Gay; Lesbian; Asexual,no_explicit_named_character_pattern
Stardew Valley,2016,https://representme.charity/projects/queer/database/title/stardew-valley,Playersexual,no_explicit_named_character_pattern
Stardom The A-List,2011,https://representme.charity/projects/queer/database/title/stardom,Lesbian; Playersexual,no_explicit_named_character_pattern
StarFighter: Eclipse,2015,https://representme.charity/projects/queer/database/title/starfighter-eclipse,Gay,no_explicit_named_character_pattern
Starlight Vega,2016,https://representme.charity/projects/queer/database/title/starlight-vega,Lesbian,no_explicit_named_character_pattern
Starship Neptune,2016,https://representme.charity/projects/queer/database/title/starship-neptune,Lesbian,no_explicit_named_character_pattern
Starship Promise,2017,https://representme.charity/projects/queer/database/title/starship-promise,Bisexual / plurisexual; Lesbian; Nonbinary / non-conforming,no_explicit_named_character_pattern
State of Decay,2013,https://representme.charity/projects/queer/database/title/state-of-decay,Gay,no_explicit_named_character_pattern
State of Decay II,2018,https://representme.charity/projects/queer/database/title/state-of-decay-ii,Gay; Lesbian; Bisexual / plurisexual,no_explicit_named_character_pattern
Steambot Chronicles,2005,https://representme.charity/projects/queer/database/title/steambot-chronicles,Playersexual,no_explicit_named_character_pattern
SteamWorld Heist,2016,https://representme.charity/projects/queer/database/title/steamworld-heist,Cross-dressing; Gay; Nonbinary / non-conforming,no_explicit_named_character_pattern
STEINS;GATE,2016,https://representme.charity/projects/queer/database/title/stein-s-gate,Trans woman,no_explicit_named_character_pattern
Steven Universe,2015,https://representme.charity/projects/queer/database/title/steven-universe-attack-the-light,Lesbian; Other,no_explicit_named_character_pattern
Stick Shift,2015,https://representme.charity/projects/queer/database/title/stick-shift,Gay,no_explicit_named_character_pattern
Stormtouched,2018,https://representme.charity/projects/queer/database/title/stormtouched,Asexual / aromantic; Nonbinary / non-conforming,no_explicit_named_character_pattern
Story of Everyone,2016,https://representme.charity/projects/queer/database/title/story-of-everyone,Other,no_explicit_named_character_pattern
Story of Seasons (Harvest Moon) series,1996 – 2015,https://representme.charity/projects/queer/database/title/story-of-seasons,Lesbian; Trans woman,aggregate_page_requires_game_version
Straight?!,2017,https://representme.charity/projects/queer/database/title/straight,Gay,no_explicit_named_character_pattern
Stranded Girls,2018,https://representme.charity/projects/queer/database/title/stranded-girls,Lesbian,no_explicit_named_character_pattern
Stranded Hearts,2015,https://representme.charity/projects/queer/database/title/stranded-hearts,Lesbian,no_explicit_named_character_pattern
Strange Flesh,2017,https://representme.charity/projects/queer/database/title/strange-flesh,Gay; Other,no_explicit_named_character_pattern
Strangers of the Power,2017,https://representme.charity/projects/queer/database/title/strangers-of-the-power,Lesbian; Playersexual,no_explicit_named_character_pattern
Strawberry Daiquiri,2018,https://representme.charity/projects/queer/database/title/strawberry-daiquiri,Gay,no_explicit_named_character_pattern
Strawberry Vinegar,2016,https://representme.charity/projects/queer/database/title/strawberry-vinegar,Lesbian,no_explicit_named_character_pattern
Street Fighter series,1987 – 2016,https://representme.charity/projects/queer/database/title/street-fighter,Gay; Trans woman,aggregate_page_requires_game_version
Streets of Rage 3,1994,https://representme.charity/projects/queer/database/title/streets-of-rage-3,Gay,no_explicit_named_character_pattern
Stuck in a Muddle with You,2016,https://representme.charity/projects/queer/database/title/stuck-in-a-muddle-with-you,Lesbian,no_explicit_named_character_pattern
Succulent,2015,https://representme.charity/projects/queer/database/title/succulent,Gay,no_explicit_named_character_pattern
Sugar Stars,2017,https://representme.charity/projects/queer/database/title/sugar-stars,Lesbian; Playersexual; Trans woman,no_explicit_named_character_pattern
Sugar's Delight,2011,https://representme.charity/projects/queer/database/title/sugars-delight,Lesbian,no_explicit_named_character_pattern
Summer Horizon,2018,https://representme.charity/projects/queer/database/title/summer-horizon,Asexual / aromantic,no_explicit_named_character_pattern
Summer Roarmance,2015,https://representme.charity/projects/queer/database/title/summer-roarmance,Nonbinary / non-conforming,no_explicit_named_character_pattern
Summon Night: Swordcraft Story series,2000 – 2016,https://representme.charity/projects/queer/database/title/summon-night,Lesbian; Playersexual,aggregate_page_requires_game_version
Sunday at the Memories,2017,https://representme.charity/projects/queer/database/title/sunday-at-the-memories,Lesbian,no_explicit_named_character_pattern
Sunless series,2015–2018,https://representme.charity/projects/queer/database/title/sunless-sea,Nonbinary / non-conforming; Trans woman,aggregate_page_requires_game_version
Super Health Club,2016,https://representme.charity/projects/queer/database/title/super-health-club,Gay,no_explicit_named_character_pattern
Super Quheeros !,2018,https://representme.charity/projects/queer/database/title/super-quheeros-,Other,no_explicit_named_character_pattern
Super Smash Bros. Ultimate,2018,https://representme.charity/projects/queer/database/title/super-smash-bros-ultimate,Intersex; Nonbinary / non-conforming,no_explicit_named_character_pattern
SUPER YURI RPG,2015,https://representme.charity/projects/queer/database/title/super-yuri-rpg,Lesbian,no_explicit_named_character_pattern
Supreme League of Patriots,2015,https://representme.charity/projects/queer/database/title/supreme-league-of-patriots,Gay; Cross-dressing,no_explicit_named_character_pattern
Sweet Fantasy,2017,https://representme.charity/projects/queer/database/title/sweet-fantasy,Lesbian,no_explicit_named_character_pattern
Sweet Volley High,2016,https://representme.charity/projects/queer/database/title/sweet-volley-high,Lesbian,no_explicit_named_character_pattern
Sweethearts,2017,https://representme.charity/projects/queer/database/title/sweethearts,Lesbian,no_explicit_named_character_pattern
Swemark and Denden's Great Eggventure,2017,https://representme.charity/projects/queer/database/title/swemark-and-denden-s-great-eggventure,Lesbian,no_explicit_named_character_pattern
Sword Art Online: Fatal Bullet,2018,https://representme.charity/projects/queer/database/title/sword-art-online-fatal-bullet,Bisexual / plurisexual; Polyamory,no_explicit_named_character_pattern
Sword of Asumi,2015,https://representme.charity/projects/queer/database/title/sword-of-asumi,Lesbian,no_explicit_named_character_pattern
Symmetra's Qualifying Matches,2018,https://representme.charity/projects/queer/database/title/symmetra-s-qualifying-matches,Bisexual / plurisexual; Polyamory; Gay; Lesbian,no_explicit_named_character_pattern
Synthetic Garden,2018,https://representme.charity/projects/queer/database/title/synthetic-garden,Lesbian,no_explicit_named_character_pattern
Syphon Filter: Dark Mirror,2006,https://representme.charity/projects/queer/database/title/syphon-filter-dark-mirror,Bisexual / plurisexual; Lesbian,no_explicit_named_character_pattern
Syrup and the Ultimate Sweet,2015,https://representme.charity/projects/queer/database/title/syrup-and-the-ultimate-sweet,Lesbian,no_explicit_named_character_pattern
Tacoma,2017,https://representme.charity/projects/queer/database/title/tacoma,Lesbian,no_explicit_named_character_pattern
Take A Hike!,2020,https://representme.charity/projects/queer/database/title/take-a-hike-,Bisexual / plurisexual; Polyamory; Lesbian,no_explicit_named_character_pattern
Take Me Home,2018,https://representme.charity/projects/queer/database/title/take-me-home,Gay,no_explicit_named_character_pattern
Take the Dream IX,2016,https://representme.charity/projects/queer/database/title/take-the-dream-ix,Lesbian,no_explicit_named_character_pattern
Tales Maj'Eyal,2012,https://representme.charity/projects/queer/database/title/tales-maj-eyal,Lesbian; Bisexual / plurisexual,no_explicit_named_character_pattern
Tales of Aravorn: Seasons of the Wolf,2014,https://representme.charity/projects/queer/database/title/tales-of-aravorn,Playersexual,no_explicit_named_character_pattern
Tales of Monkey Island,2009,https://representme.charity/projects/queer/database/title/tales-of-monkey-island,Bisexual / plurisexual; Nonbinary / non-conforming,no_explicit_named_character_pattern
Tales series,1995 – 2016,https://representme.charity/projects/queer/database/title/tales-series,Gay,aggregate_page_requires_game_version
Talks With My Mom,2014,https://representme.charity/projects/queer/database/title/talks-with-my-mom,Lesbian; Nonbinary / non-conforming,no_explicit_named_character_pattern
Tanggal,2018,https://representme.charity/projects/queer/database/title/tanggal,Lesbian,no_explicit_named_character_pattern
Teach Me Onegai,2017,https://representme.charity/projects/queer/database/title/teach-me-onegai,Gay,no_explicit_named_character_pattern
Team Fortress 2,2007,https://representme.charity/projects/queer/database/title/team-fortress-2,Lesbian,no_explicit_named_character_pattern
Tearaway,2013,https://representme.charity/projects/queer/database/title/tearaway,Nonbinary / non-conforming,no_explicit_named_character_pattern
Tears of Yggdrasil,2017,https://representme.charity/projects/queer/database/title/tears-of-yggdrasil,Gay; Lesbian; Trans woman,no_explicit_named_character_pattern
Technobabylon,2015,https://representme.charity/projects/queer/database/title/technobabylon,Lesbian; Trans woman; Gay; Nonbinary / non-conforming,no_explicit_named_character_pattern
Teenage Blob,2020,https://representme.charity/projects/queer/database/title/teenage-blob,Nonbinary / non-conforming,no_explicit_named_character_pattern
Teenage Gayward,2015,https://representme.charity/projects/queer/database/title/teenage-gayward,Lesbian; Nonbinary / non-conforming,no_explicit_named_character_pattern
Teenage Mutant Ninja Turtles and Other Strangeness,1985,https://representme.charity/projects/queer/database/title/teenage-mutant-ninja-turtles-and-other-strangeness,Gay,no_explicit_named_character_pattern
Tekken series,1994 – 2016,https://representme.charity/projects/queer/database/title/tekken-series,Bisexual / plurisexual; Gay; Lesbian; Nonbinary / non-conforming,aggregate_page_requires_game_version
Telepath Tactics,2015,https://representme.charity/projects/queer/database/title/telepath-tactics,Lesbian,no_explicit_named_character_pattern
Tell a Demon,2017,https://representme.charity/projects/queer/database/title/tell-a-demon,Bisexual / plurisexual; Lesbian; Gay,no_explicit_named_character_pattern
Tell Me Why,2020,https://representme.charity/projects/queer/database/title/tell-me-why,Trans man; Bisexual / plurisexual; Gay,no_explicit_named_character_pattern
Temtem,2020,https://representme.charity/projects/queer/database/title/temtem,Nonbinary / non-conforming,no_explicit_named_character_pattern
Tender Loving Care,1998,https://representme.charity/projects/queer/database/title/tender-loving-care,Bisexual / plurisexual; Polyamory,no_explicit_named_character_pattern
Tenta Shooter,2017,https://representme.charity/projects/queer/database/title/tenta-shooter,Lesbian,no_explicit_named_character_pattern
Terraria,2011,https://representme.charity/projects/queer/database/title/terraria,Nonbinary / non-conforming; Trans man; Trans woman,no_explicit_named_character_pattern
"Thank You, Gigi",2017,https://representme.charity/projects/queer/database/title/thank-you-gigi,Lesbian,no_explicit_named_character_pattern
That Bitter Taste,2016,https://representme.charity/projects/queer/database/title/that-bitter-taste,Gay,no_explicit_named_character_pattern
That Night,Not yet released,https://representme.charity/projects/queer/database/title/that-night,Lesbian,no_explicit_named_character_pattern
That's Not My Name,2017,https://representme.charity/projects/queer/database/title/that-s-not-my-name,Other,no_explicit_named_character_pattern
The A-List,2018,https://representme.charity/projects/queer/database/title/the-a-list,Asexual / aromantic; Trans woman,no_explicit_named_character_pattern
"The Adventures of an Immortal, a War Survivor, and Other Misc. Queers",2018,https://representme.charity/projects/queer/database/title/the-adventures-of-an-immortal-a-war-survivor-and-other-misc-queers,Gay; Bisexual / plurisexual,no_explicit_named_character_pattern
The Adventures of Nick & Willikins,2018,https://representme.charity/projects/queer/database/title/the-adventures-of-nick-willikins,Gay,no_explicit_named_character_pattern
The Adventures of Qunju Spark,2018,https://representme.charity/projects/queer/database/title/the-adventures-of-qunju-spark,Asexual / aromantic,no_explicit_named_character_pattern
The Arcana: A Mystic Romance,2017,https://representme.charity/projects/queer/database/title/the-arcana-a-mystic-romance,Nonbinary / non-conforming; Playersexual,no_explicit_named_character_pattern
The Awkward Steve Duology,2017,https://representme.charity/projects/queer/database/title/the-awkward-steve-duology,Gay,no_explicit_named_character_pattern
The Bakery,2018,https://representme.charity/projects/queer/database/title/the-bakery,Bisexual / plurisexual; Gay,no_explicit_named_character_pattern
The Bog's Heart,2018,https://representme.charity/projects/queer/database/title/the-bog-s-heart,Asexual / aromantic,no_explicit_named_character_pattern
The Bookshelf Limbo,2020,https://representme.charity/projects/queer/database/title/the-bookshelf-limbo,Gay; Lesbian; Polyamory,no_explicit_named_character_pattern
The Cave of Questioning,2018,https://representme.charity/projects/queer/database/title/the-cave-of-questioning,Nonbinary / non-conforming,no_explicit_named_character_pattern
The Club,2018,https://representme.charity/projects/queer/database/title/the-club,Gay; Other,no_explicit_named_character_pattern
The Crown & The Flame,2016,https://representme.charity/projects/queer/database/title/the-crown-the-flame,Gay; Lesbian,no_explicit_named_character_pattern
The D (Stands for Demon),2018,https://representme.charity/projects/queer/database/title/the-d-stands-for-demon-,Asexual / aromantic; Nonbinary / non-conforming,no_explicit_named_character_pattern
The Dagger of Amon Ra,1992,https://representme.charity/projects/queer/database/title/the-dagger-of-amon-ra,Lesbian,no_explicit_named_character_pattern
The Darkside Detective,2017,https://representme.charity/projects/queer/database/title/the-darkside-detective,Nonbinary / non-conforming,no_explicit_named_character_pattern
The Deed,2015,https://representme.charity/projects/queer/database/title/the-deed,Lesbian,no_explicit_named_character_pattern
The Echo of Crows at the End of Man,2017,https://representme.charity/projects/queer/database/title/the-echo-of-crows-at-the-end-of-man,Gay,no_explicit_named_character_pattern
The Elder Scrolls series,1994 – 2015,https://representme.charity/projects/queer/database/title/the-elder-scrolls,Playersexual; Bisexual / plurisexual; Nonbinary / non-conforming; Other,aggregate_page_requires_game_version
The End,2011,https://representme.charity/projects/queer/database/title/the-end,Nonbinary / non-conforming,no_explicit_named_character_pattern
The Forgotten City,2018,https://representme.charity/projects/queer/database/title/the-forgotten-city,Bisexual / plurisexual; Gay,no_explicit_named_character_pattern
The Freshman / The Sophomore,2016,https://representme.charity/projects/queer/database/title/the-freshman,Bisexual / plurisexual; Gay,no_explicit_named_character_pattern
The Girl of Glass: A Summer Bird's Tale,2020,https://representme.charity/projects/queer/database/title/the-girl-of-glass-a-summer-bird-s-tale,Lesbian,no_explicit_named_character_pattern
The Girl on the Train,2017,https://representme.charity/projects/queer/database/title/the-girl-on-the-train,Lesbian,no_explicit_named_character_pattern
The Grind,2015,https://representme.charity/projects/queer/database/title/the-grind,Lesbian,no_explicit_named_character_pattern
The Haunting of Braidwood Manor,2017,https://representme.charity/projects/queer/database/title/the-haunting-of-braidwood-manor,Playersexual; Lesbian,no_explicit_named_character_pattern
The Heart of Tales,2017,https://representme.charity/projects/queer/database/title/the-heart-of-tales,Nonbinary / non-conforming,no_explicit_named_character_pattern
The Henhouse,2018,https://representme.charity/projects/queer/database/title/the-henhouse,Lesbian,no_explicit_named_character_pattern
The Hook Up,???,https://representme.charity/projects/queer/database/title/the-hook-up,Playersexual,no_explicit_named_character_pattern
The House in Fata Morgana,2012,https://representme.charity/projects/queer/database/title/the-house-in-fata-morgana,Trans man; Intersex; Asexual / aromantic,no_explicit_named_character_pattern
The Icecream Parlour,2015,https://representme.charity/projects/queer/database/title/the-icecream-parlour,Asexual / aromantic; Bisexual / plurisexual; Gay; Lesbian; Other,no_explicit_named_character_pattern
The Incredible Hulk: The Pantheon Saga,1996,https://representme.charity/projects/queer/database/title/the-incredible-hulk,Gay,no_explicit_named_character_pattern
The Kiss of Walt Whitman Still On My Lips,2016,https://representme.charity/projects/queer/database/title/the-kiss-of-walt-whitman-still-on-my-lips,Other,no_explicit_named_character_pattern
The Last Birdling,2017,https://representme.charity/projects/queer/database/title/the-last-birdling,Lesbian,no_explicit_named_character_pattern
The Last Express,1997,https://representme.charity/projects/queer/database/title/the-last-express,Lesbian,no_explicit_named_character_pattern
The Last of Us series,2013 - 2020,https://representme.charity/projects/queer/database/title/the-last-of-us,Lesbian; Gay; Bisexual / plurisexual; Trans man,aggregate_page_requires_game_version
The Last Remnant,2008,https://representme.charity/projects/queer/database/title/the-last-remnant,Bisexual / plurisexual,no_explicit_named_character_pattern
The Last Word,2015,https://representme.charity/projects/queer/database/title/the-last-word,Gay,no_explicit_named_character_pattern
The Legend of Korra,2014,https://representme.charity/projects/queer/database/title/the-legend-of-korra,Bisexual / plurisexual,no_explicit_named_character_pattern
The Legend of Zelda series,1986 – 2016,https://representme.charity/projects/queer/database/title/the-legend-of-zelda-series,Cross-dressing; Gay; Nonbinary / non-conforming; Trans woman,aggregate_page_requires_game_version
The Letter,2017,https://representme.charity/projects/queer/database/title/the-letter,Bisexual / plurisexual; Lesbian; Asexual / aromantic; Gay,no_explicit_named_character_pattern
The Light at the End of the Ocean,2020,https://representme.charity/projects/queer/database/title/the-light-at-the-end-of-the-ocean,Lesbian; Bisexual / plurisexual; Gay,no_explicit_named_character_pattern
The Longest Couch,2017,https://representme.charity/projects/queer/database/title/the-longest-couch,Gay,no_explicit_named_character_pattern
The Longest Journey series,1999 – 2014,https://representme.charity/projects/queer/database/title/the-longest-journey,Gay; Lesbian,aggregate_page_requires_game_version
The Lost Expedition,2017,https://representme.charity/projects/queer/database/title/the-lost-expedition,Other,no_explicit_named_character_pattern
The Milk of Human Kindness,2013,https://representme.charity/projects/queer/database/title/the-milk-of-human-kindness,Lesbian,no_explicit_named_character_pattern
The Monster Inside,2017,https://representme.charity/projects/queer/database/title/the-monster-inside,Lesbian,no_explicit_named_character_pattern
The Multidimensional Underwear Drawer,2016,https://representme.charity/projects/queer/database/title/the-multidimensional-underwear-drawer,Playersexual,no_explicit_named_character_pattern
The Palace Guard,2017,https://representme.charity/projects/queer/database/title/the-palace-guard,Gay,no_explicit_named_character_pattern
The Path,2009,https://representme.charity/projects/queer/database/title/the-path,Lesbian,no_explicit_named_character_pattern
The Pirate's Fate,2018,https://representme.charity/projects/queer/database/title/the-pirate-s-fate,Bisexual / plurisexual; Playersexual; Polyamory; Trans man; Trans woman,no_explicit_named_character_pattern
The Princess and the Frog,2009,https://representme.charity/projects/queer/database/title/the-princess-and-the-frog,Bisexual / plurisexual; Gay; Lesbian,no_explicit_named_character_pattern
The Pursuit of Happiness,2015,https://representme.charity/projects/queer/database/title/the-pursuit-of-happiness,Playersexual; Polyamory; Gay; Lesbian,no_explicit_named_character_pattern
The Quest,2016,https://representme.charity/projects/queer/database/title/the-quest,Playersexual,no_explicit_named_character_pattern
The Red Strings Club,2018,https://representme.charity/projects/queer/database/title/the-red-strings-club,Bisexual / plurisexual; Gay; Asexual / aromantic; Lesbian; Nonbinary / non-conforming; Trans woman,no_explicit_named_character_pattern
The Reject Demon: Toko,2015,https://representme.charity/projects/queer/database/title/the-reject-demon,Lesbian; Bisexual / plurisexual; Gay; Nonbinary / non-conforming; Trans man,no_explicit_named_character_pattern
The Republic,2016,https://representme.charity/projects/queer/database/title/the-republic,Playersexual,no_explicit_named_character_pattern
The Ritual,2017,https://representme.charity/projects/queer/database/title/the-ritual,Lesbian,no_explicit_named_character_pattern
The Royal Romance,2017,https://representme.charity/projects/queer/database/title/the-royal-romance,Bisexual / plurisexual,no_explicit_named_character_pattern
The Royal Trap,2015,https://representme.charity/projects/queer/database/title/the-royal-trap,Playersexual; Lesbian,no_explicit_named_character_pattern
The Sad Story of Emmeline Burns,2016,https://representme.charity/projects/queer/database/title/the-sad-story,Lesbian,no_explicit_named_character_pattern
The Secret World,2012,https://representme.charity/projects/queer/database/title/the-secret-world,Bisexual / plurisexual; Lesbian; Gay; Playersexual; Trans woman,no_explicit_named_character_pattern
The Seven Districts of Sin,2017,https://representme.charity/projects/queer/database/title/the-seven-districts-of-sin,Lesbian,no_explicit_named_character_pattern
The Shadow that Eye's You,2018,https://representme.charity/projects/queer/database/title/the-shadow-that-eye-s-you,Asexual / aromantic,no_explicit_named_character_pattern
The Shadows of Pygmalion,2017,https://representme.charity/projects/queer/database/title/the-shadows-of-pygmalion,Lesbian,no_explicit_named_character_pattern
The Silver Case,1999,https://representme.charity/projects/queer/database/title/the-silver-case,Gay,no_explicit_named_character_pattern
The Simpsons Arcade Game,1991,https://representme.charity/projects/queer/database/title/the-simpsons-arcade-game,Gay,no_explicit_named_character_pattern
The Sims series,2000 – 2016,https://representme.charity/projects/queer/database/title/the-sims,Playersexual; Trans man; Trans woman,aggregate_page_requires_game_version
The Spirit Engine,2003,https://representme.charity/projects/queer/database/title/the-spirit-engine,Cross-dressing,no_explicit_named_character_pattern
The Stargazers,2016,https://representme.charity/projects/queer/database/title/the-stargazers,Lesbian,no_explicit_named_character_pattern
The Start of Something Amazing,2019,https://representme.charity/projects/queer/database/title/the-start-of-something-amazing,Lesbian; Bisexual / plurisexual,no_explicit_named_character_pattern
The Suburb: Not Just Dinner,2018,https://representme.charity/projects/queer/database/title/the-suburb-not-just-dinner,Asexual / aromantic,no_explicit_named_character_pattern
The Technomancer,2016,https://representme.charity/projects/queer/database/title/the-technomancer,Gay; Playersexual,no_explicit_named_character_pattern
The Temple of Elemental Evil,2003,https://representme.charity/projects/queer/database/title/the-temple-of-elemental-evil,Playersexual; Gay,no_explicit_named_character_pattern
The Testimony of Trixie Glimmer Smith,2018,https://representme.charity/projects/queer/database/title/the-testimony-of-trixie-glimmer-smith,Bisexual / plurisexual; Trans woman; Asexual / aromantic; Lesbian; Nonbinary / non-conforming; Trans man,no_explicit_named_character_pattern
The Things I'll Say,2018,https://representme.charity/projects/queer/database/title/the-things-i-ll-say,Asexual / aromantic,no_explicit_named_character_pattern
The Tower of Five Hearts,2019,https://representme.charity/projects/queer/database/title/the-tower-of-five-hearts,Lesbian,no_explicit_named_character_pattern
The Trans Zone,2017,https://representme.charity/projects/queer/database/title/the-trans-zone,Nonbinary / non-conforming; Trans man; Trans woman,no_explicit_named_character_pattern
The Waters Above: Prelude,2018,https://representme.charity/projects/queer/database/title/the-waters-above-prelude,Lesbian; Nonbinary / non-conforming,no_explicit_named_character_pattern
The Wilting Amaranth,2017,https://representme.charity/projects/queer/database/title/the-wilting-amaranth,Lesbian,no_explicit_named_character_pattern
The Witch in the Forest,2017,https://representme.charity/projects/queer/database/title/the-witch-in-the-forest,Lesbian,no_explicit_named_character_pattern
The Witcher series,2007 – 2015,https://representme.charity/projects/queer/database/title/the-witcher,Bisexual / plurisexual; Gay; Lesbian; Nonbinary / non-conforming; Other,aggregate_page_requires_game_version
The Wolf's Shepherd,2017,https://representme.charity/projects/queer/database/title/the-wolf-s-shepherd,Lesbian; Polyamory; Asexual / aromantic,no_explicit_named_character_pattern
The World Ends With You,2007,https://representme.charity/projects/queer/database/title/the-world-ends-with-you,Gay,no_explicit_named_character_pattern
The Yawhg,2013,https://representme.charity/projects/queer/database/title/the-yawhg,Playersexual,no_explicit_named_character_pattern
Theatrix Presents: Ironwood,2010,https://representme.charity/projects/queer/database/title/theatrix-presents-ironwood,Gay,no_explicit_named_character_pattern
There’s A Fan Fic For That,2014,https://representme.charity/projects/queer/database/title/there-s-a-fan-fic-for-that,,no_explicit_named_character_pattern
These Nights in Cairo,2017,https://representme.charity/projects/queer/database/title/these-nights-in-cairo,Playersexual; Gay,no_explicit_named_character_pattern
Third Wheeler,2017,https://representme.charity/projects/queer/database/title/third-wheeler,Other,no_explicit_named_character_pattern
This Is Not A Game About Catching Monsters,2015,https://representme.charity/projects/queer/database/title/this-is-not-a-game-about-catching-monsters,Nonbinary / non-conforming,no_explicit_named_character_pattern
This is Where I Want to Die,2013,https://representme.charity/projects/queer/database/title/this-is-where-i-want-to-die,Other,no_explicit_named_character_pattern
Thorny Sweets,2018,https://representme.charity/projects/queer/database/title/thorny-sweets,Lesbian,no_explicit_named_character_pattern
Three Fourths Home,2015,https://representme.charity/projects/queer/database/title/three-fourths-home,Other,no_explicit_named_character_pattern
Three Guys That Paint,2015,https://representme.charity/projects/queer/database/title/three-guys-that-paint,Bisexual / plurisexual; Gay; Nonbinary / non-conforming,no_explicit_named_character_pattern
Tibia,1997,https://representme.charity/projects/queer/database/title/tibia,Playersexual,no_explicit_named_character_pattern
Tigris & Euphelia,2017,https://representme.charity/projects/queer/database/title/tigris-euphelia,Lesbian,no_explicit_named_character_pattern
Til Cows Tear Us Apart,2015,https://representme.charity/projects/queer/database/title/til-cows-tear-us-apart,Lesbian,no_explicit_named_character_pattern
time.,2016,https://representme.charity/projects/queer/database/title/time,Other,no_explicit_named_character_pattern
Timespinner,2018,https://representme.charity/projects/queer/database/title/timespinner,Bisexual / plurisexual; Gay; Lesbian; Nonbinary / non-conforming; Polyamory; Trans woman,no_explicit_named_character_pattern
To Crime Nirvana,2017,https://representme.charity/projects/queer/database/title/to-crime-nirvana,Gay,no_explicit_named_character_pattern
To Kill a Black Swan,2014,https://representme.charity/projects/queer/database/title/to-kill-a-black-swan,Other,no_explicit_named_character_pattern
To Libertad,2016,https://representme.charity/projects/queer/database/title/to-libertad,Lesbian,no_explicit_named_character_pattern
To Love and Protect,2017,https://representme.charity/projects/queer/database/title/to-love-and-protect-,Bisexual / plurisexual; Lesbian,no_explicit_named_character_pattern
To Trust an Incubus,2018,https://representme.charity/projects/queer/database/title/to-trust-an-incubus,Gay; Asexual / aromantic,no_explicit_named_character_pattern
TODO: today,2017,https://representme.charity/projects/queer/database/title/todo-today,Nonbinary / non-conforming; Playersexual,no_explicit_named_character_pattern
Together in the Sunlight,2018,https://representme.charity/projects/queer/database/title/together-in-the-sunlight,Lesbian,no_explicit_named_character_pattern
Tokimeki Memorial Girl's Side series,2002,https://representme.charity/projects/queer/database/title/tokimeki-memorial-girls-side,Lesbian; Playersexual; Gay; Polyamory,aggregate_page_requires_game_version
Tokyo Afterschool Summoners,2016,https://representme.charity/projects/queer/database/title/tokyo-afterschool-summoners,Bisexual / plurisexual; Gay; Lesbian; Nonbinary / non-conforming; Polyamory; Trans man; Trans woman; Cross-dressing,no_explicit_named_character_pattern
Tokyo Majin Gakuen series,1998 – 2004,https://representme.charity/projects/queer/database/title/tokyo-majin-gakuen,Bisexual / plurisexual; Gay,aggregate_page_requires_game_version
Tom Clancy's Series,2015-2018,https://representme.charity/projects/queer/database/title/tom-clancy-s-series,Lesbian,aggregate_page_requires_game_version
Tomai,2017,https://representme.charity/projects/queer/database/title/tomai,Playersexual,no_explicit_named_character_pattern
Tomb Raider,2013 – 2015,https://representme.charity/projects/queer/database/title/tomb-raider,Lesbian,no_explicit_named_character_pattern
Too Many Cinderellas,2014,https://representme.charity/projects/queer/database/title/too-many-cinderellas,Cross-dressing; Gay; Nonbinary / non-conforming; Other,no_explicit_named_character_pattern
Torment: Tides of Numenera,2016,https://representme.charity/projects/queer/database/title/torment-tides-of-numenera,Gay; Other,no_explicit_named_character_pattern
Tradewinds Legends,2006,https://representme.charity/projects/queer/database/title/tradewinds-legends,Gay,no_explicit_named_character_pattern
Trance Run!,2017,https://representme.charity/projects/queer/database/title/trance-run-,Lesbian,no_explicit_named_character_pattern
TRANS Golf,2018,https://representme.charity/projects/queer/database/title/trans-golf,Nonbinary / non-conforming; Lesbian; Trans man; Other,no_explicit_named_character_pattern
_transfer,2016,https://representme.charity/projects/queer/database/title/transfer,Nonbinary / non-conforming,no_explicit_named_character_pattern
Transhaping,2019,https://representme.charity/projects/queer/database/title/transhaping,Nonbinary / non-conforming; Trans man; Trans woman,no_explicit_named_character_pattern
Transistor,2014,https://representme.charity/projects/queer/database/title/transistor,Lesbian; Gay,no_explicit_named_character_pattern
Tranxiety,2015,https://representme.charity/projects/queer/database/title/tranxiety,Trans woman,no_explicit_named_character_pattern
Triad,2013,https://representme.charity/projects/queer/database/title/triad,Polyamory,no_explicit_named_character_pattern
Trials in Tainted Space,2014,https://representme.charity/projects/queer/database/title/trials-in-tainted-space,Nonbinary / non-conforming; Playersexual; Other; Gay; Lesbian,no_explicit_named_character_pattern
Triple X Tycoon,Not yet released,https://representme.charity/projects/queer/database/title/triple-x-tycoon,Gay; Lesbian; Other; Trans man; Trans woman,no_explicit_named_character_pattern
Tropico series,2001 – 2014,https://representme.charity/projects/queer/database/title/tropico-series,Gay; Lesbian,aggregate_page_requires_game_version
Truth: Disorder III,2019,https://representme.charity/projects/queer/database/title/truth-disorder-iii,Lesbian,no_explicit_named_character_pattern
Tusks: The Orc Dating Sim,Not yet released,https://representme.charity/projects/queer/database/title/tusks,Gay,no_explicit_named_character_pattern
Twin Blue Moons,2018,https://representme.charity/projects/queer/database/title/twin-blue-moons,Lesbian,no_explicit_named_character_pattern
Twine and Punishment,2014,https://representme.charity/projects/queer/database/title/twine-and-punishment,Lesbian; Trans woman; Other,no_explicit_named_character_pattern
TwinkBot Grooves,2017,https://representme.charity/projects/queer/database/title/twinkbot-grooves,Other,no_explicit_named_character_pattern
two girls make a game,2018,https://representme.charity/projects/queer/database/title/two-girls-make-a-game,Asexual / aromantic,no_explicit_named_character_pattern
Ty the Tasmanian Tiger series,2002 – 2016,https://representme.charity/projects/queer/database/title/ty-the-tasmanian-tiger,Gay,aggregate_page_requires_game_version
Tyranny,2016,https://representme.charity/projects/queer/database/title/tyranny,Playersexual; Lesbian,no_explicit_named_character_pattern
Ultima series,1981 – 2013,https://representme.charity/projects/queer/database/title/ultima-series,Gay; Playersexual,aggregate_page_requires_game_version
Uncommon Time,2013,https://representme.charity/projects/queer/database/title/uncommon-time,Other; Asexual / aromantic; Gay; Nonbinary / non-conforming; Trans woman,no_explicit_named_character_pattern
Undertale,2015,https://representme.charity/projects/queer/database/title/undertale,Nonbinary / non-conforming; Lesbian,no_explicit_named_character_pattern
Undone,2019,https://representme.charity/projects/queer/database/title/undone,Gay,no_explicit_named_character_pattern
Union series,2006 – 2011,https://representme.charity/projects/queer/database/title/union-series,Bisexual / plurisexual; Gay; Lesbian; Nonbinary / non-conforming,aggregate_page_requires_game_version
Unknown Armies,1998,https://representme.charity/projects/queer/database/title/unknown-armies,Other,no_explicit_named_character_pattern
Unravel,2016,https://representme.charity/projects/queer/database/title/unravel,Lesbian,no_explicit_named_character_pattern
Unsafe,2018,https://representme.charity/projects/queer/database/title/unsafe,Gay,no_explicit_named_character_pattern
Upskill Adventurer,2016,https://representme.charity/projects/queer/database/title/upskill-adventurer,Lesbian,no_explicit_named_character_pattern
VA-11 Hall-A,2016,https://representme.charity/projects/queer/database/title/va-11-hall-a,Bisexual / plurisexual; Gay; Lesbian,no_explicit_named_character_pattern
Valentine Disaster,2018,https://representme.charity/projects/queer/database/title/valentine-disaster,Lesbian,no_explicit_named_character_pattern
Valentine Panic,2017,https://representme.charity/projects/queer/database/title/valentine-panic,Bisexual / plurisexual; Nonbinary / non-conforming,no_explicit_named_character_pattern
Valkyria Chronicles,2014,https://representme.charity/projects/queer/database/title/valkyria-chronicles,Lesbian,no_explicit_named_character_pattern
Valkyrie Drive,2017,https://representme.charity/projects/queer/database/title/valkyrie-drive,Lesbian,no_explicit_named_character_pattern
Vampire: The Masquerade,1991 – 2019,https://representme.charity/projects/queer/database/title/vampire-the-masquerade-bloodlines,Playersexual; Bisexual / plurisexual; Lesbian,no_explicit_named_character_pattern
Vampyr,2018,https://representme.charity/projects/queer/database/title/vampyr,Gay,no_explicit_named_character_pattern
Vendetta,1991,https://representme.charity/projects/queer/database/title/vendetta,Gay,no_explicit_named_character_pattern
Verdant Skies,2018,https://representme.charity/projects/queer/database/title/verdant-skies,Nonbinary / non-conforming; Playersexual,no_explicit_named_character_pattern
Vicarwissen,2016,https://representme.charity/projects/queer/database/title/vicarwissen,Lesbian,no_explicit_named_character_pattern
VillAce,2019,https://representme.charity/projects/queer/database/title/villace,Asexual / aromantic,no_explicit_named_character_pattern
Villainous Nights,2018,https://representme.charity/projects/queer/database/title/villainous-nights,Bisexual / plurisexual; Lesbian,no_explicit_named_character_pattern
Violet,2008,https://representme.charity/projects/queer/database/title/violet,Lesbian,no_explicit_named_character_pattern
Virginia,2016,https://representme.charity/projects/queer/database/title/virginia,Other,no_explicit_named_character_pattern
Vladi Bird,2014,https://representme.charity/projects/queer/database/title/vladi-bird,Other,no_explicit_named_character_pattern
Void and Meddler,2015,https://representme.charity/projects/queer/database/title/void-and-meddler,Lesbian,no_explicit_named_character_pattern
War of the Lilies: An Eons Lost Story,2015,https://representme.charity/projects/queer/database/title/war-of-the-lilies-an-eons-lost-story,Lesbian,no_explicit_named_character_pattern
Warhammer series,1986 – 2005,https://representme.charity/projects/queer/database/title/warhammer-series,Gay; Nonbinary / non-conforming,aggregate_page_requires_game_version
Warriors franchise,1997 – 2015,https://representme.charity/projects/queer/database/title/warriors-franchise,Gay,aggregate_page_requires_game_version
Wasteland 2,2014,https://representme.charity/projects/queer/database/title/wasteland-,Playersexual,no_explicit_named_character_pattern
Watch Dogs 2,2016,https://representme.charity/projects/queer/database/title/watch-dogs-2,Asexuali / aromantic; Lesbian; Gay; Trans woman,no_explicit_named_character_pattern
Watershed,2017,https://representme.charity/projects/queer/database/title/watershed,Playersexual; Other,no_explicit_named_character_pattern
Way of the Samurai,2002,https://representme.charity/projects/queer/database/title/way-of-the-samurai,Lesbian; Bisexual / plurisexual,no_explicit_named_character_pattern
We Know the Devil,2016,https://representme.charity/projects/queer/database/title/we-know-the-devil,Lesbian; Polyamory; Trans woman,no_explicit_named_character_pattern
Wedding Escape,2015,https://representme.charity/projects/queer/database/title/wedding-escape,Gay; Lesbian,no_explicit_named_character_pattern
Welcome to the Dragon Palace,2017,https://representme.charity/projects/queer/database/title/welcome-to-the-dragon-palace,Lesbian,no_explicit_named_character_pattern
Well Met By Moonlight,2018,https://representme.charity/projects/queer/database/title/well-met-by-moonlight,Gay,no_explicit_named_character_pattern
Westerado,2015,https://representme.charity/projects/queer/database/title/westerado,Lesbian; Playersexual,no_explicit_named_character_pattern
What?! My Neighbours Are Demons?!,Not yet released,https://representme.charity/projects/queer/database/title/what-my-neighbours-are-demons-,Bisexual / plurisexual,no_explicit_named_character_pattern
What Remains of Edith Finch,2017,https://representme.charity/projects/queer/database/title/what-remains-of-edith-finch,Playersexual,no_explicit_named_character_pattern
Wheels of Aurelia,2016,https://representme.charity/projects/queer/database/title/wheels-of-aurelia,Lesbian; Bisexual / plurisexual,no_explicit_named_character_pattern
When Aster Falls,2018,https://representme.charity/projects/queer/database/title/when-aster-falls,Asexual / aromantic; Lesbian; Bisexual / plurisexual; Nonbinary / non-conforming,no_explicit_named_character_pattern
Where Ages Go,2015,https://representme.charity/projects/queer/database/title/where-ages-go,Nonbinary / non-conforming; Playersexual,no_explicit_named_character_pattern
Where Is My Mummy,2016,https://representme.charity/projects/queer/database/title/where-is-my-mummy,Other,no_explicit_named_character_pattern
Where We Lay Our Scene,2016,https://representme.charity/projects/queer/database/title/where-we-lay-our-scene,Playersexual; Asexual / aromantic; Trans woman,no_explicit_named_character_pattern
Who Am I?,2016,https://representme.charity/projects/queer/database/title/who-am-i,Other,no_explicit_named_character_pattern
Who Am I?,2016,https://representme.charity/projects/queer/database/title/who-am-i-1,Other,no_explicit_named_character_pattern
Who Knows (Where They're Going),2017,https://representme.charity/projects/queer/database/title/who-knows-where-they-re-going-,Asexual / aromantic; Lesbian,no_explicit_named_character_pattern
Who We Are Now,2018,https://representme.charity/projects/queer/database/title/who-we-are-now,Gay; Bisexual / plurisexual; Nonbinary / non-conforming,no_explicit_named_character_pattern
Why is this Dragon So Fucking Cute,2017,https://representme.charity/projects/queer/database/title/why-is-this-dragon-so-fucking-cute,Lesbian; Trans woman,no_explicit_named_character_pattern
Wiggling Inertia,2018,https://representme.charity/projects/queer/database/title/wiggling-inertia,Asexual / aromantic,no_explicit_named_character_pattern
Wild Arms 2,1999,https://representme.charity/projects/queer/database/title/wild-arms-2,Gay,no_explicit_named_character_pattern
Wild Season,2015,https://representme.charity/projects/queer/database/title/wild-season,Playersexual,no_explicit_named_character_pattern
Winds of Change,2018,https://representme.charity/projects/queer/database/title/winds-of-change,Playersexual,no_explicit_named_character_pattern
Winter Voices,2010,https://representme.charity/projects/queer/database/title/winter-voices,Lesbian,no_explicit_named_character_pattern
Wishing Seed,2015,https://representme.charity/projects/queer/database/title/wishing-seed,Lesbian,no_explicit_named_character_pattern
Witches of St. Sayuri,2016,https://representme.charity/projects/queer/database/title/witches-of-st-sayuri,Other,no_explicit_named_character_pattern
Witchwood Academy,2016,https://representme.charity/projects/queer/database/title/witchwood-academy,Lesbian,no_explicit_named_character_pattern
With Those We Love Alive,2014,https://representme.charity/projects/queer/database/title/with-those-we-love-alive,Trans woman,no_explicit_named_character_pattern
Without a Voice,2016,https://representme.charity/projects/queer/database/title/without-a-voice,Lesbian,no_explicit_named_character_pattern
Wizlets,Not yet released,https://representme.charity/projects/queer/database/title/wizlets,Nonbinary / non-conforming; Non-binary / non-conforming,no_explicit_named_character_pattern
Wolf hunters,2017,https://representme.charity/projects/queer/database/title/wolf-hunters,Lesbian,no_explicit_named_character_pattern
Wolfenstein: The Old Blood,2015,https://representme.charity/projects/queer/database/title/wolfenstein-the-old-blood,Lesbian,no_explicit_named_character_pattern
Wolfgirls in Love,2015,https://representme.charity/projects/queer/database/title/wolfgirls-in-love,Lesbian,no_explicit_named_character_pattern
Wonderful Everyday Down the Rabbit-Hole,2017,https://representme.charity/projects/queer/database/title/wonderful-everyday-down-the-rabbit-hole,Lesbian,no_explicit_named_character_pattern
World Heroes,1992,https://representme.charity/projects/queer/database/title/world-heroes,Gay,no_explicit_named_character_pattern
World of Warcraft,2004,https://representme.charity/projects/queer/database/title/world-of-warcraft,Gay; Lesbian; Bisexual / plurisexual; Trans man,no_explicit_named_character_pattern
World Slayer,Not yet released,https://representme.charity/projects/queer/database/title/world-slayer,Playersexual,no_explicit_named_character_pattern
World’s Dawn,2016,https://representme.charity/projects/queer/database/title/worlds-dawn,Playersexual; Bisexual / plurisexual; Gay; Lesbian,no_explicit_named_character_pattern
Worlds Without You,2016,https://representme.charity/projects/queer/database/title/worlds-without-you,Gay; Nonbinary / non-conforming; Asexual / aromantic; Bisexual / plurisexual; Trans man; Trans woman,no_explicit_named_character_pattern
Worst Dating Sim,2018,https://representme.charity/projects/queer/database/title/worst-dating-sim,Gay,no_explicit_named_character_pattern
Wrestling with Emotions,2016,https://representme.charity/projects/queer/database/title/wrestling-with-emotions,Gay,no_explicit_named_character_pattern
Written in the Sky,2015,https://representme.charity/projects/queer/database/title/written-in-the-sky,Lesbian,no_explicit_named_character_pattern
WWE 2K14,2013,https://representme.charity/projects/queer/database/title/wwe-2k14,Gay,no_explicit_named_character_pattern
XCOM: Enemy Unknown,2012,https://representme.charity/projects/queer/database/title/xcom,Gay,no_explicit_named_character_pattern
Xenopathy,2018,https://representme.charity/projects/queer/database/title/xenopathy,Gay; Nonbinary / non-conforming,no_explicit_named_character_pattern
Yandere Simulator,Not yet released,https://representme.charity/projects/queer/database/title/yandere-simulator,Lesbian,no_explicit_named_character_pattern
Yaoi Fetch-Quest,2017,https://representme.charity/projects/queer/database/title/yaoi-fetch-quest,Gay,no_explicit_named_character_pattern
Yarrow Valley,2018,https://representme.charity/projects/queer/database/title/yarrow-valley,Gay,no_explicit_named_character_pattern
Yearning: A Gay Story,2019,https://representme.charity/projects/queer/database/title/yearning,Gay; Bisexual / plurisexual; Lesbian; Polyamory,no_explicit_named_character_pattern
"Yes, Your Grace",2020,https://representme.charity/projects/queer/database/title/yes-your-grace,Lesbian,no_explicit_named_character_pattern
Yonder: The Cloud Catcher Chronicles,2017,https://representme.charity/projects/queer/database/title/yonder,Nonbinary / non-conforming,no_explicit_named_character_pattern
You Must Be 18 or Older to Enter,2016,https://representme.charity/projects/queer/database/title/you-must-be-18,Other,no_explicit_named_character_pattern
You're my garbage,2018,https://representme.charity/projects/queer/database/title/you-re-my-garbage,Lesbian,no_explicit_named_character_pattern
Your Dry Delight,2018,https://representme.charity/projects/queer/database/title/your-dry-delight,Gay,no_explicit_named_character_pattern
Your Gay Monster Family,2015,https://representme.charity/projects/queer/database/title/your-gay-monster-family,Lesbian; Trans woman; Trans man,no_explicit_named_character_pattern
Your Royal Gayness,2018,https://representme.charity/projects/queer/database/title/your-royal-gayness,Gay,no_explicit_named_character_pattern
Youtubers Life,2016,https://representme.charity/projects/queer/database/title/youtubers-life,Playersexual,no_explicit_named_character_pattern
Yuki's Tale,2019,https://representme.charity/projects/queer/database/title/yuki-s-tale,Cross-dressing; Gay,no_explicit_named_character_pattern
Yuri Cafe,2019,https://representme.charity/projects/queer/database/title/yuri-cafe,Lesbian,no_explicit_named_character_pattern
Yuri Fidget Spinners,2017,https://representme.charity/projects/queer/database/title/yuri-fidget-spinners,Lesbian,no_explicit_named_character_pattern
Yuri Tokai: Takiyashi Hime,2018,https://representme.charity/projects/queer/database/title/yuri-tokai-takiyashi-hime,Lesbian,no_explicit_named_character_pattern
Zeno Clash,2009,https://representme.charity/projects/queer/database/title/zeno-clash,Nonbinary / non-conforming,no_explicit_named_character_pattern
Zoe Kabloe and the Quest for Brunch,2018,https://representme.charity/projects/queer/database/title/zoe-kabloe-and-the-quest-for-brunch,Trans man; Trans woman,no_explicit_named_character_pattern
Zombies of Lesbos,2015,https://representme.charity/projects/queer/database/title/zombies-of-lesbos,Lesbian; Bisexual / plurisexual,no_explicit_named_character_pattern
"Zombies, Run!",2016,https://representme.charity/projects/queer/database/title/zombies-run,Bisexual / plurisexual; Gay; Lesbian,no_explicit_named_character_pattern
